ra_deg,dec_deg,mag,name,desig
101.28722,-16.71612,-1.44,Sirius,α CMa
95.98792,-52.69566,-0.62,Canopus,α Car
213.91545,19.18241,-0.05,Arcturus,α Boo
219.91147,-60.83398,-0.01,Rigil Kentaurus,α¹ Cen
279.23460,38.78369,0.03,Vega,α Lyr
79.17225,45.99799,0.08,Capella,α Aur
78.63447,-8.20164,0.18,Rigel,β Ori
114.82550,5.22499,0.40,Procyon,α CMi
24.42834,-57.23676,0.45,Achernar,α Eri
88.79293,7.40706,0.45,Betelgeuse,α Ori
210.95594,-60.37304,0.61,Hadar,β Cen
297.69582,8.86832,0.76,Altair,α Aql
186.64966,-63.09909,0.77,Acrux,α¹ Cru
68.98016,16.50930,0.87,Aldebaran,α Tau
201.29825,-11.16132,0.98,Spica,α Vir
247.35192,-26.43200,1.06,Antares,α Sco
116.32916,28.02620,1.16,Pollux,β Gem
344.41257,-29.62224,1.17,Fomalhaut,α PsA
191.93039,-59.68876,1.25,Mimosa,β Cru
310.35798,45.28034,1.25,Deneb,α Cyg
219.90519,-60.83830,1.35,Toliman,α² Cen
152.09298,11.96721,1.36,Regulus,α Leo
104.65645,-28.97208,1.50,Adhara,ε CMa
113.64951,31.88828,1.58,Castor,α Gem
187.79144,-57.11321,1.59,Gacrux,γ Cru
263.40217,-37.10382,1.62,Shaula,λ Sco
81.28276,6.34970,1.64,Bellatrix,γ Ori
81.57297,28.60745,1.65,Elnath,β Tau
138.30061,-69.71721,1.67,Miaplacidus,β Car
84.05338,-1.20192,1.69,Alnilam,ε Ori
332.05813,-46.96097,1.73,Alnair,α Gru
85.18970,-1.94257,1.74,Alnitak,ζ Ori
122.38314,-47.33659,1.75,γ² Vel,
193.50708,55.95982,1.76,Alioth,ε UMa
51.08067,49.86118,1.79,Mirfak,α Per
276.04302,-34.38462,1.79,Kaus Australis,ε Sgr
165.93233,61.75103,1.81,Dubhe,α UMa
107.09785,-26.39320,1.83,Wezen,δ CMa
206.88531,49.31327,1.85,Alkaid,η UMa
125.62854,-59.50948,1.86,Avior,ε Car
264.32970,-42.99782,1.86,Sargas,θ Sco
89.88224,44.94743,1.90,Menkalinan,β Aur
252.16616,-69.02772,1.91,Atria,α TrA
99.42792,16.39925,1.93,Alhena,γ Gem
131.17588,-54.70882,1.93,Alsephina,δ Vel
306.41188,-56.73509,1.94,Peacock,α Pav
37.94625,89.26411,1.97,Polaris,α UMi
95.67494,-17.95592,1.98,Mirzam,β CMa
141.89685,-8.65860,1.99,Alphard,α Hya
31.79333,23.46242,2.01,Hamal,α Ari
154.99309,19.84149,2.01,Algieba,γ¹ Leo
10.89735,-17.98661,2.04,Diphda,β Cet
283.81635,-26.29672,2.05,Nunki,σ Sgr
211.67093,-36.36995,2.06,Menkent,θ Cen
2.09687,29.09043,2.07,Alpheratz,α And
17.43291,35.62056,2.07,Mirach,β And
86.93912,-9.66961,2.07,Saiph,κ Ori
222.67658,74.15551,2.07,Kochab,β UMi
340.66672,-46.88458,2.07,Tiaki,β Gru
263.73361,12.56003,2.08,Rasalhague,α Oph
47.04222,40.95565,2.09,Algol,β Per
30.97476,42.32973,2.10,Almach,γ¹ And
177.26494,14.57206,2.14,Denebola,β Leo
14.17714,60.71674,2.15,Cih,γ Cas
190.37957,-48.95989,2.20,γ Cen,
120.89606,-40.00315,2.21,Naos,ζ Pup
139.27257,-59.27523,2.21,Aspidiske,ι Car
233.67192,26.71469,2.22,Alphecca,α CrB
136.99902,-43.43259,2.23,Suhail,λ Vel
200.98120,54.92536,2.23,Mizar,ζ UMa
305.55710,40.25668,2.23,Sadr,γ Cyg
10.12674,56.53733,2.24,Schedar,α Cas
269.15155,51.48889,2.24,Eltanin,γ Dra
83.00168,-0.29909,2.25,Mintaka,δ Ori
2.29331,59.14978,2.28,Caph,β Cas
204.97194,-53.46639,2.29,ε Cen,
240.08335,-22.62171,2.29,Dschubba,δ Sco
252.54120,-34.29323,2.29,Larawag,ε Sco
220.48235,-47.38820,2.30,α Lup,
218.87679,-42.15782,2.33,η Cen,
165.46016,56.38243,2.34,Merak,β UMa
221.24676,27.07422,2.35,Izar,ε Boo
326.04650,9.87501,2.38,Enif,ε Peg
265.62198,-39.02998,2.39,κ Sco,
6.57084,-42.30598,2.40,Ankaa,α Phe
178.45752,53.69476,2.41,Phecda,γ UMa
257.59452,-15.72491,2.43,Sabik,η Oph
345.94351,28.08279,2.44,Scheat,β Peg
111.02376,-29.30310,2.45,Aludra,η CMa
319.64445,62.58557,2.45,Alderamin,α Cep
140.52843,-55.01067,2.47,Markeb,κ Vel
311.55267,33.97026,2.48,Aljanah,ε Cyg
346.19022,15.20526,2.49,Markab,α Peg
45.56988,4.08973,2.54,Menkar,α Cet
249.28974,-10.56709,2.54,ζ Oph,13 Oph
208.88501,-47.28838,2.55,ζ Cen,
168.52707,20.52372,2.56,Zosma,δ Leo
241.35930,-19.80545,2.56,Acrab,β¹ Sco
83.18256,-17.82229,2.58,Arneb,α Lep
182.08965,-50.72243,2.58,δ Cen,
183.95155,-17.54193,2.58,Gienah,γ Crv
285.65298,-29.88011,2.60,Ascella,ζ Sgr
229.25173,-9.38292,2.61,Zubeneschamali,β Lib
236.06697,6.42563,2.63,Unukalhai,α Ser
28.66002,20.80804,2.64,Sheratan,β Ari
84.91226,-34.07411,2.65,Phact,α Col
89.93027,37.21258,2.65,Mahasim,θ Aur
188.59681,-23.39676,2.65,Kraz,β Crv
21.45324,60.23528,2.66,Ruchbah,δ Cas
208.67117,18.39772,2.68,Muphrid,η Boo
224.63305,-43.13396,2.68,β Lup,
74.24841,33.16609,2.69,Hassaleh,ι Aur
161.69232,-49.42025,2.69,μ Vel,
189.29608,-69.13556,2.69,α Mus,
262.69098,-37.29581,2.70,Lesath,υ Sco
109.28566,-37.09747,2.71,π Pup,
275.24850,-29.82810,2.72,Kaus Media,δ Sgr
296.56491,10.61326,2.72,Tarazed,γ Aql
243.58641,-3.69432,2.73,Yed Prior,δ Oph
245.99790,61.51421,2.73,Athebyne,η Dra
160.73924,-64.39445,2.74,θ Car,
190.41518,-1.44938,2.74,Porrima,γ Vir
83.85826,-5.90990,2.75,Hatysa,ι Ori
200.14944,-36.71229,2.75,ι Cen,
222.71965,-16.04178,2.75,Zubenelgenubi,α² Lib
265.86815,4.56730,2.76,Cebalrai,β Oph
76.96243,-5.08645,2.78,Cursa,β Eri
247.55502,21.48961,2.78,Kornephoros,β Her
258.66190,14.39033,2.78,Rasalgethi,α¹ Her
183.78641,-58.74893,2.79,Imai,δ Cru
262.60820,52.30139,2.79,Rastaban,β Dra
233.78521,-41.16676,2.80,γ Lup,
82.06134,-20.75944,2.81,Nihal,β Lep
250.32170,31.60273,2.81,ζ Her,40 Her
6.41874,-77.25425,2.82,β Hyi,
248.97065,-28.21602,2.82,Paikauhale,τ Sco
276.99268,-25.42170,2.82,Kaus Borealis,λ Sgr
3.30897,15.18360,2.83,Algenib,γ Peg
121.88606,-24.30432,2.83,Tureis,ρ Pup
238.78625,-63.43073,2.83,β TrA,
58.53300,31.88364,2.84,ζ Per,44 Per
261.32497,-55.52988,2.84,β Ara,
262.96043,-49.87615,2.84,α Ara,
56.87115,24.10514,2.85,Alcyone,η Tau
195.54417,10.95915,2.85,Vindemiatrix,ε Vir
326.76016,-16.12729,2.85,Deneb Algedi,δ Cap
113.65241,31.89052,2.85,Castor B,α Gem
29.69177,-61.56986,2.86,α Hyi,
296.24361,45.13081,2.86,Fawaris,δ Cyg
95.74009,22.51359,2.87,Tejat,μ Gem
229.72772,-68.67955,2.87,γ TrA,
334.62556,-60.25959,2.87,α Tuc,
44.56535,-40.30467,2.88,Acamar,θ¹ Eri
287.44097,-21.02361,2.88,Albaldah,π Sgr
111.78768,8.28932,2.89,Gomeisa,β CMi
194.00710,38.31838,2.89,Cor Caroli,α² CVn
239.71298,-26.11410,2.89,Fang,π Sco
59.46345,40.01022,2.90,ε Per,45 Per
245.29715,-25.59280,2.90,Alniyat,σ Sco
322.88973,-5.57117,2.90,Sadalsuud,β Aqr
46.19913,53.50644,2.91,γ Per,23 Per
146.77554,-65.07201,2.92,υ Car,
340.75056,30.22124,2.93,Matar,η Peg
102.48399,-50.61456,2.94,τ Pup,
187.46608,-16.51543,2.94,Algorab,δ Crv
331.44599,-0.31985,2.95,Sadalmelik,α Aqr
59.50735,-13.50851,2.97,Zaurak,γ Eri
84.41119,21.14255,2.97,Tianguan,ζ Tau
146.46282,23.77426,2.97,Ras Elased Australis,ε Leo
271.45204,-30.42409,2.98,Alnasl,γ² Sgr
199.73039,-23.17151,2.99,γ Hya,46 Hya
266.89617,-40.12700,2.99,ι¹ Sco,
286.35253,13.86348,2.99,Okab,ζ Aql
32.38587,34.98730,3.00,β Tri,4 Tri
167.41593,44.49849,3.00,ψ UMa,52 UMa
230.18224,71.83402,3.00,Pherkad,γ UMi
252.96764,-38.04738,3.00,Xamidimura,μ¹ Sco
328.48212,-37.36485,3.00,Aldhanab,γ Gru
55.73124,47.78755,3.01,δ Per,39 Per
95.07829,-30.06337,3.02,Furud,ζ CMa
105.75614,-23.83329,3.02,ο² CMa,24 CMa
182.53119,-22.61977,3.02,ε Crv,2 Crv
75.49223,43.82331,3.03,Almaaz,ε Aur
191.57019,-68.10812,3.04,β Mus,
218.01954,38.30825,3.04,Seginus,γ Boo
292.68034,27.95968,3.05,Albireo,β¹ Cyg
305.25280,-14.78137,3.05,Dabih,β Cap
100.98303,25.13112,3.06,Mebsuta,ε Gem
155.58232,41.49952,3.06,Tania Australis,μ UMa
288.13837,67.66154,3.07,Altais,δ Dra
274.40690,-36.76169,3.10,η Sgr,
133.84845,5.94556,3.11,ζ Hya,16 Hya
162.40618,-16.19365,3.11,ν Hya,
173.94545,-63.01984,3.11,λ Cen,
309.39174,-47.29150,3.11,α Ind,
87.73994,-35.76831,3.12,Wazn,β Col
134.80242,48.04183,3.12,Talitha,ι UMa
254.65509,-55.99014,3.12,ζ Ara,
258.75796,24.83920,3.12,Sarin,δ Her
224.79037,-42.10419,3.13,κ Cen,
140.26388,34.39256,3.14,α Lyn,40 Lyn
142.80557,-57.03438,3.16,HR 3803,
258.76182,36.80916,3.16,π Her,67 Her
99.44030,-43.19593,3.17,ν Pup,
143.21572,51.67730,3.17,θ UMa,25 UMa
257.19672,65.71468,3.17,Aldhibah,ζ Dra
281.41410,-26.99078,3.17,φ Sgr,27 Sgr
76.62870,41.23447,3.18,Haedus,η Aur
220.62738,-64.97514,3.18,α Cir,
72.46004,6.96128,3.19,Tabit,π³ Ori
76.36527,-22.37103,3.19,ε Lep,2 Lep
254.41708,9.37503,3.19,κ Oph,27 Oph
267.46447,-37.04330,3.19,Fuyue,
318.23410,30.22692,3.21,ζ Cyg,64 Cyg
354.83730,77.63228,3.21,Errai,γ Cep
230.34302,-40.64752,3.22,δ Lup,
244.58037,-4.69251,3.23,Yed Posterior,ε Oph
275.32751,-2.89882,3.23,η Ser,58 Ser
322.16493,70.56072,3.23,Alfirk,β Cep
102.04791,-61.94139,3.24,α Pic,
302.82619,-0.82146,3.24,θ Aql,65 Aql
112.30769,-43.30143,3.25,σ Pup,
211.59289,-26.68236,3.25,π Hya,49 Hya
226.01758,-25.28196,3.25,Brachium,σ Lib
284.73593,32.68956,3.25,Sulafat,γ Lyr
56.80942,-74.23896,3.26,γ Hyi,
9.83193,30.86102,3.27,δ And,31 And
260.50241,-24.99955,3.27,θ Oph,42 Oph
343.66255,-15.82082,3.27,Skat,δ Aqr
78.23292,-16.20547,3.29,μ Lep,5 Lep
153.43442,-70.03790,3.29,ω Car,
231.23241,58.96607,3.29,Edasich,ι Dra
68.49897,-55.04498,3.30,α Dor,
158.00615,-61.68533,3.30,HR 4140,
93.71941,22.50680,3.31,Propus,η Gem
261.34858,-56.37773,3.31,γ Ara,
16.52110,-46.71841,3.32,β Phe,
46.29405,38.84027,3.32,ρ Per,25 Per
183.85629,57.03262,3.32,Megrez,δ UMa
258.03828,-43.23919,3.32,η Sco,
269.75663,-9.77363,3.32,ν Oph,64 Oph
286.73505,-27.67042,3.32,τ Sgr,40 Sgr
63.60606,-62.47386,3.33,α Ret,
168.56002,15.42957,3.33,Chertan,θ Leo
117.32356,-24.85979,3.34,Azmidi,ξ Pup
28.59876,63.67010,3.35,Segin,ε Cas
81.11924,-2.39715,3.35,η Ori,28 Ori
101.32236,12.89559,3.35,Alzirr,ξ Gem
127.56647,60.71817,3.35,Muscida,ο UMa
291.37458,3.11477,3.36,δ Aql,30 Aql
230.67032,-44.68962,3.37,ε Lup,
131.69380,6.41881,3.38,Ashlesha,ε Hya
203.67330,-0.59582,3.38,Heze,ζ Vir
83.78449,9.93416,3.39,Meissa,λ Ori
154.27080,-61.33230,3.39,HR 4050,
193.90087,3.39747,3.39,Minelauva,δ Vir
332.71362,58.20126,3.39,ζ Cep,21 Cep
67.16558,15.87088,3.40,Chamukuy,θ² Tau
22.09138,-43.31823,3.41,γ Phe,
60.17007,12.49035,3.41,λ Tau,35 Tau
207.37617,-41.68771,3.41,ν Cen,
228.07140,-52.09925,3.41,ζ Lup,
311.32216,61.83878,3.41,η Cep,3 Cep
340.36550,10.83136,3.41,Homam,ζ Peg
28.27044,29.57883,3.42,Mothallah,α Tri
240.03054,-38.39671,3.42,η Lup,
266.61478,27.72068,3.42,μ Her,86 Her
311.23971,-66.20321,3.42,β Pav,
137.74206,-58.96690,3.43,HR 3659,
154.17257,23.41731,3.43,Adhafera,ζ Leo
286.56225,-4.88255,3.43,λ Aql,16 Aql
154.27428,42.91436,3.45,Tania Borealis,λ UMa
12.27390,57.81519,3.46,Achird,η Cas
17.14746,-10.18226,3.46,η Cet,31 Cet
119.19469,-52.98236,3.46,χ Car,
228.87564,33.31483,3.46,δ Boo,49 Boo
40.82517,3.23582,3.47,Kaffaljidhma,γ Cet
207.40414,-42.47373,3.47,μ Cen,
151.83313,16.76266,3.48,η Leo,30 Leo
250.72399,38.92225,3.48,η Her,44 Her
26.01719,-15.93748,3.49,τ Cet,52 Cet
105.42978,-27.93483,3.49,Nganurganity,σ CMa
169.61974,33.09431,3.49,Alula Borealis,ν UMa
225.48654,40.39057,3.49,Nekkar,β Boo
276.74341,-45.96846,3.49,α Tel,
342.13859,-51.31686,3.49,ε Gru,
102.46025,-32.50848,3.50,κ CMa,13 CMa
110.03074,21.98232,3.50,Wasat,δ Gem
342.42030,66.20041,3.50,ι Cep,32 Cep
299.68928,19.49215,3.51,γ Sge,12 Sge
342.50077,24.60158,3.51,Sadalbari,μ Peg
55.81209,-9.76339,3.52,Rana,δ Eri
145.28764,9.89231,3.52,Subra,ο Leo
149.21562,-54.56779,3.52,φ Vel,
282.51998,33.36267,3.52,Sheliak,β Lyr
284.43250,-21.10665,3.52,ξ² Sgr,37 Sgr
332.54994,6.19787,3.52,Biham,θ Peg
190.41257,-1.44924,3.52,γ Vir,29 Vir
67.15414,19.18043,3.53,Ain,ε Tau
124.12884,9.18554,3.53,Tarf,β Cnc
173.25057,-31.85762,3.54,ξ Hya,
237.40503,-3.43021,3.54,μ Ser,32 Ser
264.39668,-15.39856,3.54,ξ Ser,55 Ser
64.47356,-33.79835,3.55,υ⁴ Eri,41 Eri
86.73892,-14.82195,3.55,ζ Lep,14 Lep
214.85094,-46.05809,3.55,ι Lup,
275.26104,72.73284,3.55,χ Dra,44 Dra
302.17736,-66.18207,3.55,δ Pav,
4.85698,-8.82392,3.56,ι Cet,8 Cet
34.12731,-51.51217,3.56,φ Eri,
169.83521,-14.77854,3.56,δ Crt,12 Crt
253.08394,-38.01754,3.56,Pipirima,μ² Sco
116.11190,24.39799,3.57,κ Gem,77 Gem
135.90641,47.15653,3.57,Alkaphrah,κ UMa
217.95750,30.37144,3.57,ρ Boo,25 Boo
230.45160,-36.26138,3.57,φ¹ Lup,
109.52325,16.54038,3.58,λ Gem,54 Gem
304.51356,-12.54485,3.58,Algedi,α² Cap
24.49808,48.62821,3.59,Nembus,51 And
79.40163,-6.84441,3.59,τ Ori,20 Ori
86.11585,-22.44838,3.59,γ Lep,13 Lep
177.67383,1.76472,3.59,Zavijava,β Vir
185.34046,-60.40115,3.59,Ginan,ε Cru
21.00585,-8.18326,3.60,θ Cet,45 Cet
103.19724,33.96125,3.60,θ Gem,34 Gem
130.07331,-52.92189,3.60,ο Vel,
142.67511,-40.46677,3.60,ψ Vel,
234.25605,-28.13508,3.60,υ Lib,39 Lib
262.77477,-60.68385,3.60,δ Ara,
42.49594,27.26051,3.61,Bharani,41 Ari
51.20331,9.02887,3.61,ο Tau,1 Tau
152.64701,-12.35408,3.61,λ Hya,41 Hya
195.56638,-71.54886,3.61,δ Mus,
266.43331,-64.72387,3.61,η Pav,
22.87088,15.34582,3.62,Alpherg,η Psc
57.29060,24.05342,3.62,Atlas,27 Tau
116.31373,-37.96858,3.62,HR 3017,
253.64597,-42.36131,3.62,ζ² Sco,
345.48025,42.32598,3.62,ο And,1 And
176.40212,-66.72876,3.63,λ Mus,
309.38724,14.59509,3.64,Rotanev,β Del
64.94834,15.62764,3.65,Prima Hyadum,γ Tau
142.88180,63.06186,3.65,23 UMa,
236.54690,15.42183,3.65,β Ser,28 Ser
271.65780,-50.09148,3.65,θ Ara,
337.20797,-0.01997,3.65,ζ¹ Aqr,55 Aqr
231.95727,29.10570,3.66,Nusakan,β CrB
234.66405,-29.77775,3.66,τ Lib,40 Lib
211.09748,64.37585,3.67,Thuban,α Dra
313.70247,-58.45416,3.67,β Ind,
72.80151,5.60510,3.68,π⁴ Ori,3 Ori
130.89809,-33.18639,3.68,α Pyx,
296.84692,18.53429,3.68,δ Sge,7 Sge
347.36165,-21.17241,3.68,88 Aqr,
9.24282,53.89691,3.69,Fulu,ζ Cas
28.98846,-51.60890,3.69,χ Eri,
75.61951,41.07584,3.69,Saclateni,ζ Aur
146.31176,-62.50790,3.69,HR 3884,
176.51272,47.77941,3.69,Taiyangshou,χ UMa
325.02272,-16.66231,3.69,Nashira,γ Cap
49.87917,-21.75786,3.70,τ⁴ Eri,16 Eri
269.44116,29.24788,3.70,ξ Her,92 Her
349.29141,3.28229,3.70,γ Psc,6 Psc
73.56289,2.44067,3.71,π⁵ Ori,8 Ori
89.10123,-14.16770,3.71,η Lep,16 Lep
118.05432,-40.57579,3.71,HR 3080,
237.70403,4.47773,3.71,ε Ser,37 Ser
271.83744,9.56385,3.71,72 Oph,
298.82831,6.40676,3.71,Alshain,β Aql
53.23272,-9.45826,3.72,Ran,ε Eri
56.21890,24.11334,3.72,Electra,17 Tau
89.88167,54.28466,3.72,δ Aur,33 Aur
316.23276,43.92785,3.72,ξ Cyg,62 Cyg
51.79230,9.73268,3.73,ξ Tau,2 Tau
221.56218,1.89288,3.73,109 Vir,
268.38201,56.87264,3.73,Grumium,ξ Dra
325.36879,-77.39005,3.73,ν Oct,
343.15365,-7.57960,3.73,λ Aqr,73 Aqr
27.86514,-10.33504,3.74,Baten Kaitos,ζ Cet
245.48007,19.15313,3.74,γ Her,20 Her
318.69776,38.04532,3.74,τ Cyg,65 Cyg
136.03872,-47.09774,3.75,HR 3614,
266.97316,2.70728,3.75,γ Oph,62 Oph
83.40631,-62.48983,3.76,β Dor,
87.83035,-20.87909,3.76,δ Lep,15 Lep
97.20445,-7.03306,3.76,β Mon,11 Mon
286.17075,-21.74150,3.76,ο Sgr,39 Sgr
292.42647,51.72978,3.76,ι² Cyg,10 Cyg
337.82272,50.28249,3.76,α Lac,7 Lac
42.67417,55.89550,3.77,Miram,η Per
56.29848,42.57855,3.77,ν Per,41 Per
65.73370,17.54251,3.77,Secunda Hyadum,δ¹ Tau
84.68653,-2.60007,3.77,σ Ori,48 Ori
126.43426,-66.13689,3.77,β Vol,
130.15655,-46.64874,3.77,HR 3445,
252.44640,-59.04138,3.77,η Ara,
309.90952,15.91207,3.77,Sualocin,α Del
321.66678,-22.41133,3.77,ζ Cap,34 Cap
331.75270,25.34511,3.77,ι Peg,24 Peg
107.18682,-70.49893,3.78,γ² Vol,
111.43168,27.79808,3.78,ι Gem,60 Gem
147.74801,59.03874,3.78,υ UMa,29 UMa
163.37339,-58.85317,3.78,HR 4257,
220.28730,13.72830,3.78,ζ Boo,30 Boo
311.91897,-9.49578,3.78,Albali,ε Aqr
47.37387,44.85754,3.79,Misam,κ Per
163.32789,34.21487,3.79,Praecipua,46 LMi
48.01873,-28.98762,3.80,Dalim,α For
114.70779,-26.80384,3.80,HR 2948,
233.70061,10.53887,3.80,δ Ser,13 Ser
289.27560,53.36846,3.80,κ Cyg,1 Cyg
303.40794,46.74133,3.80,31 Cyg,
68.88768,-30.56234,3.81,Theemin,υ² Eri
156.96973,-58.73940,3.81,HR 4114,
235.68572,26.29564,3.81,γ CrB,8 CrB
354.39084,46.45815,3.81,λ And,16 And
30.51176,2.76376,3.82,Alrescha,α Psc
139.71104,36.80260,3.82,38 Lyn,
172.85111,69.33108,3.82,Giausar,λ Dra
247.72844,1.98392,3.82,Marfik,λ Oph
264.86621,46.00633,3.82,ι Her,85 Her
156.52263,-16.83629,3.83,μ Hya,42 Hya
209.56779,-42.10075,3.83,φ Cen,
221.96552,-79.04475,3.83,α Aps,
56.04890,-64.80690,3.84,β Ret,
56.07972,32.28825,3.84,Atik,ο Per
67.14372,15.96218,3.84,θ¹ Tau,77 Tau
133.76185,-60.64461,3.84,HR 3571,
158.20280,9.30659,3.84,ρ Leo,47 Leo
159.32576,-48.22562,3.84,HR 4167,
188.11701,-72.13299,3.84,γ Mus,
271.88562,28.76249,3.84,ο Her,103 Her
273.44088,-21.05883,3.84,Polis,μ Sgr
297.04275,70.26793,3.84,ε Dra,63 Dra
63.50044,-42.29437,3.85,α Hor,
86.82118,-51.06651,3.85,β Pic,
95.52846,-33.43640,3.85,δ Col,
153.68410,-42.12194,3.85,HR 4023,
188.37087,69.78824,3.85,κ Dra,5 Dra
189.42591,-48.54130,3.85,τ Cen,
239.11323,15.66162,3.85,γ Ser,41 Ser
275.92451,21.76975,3.85,109 Her,
278.80177,-8.24407,3.85,α Sct,
14.18827,38.49934,3.86,μ And,37 And
69.54510,-14.30402,3.86,Sceptrum,53 Eri
82.80314,-35.47052,3.86,ε Col,
243.85946,-63.68568,3.86,δ TrA,
248.36413,-78.89715,3.86,γ Aps,
269.06325,37.25054,3.86,θ Her,91 Her
335.41407,-1.38733,3.86,Sadachbia,γ Aqr
56.45669,24.36775,3.87,Maia,20 Tau
131.50686,-46.04153,3.87,HR 3487,
209.66980,-44.80358,3.87,υ¹ Cen,
220.76510,-5.65821,3.87,μ Vir,107 Vir
239.22115,-29.21407,3.87,Iklil,ρ Sco
298.11820,1.00566,3.87,η Aql,55 Aql
2.35254,-45.74743,3.88,ε Phe,
28.38255,19.29385,3.88,Mesarthim,γ² Ari
148.19097,26.00695,3.88,Rasalas,μ Leo
227.98377,-48.73782,3.88,κ¹ Lup,
347.58960,-45.24671,3.88,ι Gru,
44.10687,-8.89814,3.89,Azha,η Eri
103.53314,-24.18421,3.89,ο¹ CMa,16 CMa
138.59107,2.31428,3.89,θ Hya,22 Hya
184.97649,-0.66680,3.89,Zaniah,η Vir
299.07657,35.08342,3.89,η Cyg,21 Cyg
144.96401,-1.14281,3.90,Ukdah,ι Hya
170.25175,-54.49102,3.90,π Cen,
202.76108,-39.40731,3.90,HR 5089,
60.78909,5.98930,3.91,ν Tau,38 Tau
126.41514,-3.90642,3.91,HR 3314,
187.00996,-50.23063,3.91,σ Cen,
226.27954,-47.05125,3.91,π Lup,
233.88157,-14.78954,3.91,Zubenelhakrabi,γ Lib
244.93517,46.31337,3.91,τ Her,22 Her
255.07240,30.92640,3.92,ε Her,58 Her
290.41816,-17.84720,3.92,ρ¹ Sgr,44 Sgr
318.95596,5.24784,3.92,Kitalpha,α Equ
6.55074,-43.67983,3.93,κ Phe,
22.81276,-49.07270,3.93,δ Phe,
43.56442,52.76248,3.93,τ Per,18 Per
69.07976,-3.35246,3.93,ν Eri,48 Eri
115.45506,-72.60610,3.93,ζ Vol,
167.14747,-58.97504,3.93,HR 4337,
241.70178,-20.66919,3.93,ω¹ Sco,9 Sco
270.16131,2.93157,3.93,67 Oph,
17.09613,-55.24576,3.94,Wurren,ζ Phe
115.31181,-9.55113,3.94,α Mon,26 Mon
115.95195,-28.95483,3.94,3 Pup,
131.17125,18.15431,3.94,Asellus Australis,δ Cnc
314.29339,41.16714,3.94,ν Cyg,58 Cyg
30.85902,72.42129,3.95,50 Cas,
99.17098,-19.25588,3.95,ν² CMa,7 CMa
200.98494,54.92047,3.95,ζ UMa,79 UMa
62.16536,47.71251,3.96,48 Per,
89.78667,-42.81513,3.96,η Col,
135.16028,41.78291,3.96,HR 3579,
137.81977,-62.31698,3.96,HR 3663,
290.65955,-44.45896,3.96,Arkab Prior,β¹ Sgr
290.97154,-40.61594,3.96,Rukbat,α Sgr
303.86801,47.71421,3.96,32 Cyg,
350.74263,-20.10058,3.96,98 Aqr,
66.00920,-34.01685,3.97,Beemim,43 Eri
87.87249,39.14848,3.97,ν Aur,32 Aur
109.20762,-67.95715,3.97,δ Vol,
130.02560,-35.30835,3.97,β Pyx,
182.91303,-52.36846,3.97,ρ Cen,
237.73974,-33.62716,3.97,χ Lup,5 Lup
300.14767,-72.91050,3.97,ε Pav,
337.31738,-43.49556,3.97,δ¹ Gru,
341.63281,23.56565,3.97,λ Peg,47 Peg
59.74125,35.79103,3.98,Menkib,ξ Per
323.49525,45.59184,3.98,ρ Cyg,73 Cyg
30.00126,-21.07783,3.99,υ Cet,59 Cet
93.71388,-6.27478,3.99,γ Mon,5 Mon
156.09888,-74.03161,3.99,HR 4102,
201.30620,54.98796,3.99,Alcor,80 UMa
349.35747,-58.23573,3.99,γ Tuc,
135.61166,-66.39608,4.00,α Vol,
170.98104,10.52951,4.00,ι Leo,78 Leo
242.99889,-19.46071,4.00,Jabbah,ν Sco
25.91512,50.68873,4.01,φ Per,
71.37562,-3.25466,4.01,μ Eri,57 Eri
106.02721,20.57030,4.01,Mekbuda,ζ Gem
108.70274,-26.77267,4.01,ω CMa,28 CMa
220.48998,-37.79350,4.01,HR 5471,
240.47298,58.56525,4.01,θ Dra,13 Dra
244.96031,-50.15551,4.01,γ² Nor,
280.75890,-71.42811,4.01,ζ Pav,
307.34889,30.36856,4.01,41 Cyg,
132.63306,-27.70984,4.02,γ Pyx,
182.10337,-24.72887,4.02,Alchiba,α Crv
284.90566,15.06830,4.02,ε Aql,13 Aql
285.42012,-5.73911,4.02,12 Aql,
34.32859,33.84719,4.03,γ Tri,9 Tri
75.85455,60.44224,4.03,β Cam,10 Cam
131.67426,28.75990,4.03,ι Cnc,48 Cnc
193.64850,-57.17792,4.03,μ¹ Cru,
271.36370,2.50010,4.03,70 Oph,
308.30320,11.30326,4.03,Aldulfin,ε Del
359.82788,6.86332,4.03,ω Psc,28 Psc
62.96641,-6.83758,4.04,Beid,ο¹ Eri
176.46483,6.52938,4.04,ν Vir,3 Vir
216.29951,51.85074,4.04,θ Boo,23 Boo
338.83908,-0.11750,4.04,η Aqr,62 Aqr
47.26508,49.61328,4.05,ι Per,
124.63054,-76.91972,4.05,α Cha,
131.09981,-42.64928,4.05,HR 3477,
170.28414,6.02932,4.05,σ Leo,77 Leo
207.36935,15.79791,4.05,υ Boo,5 Boo
215.13934,-37.88529,4.05,ψ Cen,
219.47181,-49.42583,4.05,ρ Lup,
342.39792,-13.59263,4.05,τ² Aqr,71 Aqr
74.09282,13.51447,4.06,ο² Ori,9 Ori
113.98062,26.89574,4.06,υ Gem,69 Gem
171.22053,-17.68401,4.06,γ Crt,15 Crt
184.39375,-67.96074,4.06,ε Mus,
184.60947,-64.00307,4.06,ζ Cru,
220.91436,-35.17365,4.06,HR 5485,
254.89603,-53.16044,4.06,ε¹ Ara,
214.00362,-6.00055,4.07,Syrma,ι Vir
227.21091,-45.27986,4.07,λ Lup,
229.37875,-58.80121,4.07,β Cir,
337.29275,58.41520,4.07,δ Cep,27 Cep
11.83472,24.26718,4.08,ζ And,34 And
35.43747,-68.65942,4.08,δ Hyi,
39.87066,0.32851,4.08,δ Cet,82 Cet
45.59795,-23.62447,4.08,τ³ Eri,11 Eri
103.54751,-12.03863,4.08,θ CMa,14 CMa
143.61106,-59.22975,4.08,HR 3825,
164.94366,-18.29878,4.08,Alkes,α Crt
283.83373,43.94609,4.08,13 Lyr,
316.48677,-17.23286,4.08,θ Cap,23 Cap
320.52165,19.80451,4.08,1 Peg,
84.22662,9.29067,4.09,φ² Ori,40 Ori
237.18490,18.14156,4.09,Gudja,κ Ser
24.19948,41.40546,4.10,Titawin,υ And
41.04951,49.22845,4.10,θ Per,13 Per
117.30957,-46.37320,4.10,HR 3055,
277.20758,-49.07059,4.10,ζ Tel,
287.50731,-39.34080,4.10,β CrA,
40.16671,-39.85538,4.11,ι Eri,
105.93955,-15.63329,4.11,Muliphein,γ CMa
129.41099,-42.98908,4.11,HR 3426,
147.86955,-14.84660,4.11,Zhang,υ¹ Hya
158.86749,-78.60779,4.11,γ Cha,
176.62848,-61.17840,4.11,HR 4522,
234.18000,-66.31704,4.11,ε TrA,
287.36804,-37.90447,4.11,Meridiana,α CrA
345.22015,-52.75414,4.11,ζ Gru,
39.89699,-68.26695,4.12,ε Hyi,
63.72442,48.40933,4.12,μ Per,51 Per
90.59583,9.64728,4.12,μ Ori,61 Ori
181.30226,8.73298,4.12,ο Vir,9 Vir
298.81539,-41.86829,4.12,ι Sgr,
312.95538,-26.91913,4.12,ω Cap,18 Cap
337.43932,-43.74922,4.12,δ² Gru,
80.98678,-7.80807,4.13,29 Ori,
97.24079,20.21213,4.13,ν Gem,18 Gem
238.45639,-16.72929,4.13,θ Lib,46 Lib
311.52390,-25.27090,4.13,ψ Cap,16 Cap
341.51538,-81.38161,4.13,β Oct,
354.98766,5.62629,4.13,ι Psc,17 Psc
52.71823,12.93668,4.14,5 Tau,
56.58156,23.94836,4.14,Merope,23 Tau
129.41403,5.70378,4.14,δ Hya,4 Hya
181.72030,-64.61373,4.14,η Cru,
233.23243,31.35913,4.14,θ CrB,4 CrB
239.39691,26.87788,4.14,ε CrB,13 CrB
326.16138,25.64504,4.14,κ Peg,10 Peg
333.99240,37.74874,4.14,1 Lac,
107.96609,-0.49276,4.15,δ Mon,22 Mon
260.92062,37.14595,4.15,ρ Her,75 Her
355.10204,44.33393,4.15,κ And,19 And
91.03007,23.26334,4.16,1 Gem,
112.27792,31.78455,4.16,ρ Gem,62 Gem
261.59256,-24.17531,4.16,44 Oph,
8.24995,62.93178,4.17,κ Cas,15 Cas
57.36356,-36.20025,4.17,HR 1195,
334.20847,-7.78329,4.17,Ancha,θ Aqr
213.22393,-10.27370,4.18,Kang,κ Vir
214.09611,46.08830,4.18,Xuange,λ Boo
249.09363,-35.25533,4.18,HR 6166,
333.75816,57.04359,4.18,ε Cep,23 Cep
340.16391,-27.04362,4.18,ε PsA,18 PsA
207.36136,-34.45078,4.19,2 Cen,
281.41553,20.54631,4.19,110 Her,
82.69605,5.94814,4.20,32 Ori,
119.21475,-22.88012,4.20,11 Pup,
156.97090,36.70721,4.20,β LMi,31 LMi
248.52576,42.43704,4.20,σ Her,35 Her
341.67324,12.17289,4.20,ξ Peg,46 Peg
343.98708,-32.53963,4.20,δ PsA,23 PsA
52.26723,59.94033,4.21,HR 1035,
66.34233,22.29387,4.21,κ¹ Tau,65 Tau
251.49238,82.03726,4.21,ε UMi,22 UMi
307.39522,62.99410,4.21,θ Cep,2 Cep
321.61058,-65.36620,4.21,γ Pav,
42.64594,38.31864,4.22,16 Per,
56.71206,-23.24972,4.22,τ6 Eri,27 Eri
118.32567,-48.10293,4.22,HR 3090,
241.64811,-36.80229,4.22,θ Lup,
246.75599,-18.45625,4.22,χ Oph,7 Oph
275.18932,71.33781,4.22,φ Dra,43 Dra
281.79363,-4.74787,4.22,β Sct,
283.05432,-62.18759,4.22,λ Pav,
283.62618,36.89861,4.22,δ² Lyr,12 Lyr
311.41565,30.71972,4.22,52 Cyg,
319.35398,39.39468,4.22,σ Cyg,67 Cyg
348.58066,-6.04900,4.22,φ Aqr,90 Aqr
5.01213,-64.87479,4.23,ζ Tuc,
115.82800,28.88351,4.23,σ Gem,75 Gem
197.96856,27.87818,4.23,β Com,43 Com
206.42207,-33.04372,4.23,1 Cen,
210.41164,1.54453,4.23,τ Vir,93 Vir
242.19243,44.93491,4.23,φ Her,11 Her
250.77189,-77.51744,4.23,β Aps,
286.60457,-37.06344,4.23,γ CrA,
325.87691,58.78005,4.23,μ Cep,
326.69836,49.30957,4.23,π² Cyg,81 Cyg
17.18419,86.25709,4.24,HR 285,
36.74632,-47.70384,4.24,κ Eri,
41.03063,-13.85870,4.24,π Cet,89 Cet
184.58718,-79.31224,4.24,β Cha,
188.43617,41.35748,4.24,Chara,β CVn
247.84555,-34.70437,4.24,HR 6143,
265.35364,-12.87531,4.24,ο Ser,56 Ser
348.97289,-9.08774,4.24,ψ¹ Aqr,91 Aqr
18.94056,-68.87593,4.25,κ Tuc,
61.64602,50.35126,4.25,λ Per,47 Per
68.91358,10.16079,4.25,88 Tau,
69.17262,41.26481,4.25,58 Per,
77.28660,-8.75408,4.25,λ Eri,69 Eri
125.70882,43.18813,4.25,Alsciaukat,31 Lyn
193.35910,-40.17887,4.25,HR 4889,
216.88137,75.69599,4.25,5 UMi,
326.36220,61.12081,4.25,ν Cep,10 Cep
17.37552,47.24179,4.26,φ And,42 And
26.34846,9.15774,4.26,Torcular,ο Psc
49.97916,-43.06978,4.26,82 G. Eri,
53.44698,-21.63288,4.26,τ⁵ Eri,19 Eri
64.00645,-51.48665,4.26,γ Dor,
73.51254,66.34268,4.26,α Cam,9 Cam
134.62176,11.85770,4.26,Acubens,α Cnc
264.13681,-38.63531,4.26,HR 6546,
270.37670,21.59578,4.26,95 Her,
330.94702,64.62797,4.26,Kurhah,ξ Cep
15.73587,7.89013,4.27,ε Psc,71 Psc
41.23559,10.11415,4.27,μ Cet,87 Cet
63.88358,8.89236,4.27,μ Tau,49 Tau
69.53942,12.51084,4.27,90 Tau,
70.56126,22.95693,4.27,τ Tau,94 Tau
196.72770,-49.90625,4.27,ξ² Cen,
229.63345,-47.87527,4.27,μ Lup,
290.80464,-44.79978,4.27,Arkab Posterior,β² Sgr
311.66460,16.12430,4.27,γ² Del,12 Del
351.99207,6.37899,4.27,θ Psc,10 Psc
66.57691,22.81358,4.28,υ Tau,69 Tau
144.27226,81.32638,4.28,HR 3751,
156.78795,-31.06778,4.28,α Ant,
261.83863,-29.86703,4.28,45 Oph,
303.34932,56.56772,4.28,33 Cyg,
320.56164,-16.83454,4.28,ι Cap,32 Cap
332.49686,33.17822,4.28,π² Peg,29 Peg
346.71975,-43.52036,4.28,θ Gru,
54.21827,0.40166,4.29,10 Tau,
79.89386,-13.17679,4.29,λ Lep,6 Lep
159.82668,-55.60327,4.29,HR 4180,
178.22719,-33.90812,4.29,β Hya,
236.01449,77.79449,4.29,ζ UMi,16 UMi
247.78486,-16.61273,4.29,φ Oph,8 Oph
331.60929,-13.86968,4.29,ι Aqr,33 Aqr
337.87635,-32.34607,4.29,β PsA,17 PsA
354.53415,43.26807,4.29,ι And,17 And
14.65149,-29.35745,4.30,α Scl,
37.03975,8.46005,4.30,ξ² Cet,73 Cet
56.30205,24.46728,4.30,Taygeta,19 Tau
57.14945,-37.62015,4.30,HR 1189,
66.37242,17.92791,4.30,δ³ Tau,68 Tau
89.98375,45.93674,4.30,π Aur,35 Aur
130.80615,3.39866,4.30,η Hya,7 Hya
163.90335,24.74972,4.30,54 Leo,
174.23721,-0.82375,4.30,υ Leo,91 Leo
177.42115,-63.78848,4.30,HR 4537,
188.01765,-16.19601,4.30,η Crv,8 Crv
215.08145,-56.38650,4.30,HR 5358,
304.41195,-12.50821,4.30,α¹ Cap,5 Cap
130.15429,-59.76100,4.31,HR 3457,
216.73201,-83.66788,4.31,δ Oct,
231.12271,37.37717,4.31,Alkalurops,μ¹ Boo
241.85136,-20.86876,4.31,ω² Sco,10 Sco
309.58451,-1.10512,4.31,71 Aql,
54.12239,48.19263,4.32,ψ Per,37 Per
70.11047,-19.67149,4.32,54 Eri,
83.05313,18.59423,4.32,119 Tau,
93.84456,29.49808,4.32,κ Aur,44 Aur
131.59390,-13.54772,4.32,12 Hya,
142.93013,22.96797,4.32,Alterf,λ Leo
180.75671,-63.31293,4.32,θ¹ Cru,
197.49703,17.52943,4.32,Diadem,α Com
207.95668,-32.99409,4.32,3 Cen,
222.90962,-43.57536,4.32,ο Lup,
260.20692,-12.84688,4.32,ν Ser,53 Ser
112.04081,8.92553,4.33,γ CMi,4 CMi
193.27887,-48.94331,4.33,HR 4888,
216.54504,-45.37928,4.33,τ² Lup,
258.83754,-26.60283,4.33,Guniibuu,36 Oph
272.14500,-63.66855,4.33,π Pav,
274.96546,36.06455,4.33,κ Lyr,1 Lyr
169.54677,31.52878,4.33,Alula Australis,ξ UMa
9.22020,33.71934,4.34,π And,29 And
9.63903,29.31175,4.34,ε And,30 And
17.77526,55.14990,4.34,θ Cas,33 Cas
86.19334,-65.73553,4.34,δ Dor,
97.96403,-23.41842,4.34,ξ¹ CMa,4 CMa
125.16173,-77.48448,4.34,θ Cha,
139.05036,-57.54147,4.34,HR 3696,
144.20658,-49.35503,4.34,HR 3836,
210.43122,-45.60342,4.34,υ² Cen,
234.51348,-42.56735,4.34,ω Lup,
261.62867,4.14036,4.34,σ Oph,49 Oph
281.19313,37.60511,4.34,ζ¹ Lyr,6 Lyr
281.75529,18.18152,4.34,111 Her,
326.12790,17.35002,4.34,9 Peg,
337.38260,47.70689,4.34,5 Lac,
47.90733,19.72668,4.35,Botein,δ Ari
72.65301,8.90018,4.35,π² Ori,2 Ori
98.74410,-52.97561,4.35,HR 2435,
104.31918,58.42276,4.35,15 Lyn,
121.98260,-68.61706,4.35,ε Vol,
132.10821,5.83781,4.35,ρ Hya,13 Hya
186.73449,28.26842,4.35,γ Com,15 Com
229.45767,-30.14867,4.35,2 Lup,
263.05377,86.58646,4.35,Yildun,δ UMi
275.80676,-61.49390,4.35,ξ Pav,
289.09206,38.13373,4.35,θ Lyr,21 Lyr
326.23669,-33.02578,4.35,ι PsA,9 PsA
7.88588,-62.95822,4.36,β¹ Tuc,
10.83850,-57.46306,4.36,η Phe,
33.24997,8.84672,4.36,ξ¹ Cet,65 Cet
52.64368,47.99522,4.36,σ Per,35 Per
61.17379,22.08193,4.36,37 Tau,
73.22362,-5.45270,4.36,ω Eri,61 Eri
78.30783,-12.94129,4.36,κ Lep,4 Lep
89.38421,-35.28328,4.36,γ Col,
104.03427,-17.05424,4.36,ι CMa,20 CMa
122.14854,-2.98379,4.36,ζ Mon,29 Mon
211.51155,-41.17963,4.36,χ Cen,
294.18033,-1.28660,4.36,ι Aql,41 Aql
0.49008,-6.01407,4.37,30 Psc,
94.13807,-35.14052,4.37,κ Col,
109.67703,-24.95437,4.37,τ CMa,30 CMa
165.03858,-42.22586,4.37,HR 4293,
272.18955,20.81456,4.37,102 Her,
299.93408,-35.27631,4.37,θ¹ Sgr,
197.48747,-5.53901,4.38,θ Vir,51 Vir
302.22217,77.71142,4.38,κ Cep,1 Cep
351.51162,-20.64201,4.38,99 Aqr,
353.24268,-37.81827,4.38,β Scl,
28.41153,-46.30267,4.39,ψ Phe,
57.38036,65.52597,4.39,HR 1155,
83.70516,9.48958,4.39,φ¹ Ori,37 Ori
88.59579,20.27617,4.39,χ¹ Ori,54 Ori
95.94203,4.59286,4.39,ε Mon,8 Mon
120.56640,2.33457,4.39,HR 3145,
151.97613,9.99751,4.39,31 Leo,
225.72516,2.09130,4.39,110 Vir,
253.50196,10.16536,4.39,ι Oph,25 Oph
260.25151,-21.11293,4.39,ξ Oph,40 Oph
295.02413,18.01389,4.39,Sham,α Sge
295.26225,17.47604,4.39,β Sge,6 Sge
319.96644,-53.44943,4.39,θ Ind,
14.30167,23.41765,4.40,η And,38 And
117.02154,-25.93717,4.40,ο Pup,
122.25682,-19.24501,4.40,16 Pup,
284.23765,-67.23350,4.40,κ Pav,
329.47940,-54.99258,4.40,δ Ind,
102.46381,-53.62245,4.41,HR 2554,
107.78489,30.24516,4.41,τ Gem,46 Gem
215.75934,-39.51182,4.41,HR 5378,
262.68462,26.11065,4.41,Maasym,λ Her
269.62562,30.18928,4.41,ν Her,94 Her
319.47948,34.89690,4.41,υ Cyg,66 Cyg
346.97435,75.38750,4.41,π Cep,33 Cep
349.47590,-9.18251,4.41,ψ² Aqr,93 Aqr
349.70599,-32.53203,4.41,γ Scl,
91.89302,14.76847,4.42,ν Ori,67 Ori
99.47259,-18.23748,4.42,ν³ CMa,8 CMa
108.38455,-44.63974,4.42,HR 2748,
108.56338,-26.35251,4.42,27 CMa,
123.51214,-40.34789,4.42,HR 3243,
165.58240,20.17984,4.42,60 Leo,
222.57220,-27.96037,4.42,58 Hya,
236.61090,7.35307,4.42,λ Ser,27 Ser
270.43833,1.30508,4.42,68 Oph,
335.89013,52.22905,4.42,β Lac,3 Lac
351.34490,23.40410,4.42,Alkarab,υ Peg
56.53556,-12.10159,4.43,π Eri,26 Eri
63.81806,-7.65287,4.43,Keid,ο² Eri
74.32170,53.75210,4.43,7 Cam,
288.43953,39.14597,4.43,Aladfar,η Lyr
300.66448,-27.70985,4.43,62 Sgr,
305.96506,32.19017,4.43,39 Cyg,
310.86473,15.07458,4.43,δ Del,11 Del
311.93432,-5.02770,4.43,3 Aqr,
3.66007,-18.93287,4.44,7 Cet,
12.17060,7.58508,4.44,δ Psc,63 Psc
64.12107,-59.30216,4.44,ε Ret,
70.14059,-41.86375,4.44,α Cae,
94.90578,59.01096,4.44,2 Lyn,
113.51327,-22.29607,4.44,HR 2906,
122.83956,-39.61854,4.44,HR 3225,
124.63887,-36.65929,4.44,HR 3270,
218.15443,-50.45716,4.44,σ Lup,
292.17640,24.66491,4.44,Anser,α Vul
25.35789,5.48761,4.45,ν Psc,106 Psc
42.27254,-32.40590,4.45,β For,
78.07460,-11.86922,4.45,ι Lep,3 Lep
92.98498,14.20876,4.45,ξ Ori,70 Ori
129.68932,3.34144,4.45,Minchir,σ Hya
135.02257,-41.25361,4.45,HR 3591,
158.89710,-57.55764,4.45,HR 4159,
161.44630,-80.54019,4.45,δ² Cha,
169.16542,-3.65160,4.45,φ Leo,74 Leo
248.03417,-21.46639,4.45,ω Oph,9 Oph
288.88844,73.35547,4.45,τ Dra,60 Dra
293.52229,7.37894,4.45,μ Aql,38 Aql
37.26655,67.40247,4.46,ι Cas,
58.57293,-2.95473,4.46,32 Eri,
78.32285,2.86126,4.46,ρ Ori,17 Ori
137.21794,51.60465,4.46,15 UMa,
167.91453,-22.82585,4.46,β Crt,11 Crt
182.02182,-50.66128,4.46,HR 4618,
246.79601,-47.55479,4.46,ε Nor,
343.13140,-32.87550,4.46,γ PsA,22 PsA
41.27573,-18.57256,4.47,τ¹ Eri,1 Eri
50.08484,29.04846,4.47,HR 999,
74.63709,1.71402,4.47,π6 Ori,10 Ori
97.04254,-32.58007,4.47,λ CMa,
98.22594,7.33296,4.47,13 Mon,
119.56017,-49.24491,4.47,HR 3129,
136.28678,-72.60271,4.47,HR 3643,
141.16359,26.18232,4.47,κ Leo,1 Leo
143.70607,52.05148,4.47,26 UMa,
177.78628,-45.17347,4.47,HR 4546,
218.67000,29.74513,4.47,σ Boo,28 Boo
224.29583,-4.34646,4.47,16 Lib,
318.62006,10.00698,4.47,δ Equ,7 Equ
331.52871,-39.54335,4.47,λ Gru,
11.18130,48.28436,4.48,ο Cas,22 Cas
60.22419,-62.15928,4.48,γ Ret,
66.58641,15.61826,4.48,71 Tau,
101.96520,2.41216,4.48,18 Mon,
151.98450,-0.37164,4.48,α Sex,15 Sex
230.84438,-59.32079,4.48,γ Cir,
246.02577,-20.03733,4.48,ψ Oph,4 Oph
345.96922,3.82004,4.48,Fumalsamakah,β Psc
346.67017,-23.74311,4.48,86 Aqr,
30.48966,70.90702,4.49,48 Cas,
68.37735,-29.76649,4.49,υ¹ Eri,50 Eri
100.99706,13.22802,4.49,30 Gem,
108.14025,-46.75930,4.49,HR 2740,
118.16103,-38.86281,4.49,HR 3084,
151.85731,35.24469,4.49,21 LMi,
220.18152,16.41832,4.49,π¹ Boo,29 Boo
294.11058,50.22110,4.49,θ Cyg,13 Cyg
316.78196,-25.00585,4.49,24 Cap,
326.03565,28.74263,4.49,μ¹ Cyg,78 Cyg
355.51168,1.78004,4.49,λ Psc,18 Psc
355.68059,-14.54490,4.49,ω² Aqr,105 Aqr
359.97891,-65.57713,4.49,ε Tuc,
84.79644,4.12147,4.50,ω Ori,47 Ori
87.45677,-56.16666,4.50,γ Pic,
131.67730,-56.76978,4.50,HR 3498,
155.22835,-56.04322,4.50,HR 4074,
176.99643,20.21893,4.50,93 Leo,
206.81565,17.45691,4.50,τ Boo,4 Boo
303.94224,27.81424,4.50,23 Vul,
317.39853,-11.37169,4.50,ν Aqr,13 Aqr
322.18081,-21.80718,4.50,36 Cap,
332.09583,-32.98847,4.50,μ PsA,14 PsA
333.46968,39.71493,4.50,HR 8485,
340.12849,44.27631,4.50,11 Lac,
4.58195,36.78522,4.51,σ And,25 And
17.91513,30.08964,4.51,τ Psc,83 Psc
87.29350,39.18107,4.51,τ Aur,29 Aur
142.31134,-35.95134,4.51,ε Ant,
144.83758,-61.32806,4.51,HR 3856,
235.38774,19.67040,4.51,ι Ser,21 Ser
300.70440,67.87356,4.51,ρ Dra,67 Dra
311.00949,-51.92097,4.51,η Ind,
324.27012,-19.46601,4.51,ε Cap,39 Cap
336.83297,-64.96635,4.51,δ Tuc,
358.59597,57.49938,4.51,ρ Cas,7 Cas
41.97720,29.24712,4.52,Lilii Borea,39 Ari
200.65817,-60.98839,4.52,HR 5035,
201.00192,-64.53567,4.52,HR 5041,
214.77747,-13.37110,4.52,Khambalia,λ Vir
226.11147,26.94765,4.52,ψ Boo,43 Boo
272.80735,-45.95442,4.52,ε Tel,
290.43176,-15.95502,4.52,υ Sgr,46 Sgr
311.33817,57.57973,4.52,HR 7955,
322.48705,23.63884,4.52,2 Peg,
337.62192,43.12338,4.52,6 Lac,
7.88919,-62.96556,4.53,β² Tuc,
12.45351,41.07891,4.53,ν And,35 And
90.01395,-3.07425,4.53,HR 2113,
114.34213,-34.96853,4.53,HR 2937,
213.37077,51.78997,4.53,κ² Boo,17 Boo
261.65784,-5.08660,4.53,HR 6493,
266.89011,-27.83079,4.53,3 Sgr,
311.85224,36.49072,4.53,λ Cyg,54 Cyg
348.13740,49.40621,4.53,7 And,
79.54402,33.37161,4.54,16 Aur,
98.76411,-22.96479,4.54,ξ² CMa,5 CMa
142.99554,-1.18466,4.54,τ² Hya,32 Hya
143.55576,36.39756,4.54,10 LMi,
143.62054,69.83034,4.54,24 UMa,
222.84740,19.10046,4.54,ξ Boo,37 Boo
228.05538,-19.79171,4.54,ι¹ Lib,24 Lib
230.78896,-36.85849,4.54,φ² Lup,
299.23680,-27.16990,4.54,59 Sgr,
346.75108,9.40949,4.54,55 Peg,
352.28872,12.76055,4.54,70 Peg,
0.93495,-17.33599,4.55,2 Cet,
52.47810,58.87875,4.55,HR 1040,
76.10160,-35.48298,4.55,γ¹ Cae,
105.01622,76.97741,4.55,HR 2527,
112.44909,12.00656,4.55,6 CMi,
148.02649,54.06433,4.55,φ UMa,30 UMa
233.97189,-44.95839,4.55,HR 5781,
245.15908,-24.16932,4.55,ο Sco,19 Sco
272.02074,-28.45709,4.55,HR 6766,
325.47978,71.31142,4.55,11 Cep,
335.25642,46.53657,4.55,2 Lac,
336.12913,49.47639,4.55,4 Lac,
42.87849,35.05974,4.56,17 Per,
59.68642,-61.40019,4.56,δ Ret,
88.33185,27.61226,4.56,136 Tau,
136.63237,38.45222,4.56,HR 3612,
168.80095,23.09550,4.56,72 Leo,
216.53429,-45.22142,4.56,τ¹ Lup,
263.91498,-46.50568,4.56,σ Ara,1 Ara
313.03202,27.09698,4.56,31 Vul,
316.65039,47.64840,4.56,63 Cyg,
54.27366,-40.27455,4.57,HR 1106,
246.35397,14.03327,4.57,Cujam,ω Her
246.39633,-23.44718,4.57,ρ Oph,5 Oph
265.48467,72.14884,4.57,Dziban,ψ¹ Dra
283.68702,22.64508,4.57,113 Her,
287.08734,-40.49670,4.57,δ CrA,
298.36539,24.07961,4.57,13 Vul,
83.84652,-4.83836,4.58,42 Ori,
147.91947,-46.54762,4.58,HR 3912,
160.88458,-60.56662,4.58,HR 4200,
198.07338,-59.92058,4.58,HR 4975,
207.85808,64.72327,4.58,10 Dra,
243.07585,-27.92637,4.58,13 Sco,
264.46131,-8.11877,4.58,μ Oph,57 Oph
350.15934,23.74034,4.58,Salm,τ Peg
10.33149,-46.08501,4.59,μ Phe,
55.70862,-37.31352,4.59,HR 1143,
57.58953,71.33227,4.59,γ Cam,
81.70929,3.09567,4.59,ψ² Ori,30 Ori
130.05360,64.32794,4.59,π² UMa,4 UMa
142.28707,-2.76896,4.59,τ¹ Hya,31 Hya
154.90315,-55.02931,4.59,HR 4063,
168.15008,-60.31762,4.59,HR 4352,
237.39855,26.06839,4.59,δ CrB,10 CrB
238.40300,-25.32714,4.59,2 Sco,
281.09492,39.61272,4.59,ε² Lyr,5 Lyr
294.17679,-24.88362,4.59,52 Sgr,
357.23140,-28.13027,4.59,δ Scl,
64.56084,50.29550,4.60,HR 1324,
151.28112,-13.06463,4.60,υ² Hya,40 Hya
164.17934,-37.13777,4.60,ι Ant,
221.31025,16.96428,4.60,ο Boo,35 Boo
231.33428,-38.73362,4.60,HR 5724,
238.16854,42.45152,4.60,χ Her,1 Her
290.16701,65.71453,4.60,π Dra,58 Dra
1.33392,-5.70762,4.61,33 Psc,
4.27294,38.68164,4.61,θ And,24 And
28.38896,3.18754,4.61,ξ Psc,111 Psc
47.82244,39.61158,4.61,ω Per,28 Per
111.67855,49.21153,4.61,21 Lyn,
119.96688,-18.39923,4.61,HR 3131,
233.54457,-10.06453,4.61,37 Lib,
308.47578,35.25085,4.61,47 Cyg,
14.16648,59.18106,4.62,Castula,υ² Cas
59.98118,-24.01621,4.62,τ9 Eri,36 Eri
75.77394,21.58996,4.62,ι Tau,102 Tau
82.98274,-7.30154,4.62,υ Ori,36 Ori
137.01200,-25.85854,4.62,κ Pyx,
166.25429,7.33601,4.62,χ Leo,63 Leo
166.63522,-62.42411,4.62,HR 4325,
173.69033,-54.26409,4.62,HR 4460,
191.59472,-56.48882,4.62,HR 4848,
193.66333,-59.14670,4.62,λ Cru,
246.95077,-8.37173,4.62,υ Oph,3 Oph
270.12087,-3.69027,4.62,ζ Ser,57 Ser
278.37574,-42.31251,4.62,θ CrA,
284.05492,4.20359,4.62,Alya,θ¹ Ser
44.80302,21.34043,4.63,ε Ari,48 Ari
115.88495,-28.41089,4.63,1 Pup,
118.26516,-49.61304,4.63,HR 3089,
130.91823,-7.23373,4.63,HR 3459,
138.93783,-37.41314,4.63,HR 3684,
189.96891,-39.98730,4.63,HR 4817,
205.18451,54.68163,4.63,83 UMa,
224.39614,65.93246,4.63,HR 5589,
237.74478,-25.75129,4.63,1 Sco,
240.88397,-57.77506,4.63,ι¹ Nor,
277.84344,-62.27830,4.63,ν Pav,
282.80022,59.38835,4.63,ο Dra,47 Dra
359.43971,25.14140,4.63,ψ Peg,84 Peg
58.42793,-24.61223,4.64,τ8 Eri,33 Eri
73.72386,10.15083,4.64,π¹ Ori,7 Ori
90.97993,20.13845,4.64,χ² Ori,62 Ori
206.66406,-51.43277,4.64,HR 5172,
234.84449,36.63581,4.64,ζ¹ CrB,7 CrB
235.29757,-44.66121,4.64,HR 5825,
252.45845,-10.78300,4.64,20 Oph,
259.41775,37.29150,4.64,69 Her,
271.82650,8.73387,4.64,71 Oph,
291.62954,0.33857,4.64,ν Aql,32 Aql
308.82723,14.67421,4.64,ζ Del,4 Del
339.34348,51.54512,4.64,9 Lac,
346.04553,50.05209,4.64,3 And,
40.86297,27.70715,4.65,35 Ari,
68.46214,14.84442,4.65,ρ Tau,86 Tau
76.14229,15.40410,4.65,11 Ori,
88.52487,-63.08963,4.65,HR 2102,
109.57665,-36.73396,4.65,HR 2787,
112.67751,-30.96228,4.65,HR 2881,
113.84541,-28.36932,4.65,HR 2922,
156.85197,-57.63880,4.65,HR 4110,
180.21829,6.61432,4.65,π Vir,8 Vir
240.80368,-49.22969,4.65,η Nor,
17.86341,21.03465,4.66,χ Psc,84 Psc
27.39627,-10.68641,4.66,χ Cet,53 Cet
100.24441,9.89575,4.66,15 Mon,
103.90596,-20.13650,4.66,π CMa,19 CMa
109.14580,-27.88118,4.66,HR 2766,
130.82147,21.46850,4.66,Asellus Borealis,γ Cnc
136.40991,-70.53850,4.66,HR 3642,
163.49472,43.18996,4.66,ω UMa,45 UMa
189.81153,-7.99556,4.66,χ Vir,26 Vir
190.64787,-48.81311,4.66,HR 4831,
234.94158,-34.41193,4.66,ψ¹ Lup,3 Lup
271.25511,-29.58009,4.66,γ¹ Sgr,
274.51329,-27.04264,4.66,HR 6842,
275.91494,-8.93438,4.66,ζ Sct,
300.27519,27.75357,4.66,15 Vul,
18.43728,24.58371,4.67,φ Psc,85 Psc
52.34184,49.50895,4.67,34 Per,
63.72214,40.48367,4.67,52 Per,
69.81874,15.91798,4.67,σ² Tau,92 Tau
91.53885,-14.93525,4.67,θ Lep,18 Lep
123.05303,17.64777,4.67,Tegmine,ζ² Cnc
137.72912,63.51363,4.67,τ UMa,14 UMa
270.01423,16.75092,4.67,93 Her,
277.29939,-14.56581,4.67,γ Sct,
281.08476,39.67012,4.67,ε¹ Lyr,4 Lyr
293.08723,69.66118,4.67,Alsafi,σ Dra
315.32275,-32.25777,4.67,γ Mic,
23.48292,59.23204,4.68,χ Cas,39 Cas
28.73358,-67.64730,4.68,η² Hyi,
31.12266,-29.29682,4.68,ν For,
44.69028,39.66273,4.68,π Per,22 Per
134.08029,-52.72348,4.68,HR 3574,
144.61369,4.64929,4.68,HR 3834,
150.05336,8.04422,4.68,π Leo,29 Leo
159.68005,31.97624,4.68,37 LMi,
202.99119,-6.25582,4.68,74 Vir,
203.61375,49.01597,4.68,24 CVn,
245.08678,-78.69575,4.68,δ¹ Aps,
294.84419,30.15332,4.68,φ Cyg,12 Cyg
324.43796,-7.85420,4.68,Bunda,ξ Aqr
340.89681,-18.83038,4.68,66 Aqr,
66.65156,14.71378,4.69,π Tau,73 Tau
79.78493,40.09905,4.69,λ Aur,15 Aur
114.57519,-25.36480,4.69,HR 2944,
117.08412,-47.07772,4.69,HR 3046,
120.30557,-1.39261,4.69,28 Mon,
159.68751,-59.18300,4.69,HR 4177,
191.40825,-60.98132,4.69,ι Cru,
325.52360,51.18962,4.69,Azelfafage,π¹ Cyg
330.83229,-56.78598,4.69,ε Ind,
353.76898,-42.61507,4.69,ι Phe,
80.11217,-21.23976,4.70,HR 1762,
174.17047,-9.80225,4.70,θ Crt,21 Crt
175.05331,-34.74466,4.70,ο Hya,
253.49886,-42.36203,4.70,ζ¹ Sco,
280.56844,-9.05255,4.70,δ Sct,
298.95977,-26.29951,4.70,Terebellum,ω Sgr
317.58541,10.13158,4.70,γ Equ,5 Equ
343.60183,84.34618,4.70,HR 8748,
353.31927,-20.91450,4.70,101 Aqr,
44.92875,8.90737,4.71,λ Cet,91 Cet
52.34337,-62.93753,4.71,κ Ret,
73.13317,14.25064,4.71,ο¹ Ori,4 Ori
76.37780,-57.47270,4.71,ζ Dor,
82.43325,-1.09224,4.71,31 Ori,
83.18197,32.19202,4.71,χ Aur,25 Aur
140.37330,-25.96544,4.71,θ Pyx,
140.80109,-28.83387,4.71,λ Pyx,
176.19073,-18.35067,4.71,ζ Crt,27 Crt
196.56963,-48.46329,4.71,HR 4940,
209.41213,-63.68670,4.71,HR 5241,
298.56201,8.46145,4.71,Libertas,ξ Aql
319.48449,-32.17254,4.71,ε Mic,
347.47873,-22.45761,4.71,89 Aqr,
21.48312,68.13001,4.72,ψ Cas,36 Cas
80.44062,-0.38246,4.72,22 Ori,
87.76013,37.30557,4.72,υ Aur,31 Aur
92.57463,-54.96865,4.72,δ Pic,
122.81795,-12.92700,4.72,19 Pup,
141.82665,-22.34378,4.72,HR 3749,
156.47843,33.79612,4.72,30 LMi,
157.58371,-71.99279,4.72,HR 4138,
158.30797,40.42556,4.72,HR 4132,
181.08012,-63.16571,4.72,θ² Cru,
185.17929,17.79287,4.72,11 Com,
199.38568,40.57261,4.72,20 CVn,
240.69951,46.03670,4.72,υ Her,6 Her
259.15285,-0.44530,4.72,41 Oph,
325.66459,-18.86632,4.72,κ Cap,43 Cap
36.40590,50.27863,4.73,65 And,
103.66098,13.17783,4.73,38 Gem,
122.85789,-42.98728,4.73,HR 3226,
165.45697,-2.48459,4.73,61 Leo,
241.62264,-45.17318,4.73,δ Nor,
242.24294,36.49094,4.73,τ CrB,16 CrB
313.16348,-8.98332,4.73,μ Aqr,6 Aqr
7.94308,54.52229,4.74,λ Cas,14 Cas
19.86665,27.26406,4.74,υ Psc,90 Psc
38.02179,-15.24468,4.74,σ Cet,76 Cet
39.94989,-42.89167,4.74,HR 789,
49.99694,65.65229,4.74,HR 985,
52.65441,-5.07515,4.74,17 Eri,
122.25320,-61.30243,4.74,HR 3220,
130.30473,-47.31712,4.74,HR 3452,
135.63630,67.62962,4.74,ρ UMa,8 UMa
199.60145,-18.31120,4.74,61 Vir,
212.47863,-53.43895,4.74,HR 5297,
237.81630,20.97792,4.74,ρ Ser,38 Ser
269.94815,-23.81613,4.74,4 Sgr,
285.77860,-42.09510,4.74,ζ CrA,
292.94301,34.45297,4.74,8 Cyg,
314.95647,47.52095,4.74,59 Cyg,
330.82851,-2.15536,4.74,ο Aqr,31 Aqr
354.46240,-45.49235,4.74,HR 8959,
108.65892,-48.27193,4.75,HR 2762,
177.06045,-66.81491,4.75,μ Mus,
208.30226,-31.92761,4.75,4 Cen,
214.04158,51.36723,4.75,ι Boo,21 Boo
235.48667,-19.67883,4.75,κ Lib,43 Lib
235.67092,-34.71041,4.75,ψ² Lup,4 Lup
308.89504,-60.58175,4.75,φ¹ Pav,
349.65600,68.11145,4.75,ο Cep,34 Cep
7.85391,-48.80351,4.76,λ¹ Phe,
42.61883,-75.06695,4.76,ν Hyi,
42.75968,-21.00402,4.76,Angetenar,τ² Eri
88.11017,1.85513,4.76,56 Ori,
94.71157,69.31979,4.76,HR 2209,
119.41711,-30.33457,4.76,HR 3113,
145.32087,-23.59151,4.76,HR 3858,
160.55889,-64.46643,4.76,HR 4196,
169.78296,38.18556,4.76,55 UMa,
186.00621,51.56226,4.76,5 CVn,
194.73102,17.40945,4.76,36 Com,
201.86319,-15.97358,4.76,69 Vir,
207.94782,34.44424,4.76,HR 5219,
215.65456,-58.45912,4.76,HR 5371,
260.49796,-67.77067,4.76,ζ Aps,
265.09914,-49.41559,4.76,λ Ara,
289.05433,21.39043,4.76,1 Vul,
324.48011,62.08194,4.76,9 Cep,
346.77808,25.46826,4.76,56 Peg,
11.04750,-10.60955,4.77,φ¹ Cet,17 Cet
46.38507,56.70572,4.77,HR 918,
84.72119,-7.21283,4.77,49 Ori,
101.83263,8.03725,4.77,17 Mon,
139.94326,-11.97485,4.77,26 Hya,
172.57872,-3.00350,4.77,87 Leo,
193.58819,-9.53899,4.77,ψ Vir,40 Vir
264.23789,68.75797,4.77,ω Dra,28 Dra
270.77050,-8.18035,4.77,τ Oph,69 Oph
278.14384,57.04560,4.77,45 Dra,
300.88936,-37.94070,4.77,HR 7652,
304.44667,38.03293,4.77,34 Cyg,
305.16589,-12.75908,4.77,Alshat,ν Cap
307.21506,-17.81369,4.77,ρ Cap,11 Cap
341.87067,83.15383,4.77,HR 8702,
0.39924,-77.06572,4.78,θ Oct,
13.25206,-1.14426,4.78,20 Cet,
32.12181,37.85908,4.78,58 And,
56.50971,63.34505,4.78,HR 1129,
67.64013,16.19401,4.78,HR 1427,
74.98224,-12.53742,4.78,64 Eri,
83.76117,-6.00203,4.78,HR 1887,
122.11444,51.50667,4.78,27 Lyn,
123.37299,-35.89952,4.78,HR 3237,
146.05041,-27.76947,4.78,θ Ant,
154.93407,19.47091,4.78,40 Leo,
185.62631,25.84616,4.78,12 Com,
199.40118,5.46987,4.78,σ Vir,60 Vir
215.17739,-45.18706,4.78,HR 5364,
215.77413,-27.75402,4.78,51 Hya,
262.85397,-23.96264,4.78,51 Oph,
267.54630,-40.09043,4.78,ι² Sco,
281.36197,-64.87126,4.78,HR 7012,
335.33058,28.33053,4.78,32 Peg,
336.96468,4.69566,4.78,35 Peg,
3.65067,20.20670,4.79,χ Peg,89 Peg
29.48217,23.59606,4.79,λ Ari,9 Ari
73.15827,36.70319,4.79,2 Aur,
125.63206,-48.49038,4.79,HR 3294,
140.23675,-62.40463,4.79,HR 3728,
198.81240,-67.89459,4.79,η Mus,
237.80805,35.65738,4.79,κ CrB,11 CrB
247.55199,-25.11522,4.79,22 Sco,
267.29366,-31.70320,4.79,HR 6628,
270.06582,4.36862,4.79,66 Oph,
303.81623,25.59196,4.79,HR 7739,
332.45162,72.34121,4.79,24 Cep,
333.90380,-41.34670,4.79,μ¹ Gru,
10.51621,50.51253,4.80,ξ Cas,19 Cas
13.26767,61.12397,4.80,HR 244,
48.95844,-8.81973,4.80,Zibal,ζ Eri
65.38817,46.49888,4.80,53 Per,
66.02398,17.44413,4.80,δ² Tau,64 Tau
75.35977,-7.17396,4.80,ψ Eri,65 Eri
99.83261,42.48888,4.80,ψ² Aur,50 Aur
137.59806,67.13402,4.80,σ² UMa,13 UMa
139.04712,54.02186,4.80,18 UMa,
140.12091,-9.55570,4.80,27 Hya,
161.02887,-63.96107,4.80,HR 4205,
188.71285,22.62926,4.80,23 Com,
196.79469,27.62474,4.80,41 Com,
212.21247,77.54751,4.80,4 UMi,
214.49925,35.50950,4.80,HR 5361,
220.85568,26.52785,4.80,34 Boo,
225.52711,25.00814,4.80,ω Boo,41 Boo
244.57460,-28.61402,4.80,HR 6070,
259.33153,33.10010,4.80,68 Her,
303.32520,46.81567,4.80,30 Cyg,
313.31146,44.38726,4.80,57 Cyg,
320.19012,-40.80947,4.80,θ¹ Mic,
336.31926,1.37740,4.80,π Aqr,52 Aqr
340.43921,29.30764,4.80,ο Peg,43 Peg
169.54677,31.52878,4.80,Alula Australis B,ξ UMa
77.42481,15.59723,4.81,15 Ori,
78.43932,-67.18525,4.81,θ Dor,
79.37117,-34.89521,4.81,ο Col,
89.49856,25.95391,4.81,139 Tau,
120.08320,-63.56746,4.81,HR 3159,
143.76599,39.62149,4.81,HR 3809,
171.15246,-10.85932,4.81,ε Crt,14 Crt
217.05057,-2.22796,4.81,Elgafar,φ Vir
276.33767,-20.54168,4.81,21 Sgr,
309.63057,21.20117,4.81,29 Vul,
312.23456,46.11413,4.81,55 Cyg,
29.29188,-47.38528,4.82,HR 574,
78.35717,38.48450,4.82,μ Aur,11 Aur
99.81966,-14.14576,4.82,HR 2450,
103.38711,-20.22425,4.82,15 CMa,
113.44984,-14.52389,4.82,HR 2902,
155.58162,-41.64996,4.82,HR 4080,
157.65691,55.98054,4.82,36 UMa,
186.63237,-51.45063,4.82,HR 4732,
204.36517,36.29490,4.82,25 CVn,
212.59973,25.09168,4.82,12 Boo,
240.57372,22.80445,4.82,π Ser,44 Ser
245.51813,1.02904,4.82,σ Ser,50 Ser
252.30922,45.98332,4.82,52 Her,
255.26501,-4.22264,4.82,30 Oph,
276.49604,65.56348,4.82,Fafnir,42 Dra
283.59915,71.29719,4.82,υ Dra,52 Dra
316.10125,-19.85499,4.82,η Cap,22 Cap
335.37948,12.20519,4.82,31 Peg,
337.66173,-10.67795,4.82,σ Aqr,57 Aqr
349.43598,49.01530,4.82,8 And,
355.44085,-17.81653,4.82,104 Aqr,
13.75072,58.97270,4.83,υ¹ Cas,26 Cas
21.91372,45.40669,4.83,ω And,48 And
39.89097,-11.87216,4.83,ε Cet,83 Cet
41.38572,-67.61662,4.83,ζ Hyi,
107.21278,-39.65566,4.83,HR 2702,
109.15347,-23.31559,4.83,HR 2764,
125.34595,-33.05437,4.83,HR 3282,
130.60581,-53.11398,4.83,HR 3467,
195.88884,-49.52726,4.83,ξ¹ Cen,
225.94761,47.65406,4.83,44 Boo,
228.20664,-44.50041,4.83,HR 5651,
247.16060,41.88168,4.83,30 Her,
256.20564,-34.12293,4.83,HR 6334,
281.51866,26.66213,4.83,HR 7064,
284.26529,-5.84631,4.83,η Sct,
284.68081,-37.10736,4.83,ε CrA,
22.54631,6.14382,4.84,μ Psc,98 Psc
33.30553,44.23165,4.84,60 And,
34.26286,34.22423,4.84,δ Tri,8 Tri
49.84040,3.37020,4.84,κ¹ Cet,96 Cet
63.48494,9.26382,4.84,47 Tau,
85.32382,16.53415,4.84,126 Tau,
114.86392,-38.30802,4.84,HR 2961,
128.83200,-58.00923,4.84,HR 3414,
165.14021,3.61749,4.84,58 Leo,
176.32100,8.25812,4.84,ξ Vir,2 Vir
214.93850,16.30695,4.84,20 Boo,
248.15122,11.48804,4.84,29 Her,
250.22967,64.58905,4.84,18 Dra,
251.32419,56.78186,4.84,HR 6237,
299.73833,-26.19577,4.84,60 Sgr,
340.87490,-41.41435,4.84,ρ Gru,
341.40778,-53.50012,4.84,η Gru,
346.65339,59.41976,4.84,1 Cas,
241.09161,-11.37461,4.84,Graffias,ξ Sco
47.98436,74.39366,4.85,HR 932,
49.68261,34.22265,4.85,HR 991,
112.46422,-23.02429,4.85,HR 2874,
152.23435,-51.81126,4.85,HR 3990,
198.01352,-37.80302,4.85,HR 4979,
229.41204,-63.61046,4.85,ε Cir,
269.19761,-44.34225,4.85,HR 6675,
275.21693,3.37717,4.85,74 Oph,
284.61567,-52.93863,4.85,λ Tel,
6.98208,-33.00717,4.86,η Scl,
49.59210,-22.51112,4.86,15 Eri,
101.55893,59.44167,4.86,12 Lyn,
129.92699,-29.56108,4.86,ζ Pyx,
158.77317,75.71295,4.86,HR 4126,
199.30428,-66.78344,4.86,HR 5002,
215.84457,8.44662,4.86,HR 5385,
220.41145,8.16176,4.86,31 Boo,
245.52430,30.89200,4.86,ξ CrB,19 CrB
248.52092,-44.04532,4.86,μ Nor,
249.68691,48.92834,4.86,42 Her,
263.06651,55.17296,4.86,ν² Dra,25 Dra
265.85749,-21.68319,4.86,58 Oph,
281.08066,-35.64199,4.86,HR 7029,
283.54240,-22.74483,4.86,Ainalrami,ν¹ Sgr
288.88511,-25.25668,4.86,ψ Sgr,42 Sgr
309.39697,-61.52992,4.86,ρ Pav,
331.41980,5.05853,4.86,ν Peg,22 Peg
20.58505,45.52878,4.87,Adhil,ξ And
38.96863,5.59325,4.87,ν Cet,78 Cet
48.72540,21.04444,4.87,ζ Ari,58 Ari
63.59871,-10.25628,4.87,39 Eri,
108.30566,-45.18274,4.87,HR 2746,
130.43057,-15.94338,4.87,9 Hya,
133.88151,-27.68187,4.87,δ Pyx,
148.55138,-25.93235,4.87,HR 3919,
159.30721,-27.41263,4.87,HR 4162,
161.71347,-64.38347,4.87,HR 4222,
296.59060,-19.76111,4.87,56 Sgr,
323.69394,38.53405,4.87,72 Cyg,
36.48751,-12.29048,4.88,ρ Cet,72 Cet
81.90869,21.93697,4.88,114 Tau,
87.25402,24.56753,4.88,132 Tau,
88.27868,-33.80136,4.88,λ Col,
109.66824,-24.55870,4.88,29 CMa,
179.90694,-78.22184,4.88,ε Cha,
190.47107,10.23563,4.88,ρ Vir,30 Vir
195.06864,30.78502,4.88,37 Com,
254.00625,65.13480,4.88,19 Dra,
269.44918,-41.71630,4.88,HR 6682,
280.88022,-8.27521,4.88,ε Sct,
289.40867,-18.95291,4.88,43 Sgr,
293.80413,-48.09920,4.88,ι Tel,
356.76426,58.65199,4.88,τ Cas,5 Cas
359.66824,-3.55598,4.88,27 Psc,
359.75223,55.75493,4.88,σ Cas,8 Cas
2.81608,-15.46798,4.89,6 Cet,
72.47769,37.48828,4.89,HR 1533,
81.18678,1.84644,4.89,ψ¹ Ori,25 Ori
87.38721,12.65132,4.89,134 Tau,
114.79140,34.58435,4.89,Jishui,ο Gem
116.53104,18.51004,4.89,81 Gem,
157.84162,-53.71548,4.89,HR 4134,
159.38863,-13.38454,4.89,HR 4163,
176.63064,-40.50035,4.89,HR 4523,
177.96355,-65.20591,4.89,HR 4549,
193.32395,21.24494,4.89,35 Com,
214.55815,-81.00776,4.89,η Aps,
256.34454,12.74083,4.89,60 Her,
263.04377,55.18424,4.89,ν¹ Dra,24 Dra
296.06915,37.35435,4.89,15 Cyg,
312.49200,-33.77972,4.89,α Mic,
339.81532,39.05027,4.89,10 Lac,
352.50804,58.54892,4.89,HR 8926,
12.20838,50.96817,4.90,ν Cas,25 Cas
21.40514,-14.59880,4.90,46 Cet,
85.61929,1.47463,4.90,51 Ori,
104.40463,45.09409,4.90,16 Lyn,
192.67154,-33.99930,4.90,HR 4874,
198.56367,-59.10323,4.90,HR 4989,
240.85080,-38.60254,4.90,HR 5967,
241.36065,-19.80186,4.90,Acrab B,β² Sco
247.11633,-70.08440,4.90,ζ TrA,
297.76711,22.61005,4.90,12 Vul,
312.37063,-46.22683,4.90,ζ Ind,
40.56216,40.19394,4.91,12 Per,
67.96944,-0.04401,4.91,45 Eri,
75.35658,-20.05192,4.91,HR 1621,
76.86246,18.64505,4.91,104 Tau,
94.99833,-2.94449,4.91,HR 2275,
107.55701,-4.23711,4.91,20 Mon,
107.91383,39.32055,4.91,63 Aur,
159.64565,-16.87657,4.91,φ³ Hya,
190.48577,-59.68582,4.91,HR 4823,
203.69914,37.18241,4.91,HR 5110,
225.24312,-8.51894,4.91,δ Lib,19 Lib
228.65550,-31.51912,4.91,1 Lup,
250.39326,-17.74217,4.91,HR 6196,
256.33393,54.47004,4.91,μ Dra,21 Dra
298.90751,52.43895,4.91,ψ Cyg,24 Cyg
307.41251,-2.88553,4.91,69 Aql,
309.18180,-2.54996,4.91,70 Aql,
338.25015,-61.98212,4.91,ν Tuc,
343.80696,8.81617,4.91,ρ Peg,50 Peg
29.16748,-22.52679,4.92,56 Cet,
90.46009,-10.59793,4.92,3 Mon,
91.24636,-16.48444,4.92,17 Lep,
96.22459,49.28789,4.92,ψ¹ Aur,46 Aur
105.97344,-49.58392,4.92,HR 2672,
112.76866,82.41147,4.92,HR 2742,
138.90300,-38.56994,4.92,HR 3682,
166.33301,-27.29361,4.92,χ¹ Hya,
186.60027,27.26824,4.92,14 Com,
203.53305,3.65897,4.92,78 Vir,
207.42846,21.26411,4.92,6 Boo,
221.24667,-35.19183,4.92,HR 5489,
231.04954,-10.32227,4.92,ε Lib,31 Lib
271.70787,-43.42522,4.92,HR 6749,
275.07464,21.96130,4.92,106 Her,
277.93930,-45.91481,4.92,δ¹ Tel,
283.30644,50.70822,4.92,HR 7137,
311.21878,25.27062,4.92,30 Vul,
62.71062,-41.99357,4.93,δ Hor,
64.31526,20.57859,4.93,ω² Tau,50 Tau
65.10267,34.56672,4.93,54 Per,
74.81418,37.89025,4.93,ω Aur,4 Aur
113.91548,-52.53384,4.93,HR 2934,
115.75182,58.71036,4.93,24 Lyn,
119.93397,-3.67958,4.93,27 Mon,
134.24343,-59.22934,4.93,HR 3582,
145.56016,-23.91557,4.93,HR 3862,
173.06835,-29.26102,4.93,HR 4443,
175.22352,-62.09010,4.93,HR 4499,
184.08558,23.94541,4.93,7 Com,
192.92467,27.54071,4.93,31 Com,
195.18187,56.36634,4.93,78 UMa,
212.71035,-16.30203,4.93,HR 5301,
222.75447,-2.29915,4.93,11 Lib,
226.82523,24.86920,4.93,45 Boo,
242.99995,-10.06425,4.93,ψ Sco,15 Sco
294.22271,-7.02748,4.93,κ Aql,39 Aql
301.84650,-52.88079,4.93,ξ Tel,
302.35674,36.83962,4.93,28 Cyg,
303.63343,36.80630,4.93,29 Cyg,
311.79478,34.37412,4.93,HR 7956,
349.21225,-7.72650,4.93,χ Aqr,92 Aqr
355.99784,29.36145,4.93,78 Peg,
33.09287,30.30307,4.94,6 Tri,
44.76534,35.18313,4.94,24 Per,
104.06663,-48.72114,4.94,HR 2608,
110.55638,-19.01660,4.94,HR 2812,
120.87951,27.79433,4.94,χ Gem,
132.44850,-45.30788,4.94,HR 3520,
148.71755,-19.00936,4.94,Felis,
156.03273,65.56642,4.94,HR 4072,
157.75863,-73.22149,4.94,HR 4142,
197.26363,-23.11807,4.94,ψ Hya,45 Hya
198.42896,40.15288,4.94,HR 4997,
246.99600,68.76814,4.94,15 Dra,
285.00344,32.14551,4.94,λ Lyr,15 Lyr
303.56923,15.19761,4.94,ρ Aql,67 Aql
307.51475,48.95157,4.94,ω¹ Cyg,45 Cyg
332.53640,-32.54841,4.94,τ PsA,15 PsA
10.86699,47.02455,4.95,π Cas,20 Cas
20.02049,58.23161,4.95,φ Cas,34 Cas
59.35600,63.07226,4.95,HR 1204,
85.21131,-1.12879,4.95,HR 1952,
93.01366,16.13041,4.95,69 Ori,
171.98433,2.85627,4.95,τ Leo,84 Leo
188.68353,70.02177,4.95,6 Dra,
239.54737,-14.27936,4.95,48 Lib,
243.36972,-54.63047,4.95,κ Nor,
244.37687,75.75533,4.95,η UMi,21 UMi
298.96568,38.48671,4.95,22 Cyg,
300.43640,-59.37589,4.95,HR 7625,
343.00838,43.31242,4.95,15 Lac,
351.73314,1.25561,4.95,κ Psc,8 Psc
356.59799,3.48681,4.95,19 Psc,
25.14505,40.57705,4.96,τ And,53 And
25.44574,42.61337,4.96,HR 483,
38.46128,-28.23234,4.96,ω For,
50.36071,43.32965,4.96,32 Per,
67.10988,16.35967,4.96,75 Tau,
79.81917,22.09649,4.96,109 Tau,
88.71160,55.70695,4.96,ξ Aur,30 Aur
207.46787,-18.13417,4.96,89 Vir,
239.44794,54.74976,4.96,HR 5960,
240.83595,-25.86524,4.96,HR 5969,
271.50792,22.21888,4.96,98 Her,
272.93055,-23.70124,4.96,1 Sgr,
272.97566,31.40535,4.96,104 Her,
351.20938,62.28281,4.96,4 Cas,
18.79565,-45.53166,4.97,ν Phe,
29.00005,68.68524,4.97,ω Cas,46 Cas
55.59436,33.96503,4.97,40 Per,
60.32545,-61.07882,4.97,ι Ret,
65.08841,27.35075,4.97,φ Tau,52 Tau
88.87462,-37.12067,4.97,ξ Col,
118.37424,26.76578,4.97,φ Gem,83 Gem
155.74236,-66.90150,4.97,HR 4089,
185.08742,3.31257,4.97,16 Vir,
202.10755,13.77879,4.97,70 Vir,
217.04346,-29.49164,4.97,52 Hya,
235.07040,-23.81808,4.97,42 Lib,
244.25389,-50.06812,4.97,γ¹ Nor,
255.78279,14.09195,4.97,HR 6337,
353.48826,31.32528,4.97,72 Peg,
354.94611,-14.22218,4.97,ω¹ Aqr,102 Aqr
356.50851,46.42028,4.97,ψ And,20 And
25.68129,-3.69020,4.98,HR 500,
32.35554,25.93989,4.98,14 Ari,
44.69908,-64.07128,4.98,β Hor,
76.66934,51.59772,4.98,9 Aur,
83.81592,-5.38732,4.98,θ¹ Ori,41 Ori
83.84542,-5.41606,4.98,θ² Ori,43 Ori
115.09671,-15.26392,4.98,HR 2959,
130.00614,-12.47537,4.98,6 Hya,
165.18667,6.10145,4.98,59 Leo,
177.48593,-70.22579,4.98,HR 4538,
186.74707,26.82570,4.98,16 Com,
232.94577,40.89933,4.98,ν² Boo,53 Boo
240.36070,29.85106,4.98,ι CrB,14 CrB
275.97760,58.80074,4.98,39 Dra,
284.06101,4.20213,4.98,Alya B,θ² Ser
290.13709,-5.41577,4.98,26 Aql,
298.98077,58.84597,4.98,HR 7633,
1.12550,-10.50952,4.99,3 Cet,
30.57538,54.48754,4.99,4 Per,
52.01275,49.06287,4.99,HR 1034,
55.56209,-31.93836,4.99,δ For,
59.28455,61.10888,4.99,HR 1205,
69.72315,-12.12312,4.99,HR 1483,
80.70834,3.54445,4.99,23 Ori,
102.69146,41.78123,4.99,ψ7 Aur,58 Aur
102.71814,-34.36732,4.99,HR 2549,
105.72824,-4.23923,4.99,19 Mon,
111.41206,9.27610,4.99,ε CMi,2 CMi
123.33320,-15.78822,4.99,20 Pup,
136.49319,5.09232,4.99,ω Hya,18 Hya
137.76834,-44.86790,4.99,HR 3654,
142.98642,11.29983,4.99,ξ Leo,5 Leo
170.70663,43.48270,4.99,56 UMa,
184.12560,33.06153,4.99,HR 4668,
205.43662,-54.55942,4.99,HR 5141,
213.06585,2.40943,4.99,HR 5313,
230.53463,-47.92779,4.99,ν¹ Lup,
230.80125,30.28781,4.99,η CrB,2 CrB
239.87615,-41.74444,4.99,HR 5943,
273.47318,64.39729,4.99,36 Dra,
291.03157,29.62134,4.99,2 Cyg,
301.08162,-32.05630,4.99,HR 7659,
332.10805,-34.04384,4.99,υ PsA,
344.10832,49.73354,4.99,HR 8726,
349.74032,-9.61075,4.99,ψ³ Aqr,95 Aqr
61.11318,59.15551,5.00,HR 1242,
81.10607,17.38353,5.00,111 Tau,
91.88180,-37.25292,5.00,Elkurud,θ Col
93.93702,-13.71841,5.00,HR 2244,
104.02768,-14.04343,5.00,μ CMa,18 CMa
109.63325,49.46476,5.00,HR 2751,
144.30277,6.83580,5.00,10 Leo,
170.80285,-36.16477,5.00,HR 4396,
175.87998,-62.48940,5.00,HR 4511,
232.85429,77.34935,5.00,θ UMi,15 UMi
242.01887,17.04698,5.00,Marsic,κ Her
269.77200,-30.25303,5.00,HR 6693,
271.86975,43.46189,5.00,HR 6791,
283.77973,-22.67133,5.00,ν² Sgr,35 Sgr
285.35986,46.93481,5.00,16 Lyr,
288.47980,57.70510,5.00,54 Dra,
293.64540,19.77340,5.00,9 Vul,
296.60665,33.72760,5.00,17 Cyg,
359.39591,-64.29823,5.00,η Tuc,
241.09161,-11.37461,5.00,ξ Sco,
286.60270,-37.06474,5.00,γ CrA,
2.58018,46.07227,5.01,22 And,
7.01212,17.89313,5.01,47 Psc,
24.83752,44.38616,5.01,χ And,52 And
75.54090,-26.27503,5.01,HR 1628,
78.85165,32.68760,5.01,14 Aur,
92.81250,-65.58942,5.01,η² Dor,
94.47844,61.51529,5.01,1 Lyn,
112.45320,27.91615,5.01,65 Gem,
118.06536,-34.70544,5.01,HR 3079,
128.68167,-49.94420,5.01,HR 3407,
143.53665,-51.25527,5.01,HR 3819,
160.76683,69.07621,5.01,HR 4181,
174.87340,-65.39777,5.01,HR 4492,
184.74912,-55.14300,5.01,HR 4682,
186.46230,39.01862,5.01,6 CVn,
187.52802,69.20112,5.01,4 Dra,
260.07862,18.05708,5.01,HR 6452,
297.24441,19.14204,5.01,ζ Sge,8 Sge
299.48763,-15.49149,5.01,61 Sgr,
67.20901,13.04760,5.02,79 Tau,
81.16309,37.38535,5.02,σ Aur,21 Aur
143.30192,-21.11572,5.02,HR 3808,
158.23695,-47.00335,5.02,HR 4143,
163.93498,33.50693,5.02,46 UMa,
209.14240,27.49208,5.02,9 Boo,
223.21283,-37.80316,5.02,HR 5543,
229.27452,71.82390,5.02,11 UMi,
267.26793,50.78108,5.02,30 Dra,
267.36232,76.96288,5.02,35 Dra,
275.38612,49.12159,5.02,HR 6891,
281.20808,2.06004,5.02,4 Aql,
284.33532,-20.65635,5.02,ξ¹ Sgr,36 Sgr
291.31871,-24.50858,5.02,χ¹ Sgr,47 Sgr
326.93397,-30.89830,5.02,θ PsA,10 PsA
31.64135,22.64832,5.03,κ Ari,12 Ari
72.54840,-16.21716,5.03,60 Eri,
90.81499,-26.28454,5.03,HR 2140,
109.20588,-36.59263,5.03,HR 2770,
116.48695,-14.56381,5.03,4 Pup,
127.36452,-44.72481,5.03,HR 3359,
164.86680,40.43026,5.03,Chalawan,47 UMa
188.78234,18.37706,5.03,24 Com,
205.40324,-8.70298,5.03,82 Vir,
213.73812,-57.08613,5.03,HR 5316,
252.93860,24.65643,5.03,51 Her,
255.46935,-32.14352,5.03,HR 6316,
259.65413,10.86448,5.03,HR 6433,
280.65814,55.53946,5.03,46 Dra,
290.71332,-54.42393,5.03,η Tel,
292.66599,-2.78889,5.03,36 Aql,
297.65720,52.98800,5.03,20 Cyg,
313.64016,28.05762,5.03,32 Vul,
0.58300,-29.72041,5.04,ζ Scl,
17.00339,43.94209,5.04,41 And,
26.52588,-53.52204,5.04,HR 520,
49.05085,50.93766,5.04,HR 969,
70.51448,-37.14430,5.04,β Cae,
89.76796,-9.55825,5.04,2 Mon,
91.76406,-62.15458,5.04,HR 2196,
94.11091,12.27216,5.04,74 Ori,
100.77076,44.52445,5.04,ψ⁴ Aur,55 Aur
110.86881,25.05053,5.04,57 Gem,
114.86913,17.67452,5.04,74 Gem,
115.73798,-45.17312,5.04,HR 2998,
121.66809,-45.26602,5.04,HR 3187,
181.19424,-76.51906,5.04,κ Cha,
198.01476,-16.19860,5.04,53 Vir,
201.28041,-74.88782,5.04,ι¹ Mus,
202.35522,-51.16513,5.04,HR 5071,
229.23707,-60.95726,5.04,δ Cir,
229.82832,1.76541,5.04,5 Ser,
232.73232,40.83305,5.04,ν¹ Boo,52 Boo
238.33357,-20.16704,5.04,λ Lib,45 Lib
319.61327,43.94595,5.04,68 Cyg,
324.23740,40.41352,5.04,74 Cyg,
329.81277,73.17990,5.04,16 Cep,
339.43910,-4.22806,5.04,Situla,κ Aqr
49.78180,50.09497,5.05,31 Per,
57.29673,24.13671,5.05,Pleione,28 Tau
76.24164,-49.57784,5.05,η² Pic,
80.00383,33.95805,5.05,19 Aur,
99.65680,-48.22018,5.05,HR 2462,
115.12942,87.02009,5.05,HR 2609,
129.78297,-22.66187,5.05,HR 3430,
271.75646,30.56214,5.05,99 Her,
332.87742,59.41449,5.05,λ Cep,22 Cep
347.38107,8.67716,5.05,57 Peg,
350.08577,5.38131,5.05,7 Psc,
356.97814,67.80681,5.05,HR 9013,
55.53891,63.21681,5.06,HR 1105,
78.85155,-26.94351,5.06,HR 1723,
80.44273,-24.77298,5.06,HR 1771,
92.18464,-68.84341,5.06,ν Dor,
92.96589,-6.55029,5.06,HR 2205,
96.98988,-4.76215,5.06,10 Mon,
113.57758,-23.47366,5.06,HR 2909,
124.57828,-65.61319,5.06,HR 3280,
151.54673,-47.37000,5.06,HR 3976,
165.21014,39.21209,5.06,49 UMa,
215.59662,-80.10895,5.06,ε Aps,
257.67638,-44.55772,5.06,HR 6371,
295.20901,45.52494,5.06,HR 7495,
295.62972,-16.12400,5.06,55 Sgr,
300.33983,50.10469,5.06,26 Cyg,
309.63297,24.11596,5.06,28 Vul,
312.52042,44.05930,5.06,56 Cyg,
312.87520,-51.60818,5.06,ι Ind,
318.33526,-70.12627,5.06,ο Pav,
358.12203,19.12029,5.06,φ Peg,81 Peg
8.18268,-63.03150,5.07,β³ Tuc,
12.24462,16.94064,5.07,64 Psc,
48.19349,-1.19610,5.07,94 Cet,
67.70874,-44.95375,5.07,δ Cae,
69.97785,53.07953,5.07,3 Cam,
81.12045,-0.89133,5.07,27 Ori,
104.60457,-34.11171,5.07,HR 2619,
108.34281,16.15897,5.07,51 Gem,
112.33518,28.11828,5.07,64 Gem,
116.85414,-38.51114,5.07,HR 3035,
142.98990,9.71577,5.07,6 Leo,
143.47286,-80.94126,5.07,ζ Cha,
145.07652,-14.33229,5.07,κ Hya,38 Hya
148.12681,-8.10503,5.07,γ Sex,8 Sex
158.70006,6.95375,5.07,48 Leo,
172.94196,-59.44206,5.07,ο¹ Cen,
213.19178,-27.26119,5.07,50 Hya,
249.05718,52.92442,5.07,17 Dra,
257.38857,40.77703,5.07,HR 6388,
262.99117,68.13502,5.07,27 Dra,
278.00811,-45.75738,5.07,δ² Tel,
286.74418,11.07123,5.07,18 Aql,
309.78242,10.08620,5.07,κ Del,7 Del
327.46122,30.17422,5.07,14 Peg,
331.28663,62.27981,5.07,19 Cep,
258.83601,-26.60321,5.07,Guniibuu B,36 Oph
9.03459,54.16845,5.08,HR 144,
57.06779,11.14329,5.08,30 Tau,
69.78840,15.79985,5.08,σ¹ Tau,91 Tau
72.84359,18.83986,5.08,97 Tau,
80.64054,79.23115,5.08,HR 1686,
81.91203,34.47589,5.08,φ Aur,24 Aur
92.55948,-74.75305,5.08,α Men,
101.90510,-8.99850,5.08,HR 2508,
119.32677,-44.10986,5.08,HR 3116,
126.90255,-53.08848,5.08,HR 3350,
147.14715,46.02101,5.08,HR 3881,
157.57282,-0.63703,5.08,β Sex,30 Sex
158.50368,-23.74517,5.08,44 Hya,
159.08559,-59.56439,5.08,HR 4164,
160.85400,23.18840,5.08,41 LMi,
170.84123,-18.77997,5.08,λ Crt,13 Crt
193.65377,-57.16867,5.08,μ² Cru,
224.18331,-62.78102,5.08,θ Cir,
283.67964,-15.60304,5.08,HR 7119,
301.72253,23.61443,5.08,17 Vul,
306.83004,-18.21172,5.08,π Cap,10 Cap
328.32402,-13.55177,5.08,μ Cap,51 Cap
338.94116,73.64319,5.08,31 Cep,
12.14665,-74.92344,5.09,λ Hyi,
29.33772,17.81753,5.09,ι Ari,8 Ari
52.50086,55.45181,5.09,HR 1046,
75.08633,81.19409,5.09,HR 1523,
98.40801,-1.22015,5.09,HR 2395,
110.48692,20.44366,5.09,56 Gem,
111.59105,-51.01848,5.09,HR 2862,
119.77381,-23.31040,5.09,12 Pup,
123.49298,-36.32228,5.09,HR 3240,
132.63942,-46.52919,5.09,HR 3527,
141.57486,-53.37891,5.09,HR 3753,
146.63193,57.12807,5.09,HR 3870,
147.48812,-45.73274,5.09,HR 3898,
170.83925,-64.95471,5.09,HR 4401,
184.00079,14.89907,5.09,6 Com,
237.81497,-3.09050,5.09,36 Ser,
242.75865,-29.41622,5.09,HR 6017,
267.20478,25.62287,5.09,87 Her,
275.57742,-38.65689,5.09,HR 6862,
301.28955,19.99107,5.09,η Sge,16 Sge
325.04623,43.27384,5.09,75 Cyg,
328.26570,25.92514,5.09,16 Peg,
331.50814,45.01435,5.09,HR 8424,
335.00631,-80.43975,5.09,ε Oct,
345.65154,42.75780,5.09,2 And,
350.76903,12.31391,5.09,66 Peg,
355.84317,10.33154,5.09,77 Peg,
44.32201,31.93422,5.10,21 Per,
50.68851,20.74207,5.10,τ² Ari,63 Ari
62.51158,80.69868,5.10,HR 1230,
65.96594,9.46097,5.10,66 Tau,
87.47308,-66.90119,5.10,ε Dor,
177.18786,-26.74978,5.10,HR 4532,
199.22137,-31.50620,5.10,HR 5006,
216.04726,5.82013,5.10,HR 5392,
240.30966,17.81840,5.10,5 Her,
251.66668,-67.10969,5.10,HR 6204,
261.05454,-44.16258,5.10,HR 6460,
272.22027,20.04523,5.10,101 Her,
289.63539,1.08513,5.10,23 Aql,
324.88860,2.24356,5.10,25 Aqr,
326.25106,-9.08243,5.10,46 Cap,
345.02125,56.94537,5.10,HR 8752,
358.02777,-82.01882,5.10,γ¹ Oct,
22.40055,-21.62934,5.11,48 Cet,
58.41226,-34.73230,5.11,HR 1214,
77.18208,-4.45621,5.11,68 Eri,
103.42602,68.88831,5.11,43 Cam,
109.65910,-36.74274,5.11,HR 2790,
149.42115,41.05563,5.11,19 LMi,
167.14167,-61.94718,5.11,HR 4338,
201.53224,-39.75511,5.11,HR 5058,
238.87337,-68.60300,5.11,κ TrA,
276.05745,39.50724,5.11,μ Lyr,2 Lyr
280.94559,-38.32344,5.11,λ CrA,
287.29074,76.56050,5.11,59 Dra,
310.01020,-60.54889,5.11,φ² Pav,
312.12126,-43.98854,5.11,ι Mic,
329.16310,63.62556,5.11,HR 8383,
334.11068,-41.62723,5.11,μ² Gru,
339.65790,56.79563,5.11,HR 8621,
341.02284,41.81923,5.11,13 Lac,
28.59183,-42.49695,5.12,φ Phe,
45.90358,-59.73777,5.12,μ Hor,
76.69022,-4.65516,5.12,66 Eri,
107.69787,-48.93210,5.12,HR 2719,
110.51096,36.76058,5.12,65 Aur,
115.92460,-40.93375,5.12,HR 3002,
117.92495,1.76687,5.12,ζ CMi,13 CMi
139.09599,-44.26573,5.12,HR 3692,
143.43561,-49.00507,5.12,HR 3817,
160.48620,65.71628,5.12,38 UMa,
163.39366,54.58513,5.12,44 UMa,
172.95334,-59.51565,5.12,ο² Cen,
188.93980,-41.02195,5.12,HR 4794,
191.66150,16.57769,5.12,27 Com,
266.03628,-51.83405,5.12,Cervantes,μ Ara
275.25425,28.86995,5.12,107 Her,
277.85956,-18.40270,5.12,HR 6944,
278.75997,-10.97721,5.12,HR 6970,
292.68915,27.96528,5.12,Albireo B,β² Cyg
293.78024,-10.56044,5.12,37 Aql,
297.75684,10.41573,5.12,ο Aql,54 Aql
308.47946,-44.51605,5.12,ν Mic,
335.39820,-21.59823,5.12,47 Aqr,
345.87420,-34.74941,5.12,π PsA,
0.45603,-3.02750,5.13,29 Psc,
3.61512,-7.78053,5.13,HR 46,
19.44981,3.61447,5.13,89 Psc,
37.00708,-33.81104,5.13,φ For,
51.16900,64.58600,5.13,HR 1009,
83.81861,-5.38970,5.13,θ¹ Ori,41 Ori
125.01609,27.21771,5.13,χ Cnc,18 Cnc
126.47820,7.56451,5.13,HR 3306,
173.22555,-31.08723,5.13,HR 4449,
211.98231,43.85445,5.13,HR 5299,
226.32984,-41.06724,5.13,HR 5607,
233.65550,-28.04698,5.13,36 Lib,
243.81385,-47.37202,5.13,θ Nor,
260.22586,24.49943,5.13,70 Her,
287.91896,56.85921,5.13,53 Dra,
316.17931,-77.02377,5.13,α Oct,
359.73233,-52.74581,5.13,π Phe,
9.19355,44.48859,5.14,HR 152,
18.60017,-7.92283,5.14,37 Cet,
52.60196,11.33644,5.14,4 Tau,
57.38622,33.09138,5.14,42 Per,
81.58030,-58.91252,5.14,λ Dor,
90.86403,19.69056,5.14,64 Ori,
102.47757,-46.61456,5.14,HR 2548,
102.73786,67.57193,5.14,42 Cam,
105.21455,-51.40259,5.14,HR 2652,
105.90864,10.95182,5.14,HR 2649,
106.07635,-56.74972,5.14,HR 2683,
114.31955,-4.11098,5.14,25 Mon,
116.87635,33.41570,5.14,π Gem,80 Gem
119.46552,-45.57767,5.14,HR 3121,
121.26870,13.11821,5.14,8 Cnc,
123.40065,-46.99163,5.14,HR 3244,
161.73951,-56.75719,5.14,HR 4221,
172.14620,-42.67420,5.14,HR 4423,
174.25278,-61.28344,5.14,HR 4475,
183.04967,77.61624,5.14,HR 4646,
185.23213,-13.56572,5.14,HR 4699,
199.56051,49.68206,5.14,21 CVn,
214.88533,-2.26552,5.14,υ Vir,102 Vir
233.81214,39.01007,5.14,μ CrB,6 CrB
239.22289,-33.96613,5.14,ξ¹ Lup,
259.50284,-24.28690,5.14,ο Oph,39 Oph
284.65218,-60.20055,5.14,ω Pav,
288.42794,2.29371,5.14,21 Aql,
291.36916,19.79837,5.14,4 Vul,
298.32240,57.52348,5.14,23 Cyg,
304.66280,34.98277,5.14,35 Cyg,
310.48779,-66.76068,5.14,υ Pav,
17.77820,31.42474,5.15,82 Psc,
30.42660,-44.71351,5.15,χ Phe,
38.02568,36.14727,5.15,14 Tri,
94.42385,-16.81591,5.15,HR 2260,
116.66366,37.51739,5.15,HR 2999,
130.91781,-49.82280,5.15,HR 3476,
132.98680,43.72660,5.15,35 Lyn,
137.09801,66.87323,5.15,σ¹ UMa,11 UMa
145.73843,72.25262,5.15,27 UMa,
153.37776,-66.37281,5.15,HR 4025,
166.81962,-42.63868,5.15,HR 4327,
174.53056,-61.82656,5.15,HR 4487,
180.91460,-42.43406,5.15,HR 4600,
185.53069,-67.52210,5.15,ζ² Mus,
196.97421,-10.74041,5.15,49 Vir,
206.73480,-36.25193,5.15,HR 5174,
221.50036,-25.44318,5.15,54 Hya,
222.67159,-15.99724,5.15,α¹ Lib,8 Lib
228.65889,67.34672,5.15,HR 5691,
229.01677,-41.49115,5.15,HR 5667,
232.15932,1.84208,5.15,10 Ser,
251.45789,8.58262,5.15,43 Her,
299.97997,37.04288,5.15,25 Cyg,
309.85371,0.48645,5.15,1 Aqr,
310.01227,-18.13866,5.15,υ Cap,15 Cap
311.66193,16.12413,5.15,γ¹ Del,12 Del
347.93412,8.72012,5.15,59 Peg,
5.28026,37.96860,5.16,ρ And,27 And
35.58931,55.84565,5.16,9 Per,
44.15593,-3.71232,5.16,HR 875,
49.65723,50.22217,5.16,29 Per,
87.72176,-52.10887,5.16,HR 2049,
97.84602,-12.39195,5.16,HR 2379,
117.94293,-13.89803,5.16,9 Pup,
123.81641,-62.91564,5.16,HR 3260,
137.33973,22.04545,5.16,Nahn,ξ Cnc
158.79026,57.08264,5.16,37 UMa,
208.67560,-1.50313,5.16,90 Vir,
226.20045,-64.03135,5.16,η Cir,
231.44748,15.42804,5.16,τ¹ Ser,9 Ser
233.61048,-9.18342,5.16,HR 5780,
278.08885,-39.70400,5.16,HR 6942,
320.72339,6.81114,5.16,β Equ,10 Equ
325.38693,-14.04761,5.16,42 Cap,
343.10030,9.83566,5.16,σ Peg,49 Peg
7.59439,-23.78768,5.17,HR 118,
12.53165,-10.64433,5.17,φ² Cet,19 Cet
17.06216,54.92034,5.17,μ Cas,30 Cas
39.50863,72.81825,5.17,HR 743,
41.23992,12.44576,5.17,38 Ari,
65.92021,-3.74547,5.17,ξ Eri,42 Eri
117.42166,-17.22841,5.17,6 Pup,
134.71824,-47.23469,5.17,HR 3588,
134.85117,-59.08371,5.17,HR 3598,
179.00399,-17.15083,5.17,η Crt,30 Crt
181.95848,-75.36702,5.17,HR 4617,
186.07719,26.09861,5.17,13 Com,
190.31647,-13.01390,5.17,HR 4821,
194.26818,-51.19875,5.17,HR 4913,
268.32511,40.00796,5.17,90 Her,
286.58310,-52.34091,5.17,ρ Tel,
291.24246,11.94441,5.17,31 Aql,
291.53802,36.31790,5.17,4 Cyg,
294.15833,44.69494,5.17,HR 7468,
316.30935,-54.72704,5.17,μ Ind,
318.90792,-20.65170,5.17,φ Cap,28 Cap
357.83891,-18.90916,5.17,108 Aqr,
197.49583,17.52898,5.17,α Com,42 Com
5.37997,-28.98147,5.18,ι Scl,
7.05681,44.39445,5.18,HR 104,
25.73240,70.62253,5.18,42 Cas,
61.65171,27.59990,5.18,41 Tau,
73.69540,11.42601,5.18,6 Ori,
77.92319,16.04567,5.18,HR 1684,
82.96977,-76.34096,5.18,γ Men,
84.93415,25.89709,5.18,125 Tau,
86.49956,-32.30644,5.18,μ Col,
104.96067,-67.91644,5.18,HR 2662,
111.16745,-16.20147,5.18,HR 2825,
125.33769,-36.48418,5.18,HR 3283,
126.38055,-51.72742,5.18,HR 3330,
129.99003,-53.05473,5.18,HR 3442,
138.58562,61.42332,5.18,16 UMa,
160.88733,46.20388,5.18,HR 4191,
169.32251,2.01056,5.18,75 Leo,
171.43076,-63.97248,5.18,HR 4413,
213.01683,69.43255,5.18,HR 5334,
223.89431,-60.11416,5.18,HR 5546,
283.16512,-52.10737,5.18,κ Tel,
294.79851,5.39777,5.18,σ Aql,44 Aql
297.64164,38.72242,5.18,19 Cyg,
303.87600,23.50891,5.18,22 Vul,
307.87668,74.95462,5.18,73 Dra,
325.76709,72.32008,5.18,HR 8324,
356.81664,-50.22646,5.18,σ Phe,
35.63556,-23.81633,5.19,κ For,
36.10378,50.00655,5.19,64 And,
76.89174,-63.39968,5.19,HR 1695,
91.05625,-6.70894,5.19,HR 2142,
96.80734,0.29925,5.19,HR 2334,
119.90643,-60.58706,5.19,HR 3153,
129.77142,-70.38675,5.19,θ Vol,
132.46458,-32.78052,5.19,HR 3512,
157.36959,-2.73908,5.19,δ Sex,29 Sex
174.01116,69.32295,5.19,2 Dra,
199.19382,9.42416,5.19,59 Vir,
226.65666,-16.25682,5.19,ν Lib,21 Lib
236.66658,62.59956,5.19,HR 5886,
247.70569,-61.63350,5.19,HR 6125,
261.50016,-50.63351,5.19,κ Ara,
303.56054,28.69482,5.19,21 Vul,
313.90287,13.72154,5.19,17 Del,
319.84257,64.87185,5.19,6 Cep,
339.66273,63.58447,5.19,30 Cep,
350.66321,-15.03934,5.19,97 Aqr,
7.53067,29.75156,5.20,28 And,
8.81199,-3.59285,5.20,13 Cet,
64.17957,53.61180,5.20,HR 1314,
68.54846,-8.23135,5.20,47 Eri,
88.74095,59.88837,5.20,31 Cam,
93.71201,19.15645,5.20,71 Ori,
97.36883,-56.85277,5.20,HR 2389,
100.60135,17.64530,5.20,26 Gem,
105.60326,24.21545,5.20,ω Gem,42 Gem
106.01166,-42.33728,5.20,HR 2666,
108.97901,59.63747,5.20,18 Lyn,
111.93486,21.44525,5.20,63 Gem,
122.39965,-44.12277,5.20,HR 3204,
130.07994,-40.26387,5.20,HR 3439,
130.48713,-45.41071,5.20,HR 3456,
175.43312,-32.49940,5.20,HR 4503,
185.14020,-22.21590,5.20,ζ Crv,5 Crv
196.43517,35.79890,5.20,14 CVn,
209.62978,-24.97225,5.20,47 Hya,
245.58927,33.79905,5.20,ν¹ CrB,20 CrB
276.80212,0.19611,5.20,59 Ser,
281.93589,-40.40617,5.20,μ CrA,
284.25662,32.90127,5.20,HR 7162,
286.85654,32.50174,5.20,17 Lyr,
316.60282,-32.34162,5.20,HR 8076,
316.72191,38.74941,5.20,61 Cyg,
349.77777,-13.45855,5.20,94 Aqr,
16.94936,-41.48692,5.21,υ Phe,
18.43285,7.57535,5.21,Revati,ζ Psc
40.16499,-54.54991,5.21,ζ Hor,
61.75192,29.00130,5.21,ψ Tau,42 Tau
89.70656,0.55298,5.21,60 Ori,
96.04300,-11.53009,5.21,HR 2305,
96.70365,58.41741,5.21,5 Lyn,
100.48494,-9.16754,5.21,HR 2469,
171.37278,-36.06306,5.21,HR 4409,
198.99483,-19.94310,5.21,57 Vir,
203.24197,-10.16500,5.21,76 Vir,
237.57310,2.19651,5.21,ω Ser,34 Ser
260.81699,-47.46820,5.21,ι Ara,
338.67345,-20.70822,5.21,υ Aqr,59 Aqr
11.18499,-22.00614,5.22,HR 197,
31.38154,76.11506,5.22,49 Cas,
44.67533,-2.78288,5.22,HR 892,
63.65097,10.01141,5.22,HR 1315,
69.40054,-2.47355,5.22,51 Eri,
76.53524,58.97237,5.22,11 Cam,
80.45172,41.80457,5.22,ρ Aur,20 Aur
97.95125,11.54441,5.22,HR 2375,
101.91491,48.78948,5.22,ψ6 Aur,57 Aur
105.48493,-5.72206,5.22,HR 2639,
112.00865,6.94197,5.22,η CMi,5 CMi
116.88128,-46.60849,5.22,HR 3037,
119.86825,-39.29694,5.22,HR 3140,
134.31228,15.32276,5.22,ο¹ Cnc,62 Cnc
168.18852,-64.16977,5.22,HR 4355,
171.64761,-61.11517,5.22,HR 4415,
180.52859,43.04560,5.22,67 UMa,
191.40441,7.67333,5.22,32 Vir,
214.96503,-61.27297,5.22,HR 5349,
221.75541,-52.38352,5.22,HR 5495,
251.94340,5.24675,5.22,45 Her,
282.41710,-20.32466,5.22,29 Sgr,
282.47049,32.55106,5.22,ν² Lyr,9 Lyr
290.71202,26.26240,5.22,3 Vul,
300.36891,64.82097,5.22,64 Dra,
322.36224,46.54059,5.22,71 Cyg,
352.82235,39.23620,5.22,Veritate,14 And
20.28071,28.73821,5.23,91 Psc,
33.20032,21.21099,5.23,η Ari,17 Ari
46.63955,-6.08856,5.23,HR 935,
101.11861,-31.07052,5.23,10 CMa,
111.03528,40.67239,5.23,66 Aur,
122.42982,-47.93719,5.23,HR 3213,
133.91534,27.92748,5.23,ρ² Cnc,58 Cnc
134.88608,32.41856,5.23,σ³ Cnc,64 Cnc
135.43569,-52.18868,5.23,HR 3605,
136.93672,10.66819,5.23,κ Cnc,76 Cnc
149.71787,-35.89097,5.23,η Ant,
161.62333,-64.26324,5.23,HR 4220,
163.37304,-20.13873,5.23,HR 4251,
193.86897,65.43847,5.23,Taiyi,8 Dra
221.93668,-26.08750,5.23,56 Hya,
235.65967,-37.42493,5.23,HR 5837,
243.67035,33.85861,5.23,σ CrB,17 CrB
252.89050,-41.23053,5.23,HR 6245,
253.64873,-6.15398,5.23,23 Oph,
263.74755,61.87455,5.23,26 Dra,
287.24964,6.07321,5.23,19 Aql,
300.50595,24.93804,5.23,16 Vul,
2.93328,-35.13312,5.24,θ Scl,
12.67152,-50.98682,5.24,ρ Phe,
25.62405,20.26850,5.24,107 Psc,
45.21751,52.35174,5.24,HR 890,
49.54964,-62.50636,5.24,ζ² Ret,
54.07255,-17.46706,5.24,20 Eri,
56.12712,-1.16309,5.24,24 Eri,
56.91521,-23.87468,5.24,τ7 Eri,28 Eri
57.57889,25.57936,5.24,HR 1188,
65.47194,-63.38639,5.24,η Ret,
68.54904,-8.97026,5.24,HR 1452,
80.86598,57.54440,5.24,16 Cam,
83.91451,-4.85607,5.24,45 Ori,
101.68475,43.57743,5.24,ψ⁵ Aur,56 Aur
109.63963,-39.21028,5.24,HR 2791,
113.02479,1.91448,5.24,δ¹ CMi,7 CMi
129.46731,-26.25500,5.24,η Pyx,
138.60204,-43.22749,5.24,HR 3674,
139.17390,-6.35314,5.24,23 Hya,
174.61503,8.13430,5.24,ω Vir,1 Vir
197.84683,-43.36855,5.24,HR 4973,
226.56957,54.55632,5.24,HR 5635,
243.46210,-11.83775,5.24,χ Sco,17 Sco
246.93107,-7.59793,5.24,HR 6128,
247.63980,20.47919,5.24,HR 6152,
276.07601,-44.11026,5.24,HR 6875,
299.27623,-58.90135,5.24,HR 7587,
309.81799,-14.95476,5.24,τ Cap,14 Cap
314.77130,4.29461,5.24,HIP 103571,
325.50288,-23.26286,5.24,41 Cap,
332.95272,56.83936,5.24,HR 8472,
341.88803,-19.61338,5.24,68 Aqr,
356.05032,-18.27694,5.24,106 Aqr,
270.76803,-8.18171,5.24,τ Oph,69 Oph
25.53583,-32.32697,5.25,π Scl,
33.98452,33.35889,5.25,7 Tri,
42.25593,-62.80652,5.25,ν Hor,
80.87565,-13.92735,5.25,8 Lep,
98.08907,-37.69670,5.25,HR 2399,
99.44836,-32.33973,5.25,HR 2447,
116.56750,10.76825,5.25,11 CMi,
121.06746,-32.67483,5.25,HR 3170,
154.40751,-8.06891,5.25,ε Sex,22 Sex
157.77072,82.55859,5.25,HR 4084,
234.45661,40.35343,5.25,φ Boo,54 Boo
264.52307,-54.50043,5.25,π Ara,
270.59604,20.83363,5.25,96 Her,
275.70432,17.82662,5.25,HR 6885,
281.44484,74.08555,5.25,HR 7117,
286.82554,36.10016,5.25,ι Lyr,18 Lyr
318.26265,-39.42492,5.25,HR 8104,
340.36938,40.22545,5.25,12 Lac,
345.88692,67.20921,5.25,HR 8779,
42.32316,17.46431,5.26,π Ari,42 Ari
46.06881,-7.60086,5.26,ρ³ Eri,10 Eri
65.15129,15.09545,5.26,58 Tau,
65.16812,65.14044,5.26,HR 1327,
87.00097,6.45416,5.26,52 Ori,
98.80026,28.02231,5.26,49 Aur,
138.57502,-55.56963,5.26,HR 3679,
139.52450,-51.05086,5.26,HR 3703,
149.55573,12.44480,5.26,ν Leo,27 Leo
152.17835,-65.81544,5.26,HR 3995,
163.12854,-57.24041,5.26,HR 4250,
173.98156,-47.64164,5.26,HR 4466,
175.19613,21.35273,5.26,92 Leo,
178.67724,-25.71389,5.26,HR 4558,
208.02032,-52.81153,5.26,HR 5207,
212.07217,49.45817,5.26,13 Boo,
232.35112,-46.73270,5.26,HR 5742,
234.12324,10.01018,5.26,16 Ser,
245.45304,69.10939,5.26,HR 6126,
284.93949,26.23040,5.26,HR 7181,
330.97064,63.11992,5.26,18 Cep,
22.52542,47.00727,5.27,49 And,
31.27972,77.28134,5.27,47 Cas,
33.22695,-30.72383,5.27,μ For,
37.87541,2.26718,5.27,HR 737,
37.91751,-79.10938,5.27,μ Hyi,
50.30676,21.14709,5.27,τ¹ Ari,61 Ari
66.35421,22.20000,5.27,κ² Tau,67 Tau
94.92833,-7.82291,5.27,7 Mon,
101.83917,-37.92970,5.27,HR 2518,
113.40201,15.82666,5.27,68 Gem,
128.81487,-58.22474,5.27,HR 3415,
148.92918,49.81984,5.27,31 UMa,
153.34524,-51.23297,5.27,HR 4017,
157.21911,-64.17228,5.27,HR 4120,
176.73174,55.62819,5.27,HR 4521,
190.70947,-63.05862,5.27,HR 4830,
201.67988,-12.70766,5.27,68 Vir,
223.58388,-24.64220,5.27,12 Lib,
245.11192,-78.66750,5.27,δ² Aps,
255.40150,33.56827,5.27,59 Her,
255.78629,-53.23703,5.27,ε² Ara,
284.77392,13.62224,5.27,11 Aql,
304.23036,40.36507,5.27,HR 7759,
327.72620,-82.71890,5.27,λ Oct,
331.25204,62.78567,5.27,20 Cep,
333.29252,86.10796,5.27,HR 8546,
355.61594,-15.44803,5.27,HR 8987,
24.62889,73.04004,5.28,40 Cas,
59.15205,50.69538,5.28,43 Per,
60.38354,-1.54966,5.28,35 Eri,
71.08808,-59.73273,5.28,κ Dor,
76.95167,20.41838,5.28,106 Tau,
84.43591,-28.68969,5.28,ν² Col,
86.92878,13.89960,5.28,133 Tau,
91.92350,-19.16587,5.28,19 Lep,
97.45453,-50.23909,5.28,HR 2384,
101.71288,-14.42597,5.28,11 CMa,
102.88769,21.76115,5.28,36 Gem,
125.51877,-73.39999,5.28,η Vol,
131.81244,-1.89703,5.28,HR 3486,
138.95748,56.74141,5.28,17 UMa,
139.35501,-74.89431,5.28,HR 3720,
144.59074,40.23979,5.28,42 Lyn,
176.43324,-45.69013,5.28,HR 4519,
180.21317,-19.65898,5.28,HR 4590,
184.95299,48.98415,5.28,3 CVn,
228.62152,29.16429,5.28,χ Boo,48 Boo
246.98877,-64.05794,5.28,ι TrA,
249.50193,56.01554,5.28,HR 6199,
261.71658,-45.84303,5.28,HR 6477,
278.49069,-33.01656,5.28,HR 6960,
289.45416,11.59542,5.28,ω¹ Aql,25 Aql
295.64171,11.82658,5.28,χ Aql,47 Aql
299.05938,11.42372,5.28,φ Aql,61 Aql
304.84834,-19.11853,5.28,σ Cap,7 Cap
336.14646,-72.25541,5.28,ν Ind,
356.50383,-18.67834,5.28,107 Aqr,
2.50940,-82.22405,5.29,γ³ Oct,
3.04160,-17.93828,5.29,HR 37,
26.41145,-25.05261,5.29,ε Scl,
29.90838,64.62160,5.29,HR 567,
34.73747,28.64267,5.29,10 Tri,
35.48595,0.39567,5.29,69 Cet,
37.04158,29.66933,5.29,12 Tri,
63.38793,7.71605,5.29,46 Tau,
66.52626,31.43891,5.29,HR 1390,
72.00104,56.75718,5.29,4 Cam,
79.99593,-12.31559,5.29,ν Lep,7 Lep
85.56332,-34.66781,5.29,HR 1973,
88.70874,-52.63548,5.29,HR 2094,
103.94553,-22.94144,5.29,HR 2595,
109.71364,-26.58585,5.29,HR 2786,
147.97098,24.39537,5.29,22 Leo,
187.22795,25.91285,5.29,17 Com,
213.71187,10.10061,5.29,15 Boo,
273.80378,-20.72827,5.29,15 Sgr,
283.69845,-87.60584,5.29,χ Oct,
321.71502,48.83517,5.29,HR 8216,
323.02447,-41.17931,5.29,ξ Gru,
326.51819,22.94888,5.29,12 Peg,
331.19759,-0.90634,5.29,32 Aqr,
10.27995,39.45866,5.30,32 And,
39.35138,-52.54309,5.30,η Hor,
40.17113,27.06094,5.30,33 Ari,
53.10947,46.05686,5.30,36 Per,
70.69349,-50.48133,5.30,λ Pic,
70.72633,43.36514,5.30,59 Per,
75.67919,-71.31430,5.30,β Men,
101.49748,-14.79613,5.30,HR 2498,
108.06588,-40.49881,5.30,HR 2727,
116.02881,25.78416,5.30,76 Gem,
119.58606,2.22477,5.30,14 CMi,
121.94106,21.58182,5.30,μ² Cnc,10 Cnc
132.34053,-3.44302,5.30,14 Hya,
138.45088,43.21782,5.30,36 Lyn,
145.17741,-57.98355,5.30,HR 3863,
152.52453,-12.81592,5.30,HR 3991,
172.26722,39.33697,5.30,57 UMa,
260.83997,-28.14283,5.30,43 Oph,
274.79449,24.44606,5.30,105 Her,
295.18075,-16.29327,5.30,54 Sgr,
299.96393,-34.69780,5.30,θ² Sgr,
304.19619,24.67110,5.30,24 Vul,
305.79456,5.34299,5.30,HR 7794,
314.56814,22.32591,5.30,33 Vul,
314.76866,4.29348,5.30,ε Equ,1 Equ
317.14009,-21.19367,5.30,χ Cap,25 Cap
321.83902,37.11680,5.30,70 Cyg,
325.56438,5.68014,5.30,7 Peg,
346.91363,46.38723,5.30,4 And,
355.15899,-32.07312,5.30,μ Scl,
358.15461,10.94732,5.30,82 Peg,
33.40092,51.06582,5.31,HR 645,
34.82006,47.37997,5.31,62 And,
86.61405,-46.59718,5.31,HR 2008,
116.01743,50.43379,5.31,HR 2969,
133.46082,-47.52078,5.31,HR 3551,
139.23784,-39.40154,5.31,HR 3694,
168.96625,13.30758,5.31,73 Leo,
175.26256,34.20164,5.31,61 UMa,
176.97876,8.24590,5.31,4 Vir,
183.51128,-45.72392,5.31,HR 4652,
198.54542,-19.93095,5.31,55 Vir,
247.92404,-41.81714,5.31,HR 6142,
262.59915,-1.06292,5.31,HR 6516,
287.46963,-68.42445,5.31,HR 7221,
318.93684,-15.17150,5.31,29 Cap,
336.23457,-57.79742,5.31,HR 8531,
17.66368,68.77862,5.32,31 Cas,
45.67614,-7.68547,5.32,ρ² Eri,9 Eri
50.80495,49.21327,5.32,HR 1011,
60.93585,5.43562,5.32,40 Tau,
69.30698,0.99831,5.32,HR 1469,
83.56989,3.76689,5.32,38 Ori,
117.25698,-24.91221,5.32,HR 3043,
126.26559,-24.04621,5.32,HR 3315,
162.31429,10.54520,5.32,53 Leo,
175.61834,66.74491,5.32,3 Dra,
185.89761,-35.41268,5.32,HR 4712,
201.30852,-64.48514,5.32,HR 5048,
222.32939,-14.14902,5.32,μ Lib,7 Lib
223.93628,-33.85578,5.32,HR 5558,
228.79731,4.93936,5.32,3 Ser,
245.61666,-49.57235,5.32,HR 6083,
258.11588,10.58517,5.32,37 Oph,
297.96084,-39.87437,5.32,HR 7552,
300.46845,-66.94397,5.32,μ² Pav,
302.79948,-36.10121,5.32,HR 7703,
315.74149,-38.63145,5.32,ζ Mic,
342.59483,-80.12385,5.32,ξ Oct,
16.42063,21.47318,5.33,ψ¹ Psc,74 Psc
64.81951,-44.26792,5.33,HR 1364,
73.34489,2.50822,5.33,5 Ori,
73.69909,7.77910,5.33,HR 1571,
76.97038,8.49843,5.33,14 Ori,
121.82517,-20.55434,5.33,HR 3183,
124.95411,-71.51491,5.33,κ¹ Vol,
127.26981,-47.92892,5.33,HR 3358,
127.89888,18.09442,5.33,θ Cnc,31 Cnc
128.17709,20.44116,5.33,η Cnc,33 Cnc
161.56904,-64.51456,5.33,HR 4219,
199.31511,13.67575,5.33,HR 5013,
275.72115,-36.66956,5.33,HR 6870,
284.56145,17.36091,5.33,HR 7165,
297.00482,-56.36261,5.33,ν Tel,
300.01378,17.51651,5.33,13 Sge,
333.57513,-21.07457,5.33,41 Aqr,
353.36706,22.49877,5.33,71 Peg,
30.31139,-30.00183,5.34,π For,
43.42752,38.33749,5.34,20 Per,
56.41851,6.04999,5.34,29 Tau,
64.90293,21.77349,5.34,56 Tau,
79.79675,2.59581,5.34,21 Ori,
83.17230,-1.59183,5.34,HR 1861,
83.24809,-64.22752,5.34,HR 1917,
93.85470,16.14317,5.34,72 Ori,
95.44217,53.45218,5.34,45 Aur,
99.70493,39.90256,5.34,ψ³ Aur,52 Aur
101.70625,57.16918,5.34,13 Lyn,
103.27107,59.44854,5.34,14 Lyn,
113.78667,30.96092,5.34,HR 2896,
123.20328,68.47407,5.34,HR 3182,
132.64473,-66.79298,5.34,HR 3537,
141.04020,-80.78688,5.34,ι Cha,
155.87217,-38.00984,5.34,HR 4086,
181.16218,-68.32891,5.34,HR 4604,
182.06133,-48.69249,5.34,HR 4620,
193.98807,-56.83581,5.34,HR 4908,
216.20262,-24.80631,5.34,HR 5390,
235.44756,12.84753,5.34,χ Ser,20 Ser
253.24194,31.70167,5.34,53 Her,
293.67190,42.41251,5.34,HR 7444,
313.41741,-39.80987,5.34,HR 7987,
327.53623,17.28585,5.34,13 Peg,
333.19926,34.60459,5.34,HR 8475,
334.20018,-12.83144,5.34,42 Aqr,
344.26875,48.68407,5.34,HR 8731,
12.68163,64.24755,5.35,HR 233,
14.00620,-11.26653,5.35,φ³ Cet,22 Cet
21.56359,19.17235,5.35,ρ Psc,93 Psc
71.50725,11.70559,5.35,HR 1519,
91.64624,38.48264,5.35,40 Aur,
92.49585,58.93569,5.35,37 Cam,
111.18273,-31.80890,5.35,HR 2834,
112.48300,49.67246,5.35,22 Lyn,
130.25444,45.83401,5.35,34 Lyn,
143.08032,-40.64934,5.35,HR 3807,
205.76547,3.53790,5.35,84 Vir,
230.25831,0.71534,5.35,6 Ser,
238.65774,43.13857,5.35,2 Her,
242.03159,-26.32668,5.35,HR 6001,
247.42636,-46.24323,5.35,HR 6131,
253.84238,18.43321,5.35,54 Her,
264.15686,48.58563,5.35,82 Her,
284.07066,-42.71068,5.35,HR 7122,
288.16963,-7.93952,5.35,20 Aql,
335.04964,-7.82110,5.35,ρ Aqr,46 Aqr
350.47888,31.81246,5.35,64 Peg,
354.78474,50.47173,5.35,18 And,
9.98154,21.43849,5.36,55 Psc,
11.63733,15.47550,5.36,57 Psc,
16.82757,-61.77529,5.36,ι Tuc,
36.22481,-60.31195,5.36,λ Hor,
38.03925,-1.03490,5.36,75 Cet,
61.04115,2.82695,5.36,HR 1257,
69.99189,53.47302,5.36,2 Cam,
83.38103,-1.15607,5.36,HR 1868,
87.84161,-7.51800,5.36,55 Ori,
93.21273,65.71842,5.36,36 Cam,
94.71076,-9.39002,5.36,HR 2267,
108.58359,3.11141,5.36,HR 2729,
108.83781,-30.68645,5.36,HR 2756,
116.39604,-34.17236,5.36,HR 3018,
119.24085,-43.50041,5.36,HR 3114,
122.88752,-7.77254,5.36,HR 3212,
138.80772,14.94151,5.36,π² Cnc,82 Cnc
145.93293,14.02169,5.36,ψ Leo,16 Leo
160.66904,-59.21576,5.36,HR 4198,
161.46624,30.68231,5.36,42 LMi,
179.98713,3.65520,5.36,7 Vir,
200.75464,-17.73527,5.36,63 Vir,
221.32203,-62.87565,5.36,HR 5482,
231.18756,-39.71027,5.36,υ Lup,
234.72732,-19.30189,5.36,41 Lib,
260.04098,25.53760,5.36,HR 6455,
274.28139,-56.02335,5.36,HR 6819,
284.16873,-37.34324,5.36,HR 7129,
311.88975,80.55226,5.36,HR 8016,
334.56434,-53.62707,5.36,HR 8501,
355.39371,-18.02708,5.36,103 Aqr,
26.49692,-5.73330,5.37,HR 513,
75.70291,-49.15141,5.37,η¹ Pic,
83.86303,24.03959,5.37,121 Tau,
91.66140,-4.19384,5.37,HR 2154,
93.91885,59.99898,5.37,40 Cam,
96.36935,-69.69030,5.37,π² Dor,
110.87079,-27.83429,5.37,HR 2822,
111.24241,11.66952,5.37,1 CMi,
120.04896,73.91792,5.37,HR 3075,
150.25296,31.92367,5.37,20 LMi,
168.13787,-49.10100,5.37,HR 4350,
187.48900,58.40574,5.37,74 UMa,
194.97998,66.59727,5.37,9 Dra,
224.47133,-76.66266,5.37,HR 5540,
244.31392,59.75502,5.37,HR 6086,
246.00533,-39.19298,5.37,HR 6094,
270.71290,-24.28247,5.37,7 Sgr,
277.77018,-32.98911,5.37,HR 6936,
281.58587,-22.39218,5.37,28 Sgr,
281.59274,75.43396,5.37,50 Dra,
332.48209,-34.01497,5.37,HR 8444,
333.00840,60.75910,5.37,HR 8479,
335.11491,5.78950,5.37,30 Peg,
346.16502,-53.96491,5.37,κ Gru,
5.14942,8.19027,5.38,41 Psc,
6.19789,61.83106,5.38,12 Cas,
8.14784,20.29432,5.38,52 Psc,
10.61803,-65.46803,5.38,ρ Tuc,
38.94504,34.68756,5.38,15 Tri,
60.65310,-0.26892,5.38,HR 1249,
65.16255,-20.63962,5.38,HR 1367,
65.64560,25.62931,5.38,χ Tau,59 Tau
69.77565,7.87098,5.38,HR 1480,
79.75011,33.74839,5.38,HR 1732,
110.16171,-52.08592,5.38,HR 2815,
118.91624,19.88397,5.38,85 Gem,
139.32224,-68.68964,5.38,HR 3712,
141.94492,-6.07119,5.38,HR 3750,
185.70604,-57.67613,5.38,HR 4706,
186.87028,-58.99176,5.38,HR 4739,
192.30744,83.41290,5.38,HR 4893,
205.50460,-58.78708,5.38,HR 5140,
217.58734,-49.51902,5.38,HR 5413,
224.07184,-52.80955,5.38,HR 5556,
230.45243,32.93370,5.38,50 Boo,
238.47465,-24.53316,5.38,HR 5906,
260.16480,32.46774,5.38,72 Her,
277.42076,-1.98531,5.38,60 Ser,
278.48624,52.35352,5.38,HR 6983,
279.11597,9.12249,5.38,HR 6985,
281.87062,-5.70515,5.38,HR 7066,
289.09059,-45.46603,5.38,HR 7289,
297.69493,-10.76351,5.38,51 Aql,
301.59082,35.97247,5.38,27 Cyg,
307.06031,81.42271,5.38,75 Dra,
315.29553,46.15577,5.38,60 Cyg,
321.03997,-20.85187,5.38,33 Cap,
332.79104,50.82339,5.38,HR 8463,
15.70495,-46.39731,5.39,HR 299,
42.47574,-27.94198,5.39,γ² For,
58.99236,47.87142,5.39,HR 1207,
62.70775,26.48095,5.39,44 Tau,
71.10762,11.14614,5.39,HR 1507,
74.96022,-10.26333,5.39,63 Eri,
94.27758,9.94239,5.39,75 Ori,
101.71950,-51.26567,5.39,HR 2523,
102.24057,-15.14473,5.39,HR 2522,
121.19652,79.47961,5.39,HR 3082,
142.88507,35.10327,5.39,8 LMi,
171.00969,1.40776,5.39,79 Leo,
173.40506,-40.58664,5.39,HR 4453,
219.33399,-46.13344,5.39,HR 5450,
219.70934,44.40450,5.39,33 Boo,
236.52349,-1.80419,5.39,25 Ser,
240.26118,33.30351,5.39,ρ CrB,15 CrB
242.46050,-3.46673,5.39,HR 6016,
253.72986,20.95849,5.39,HR 6287,
260.52449,-70.12321,5.39,ι Aps,
275.03663,-15.83170,5.39,HR 6858,
285.05698,50.53347,5.39,HR 7210,
293.71220,29.46295,5.39,9 Cyg,
297.35541,-72.50338,5.39,HR 7498,
308.48767,13.02726,5.39,η Del,3 Del
321.91689,27.60859,5.39,35 Vul,
347.50608,9.82208,5.39,58 Peg,
15.76057,-4.83660,5.40,25 Cet,
40.63897,-50.80029,5.40,ι Hor,
57.30714,70.87105,5.40,HR 1138,
65.44841,60.73562,5.40,HR 1335,
67.65567,13.72440,5.40,83 Tau,
81.79206,17.96222,5.40,115 Tau,
84.65870,30.49241,5.40,26 Aur,
99.13681,38.44550,5.40,HR 2405,
110.75290,-31.92378,5.40,HR 2819,
133.56136,30.57912,5.40,57 Cnc,
142.11417,9.05678,5.40,ω Leo,2 Leo
142.16662,45.60148,5.40,Intercrus,
143.91501,35.81013,5.40,11 LMi,
168.43980,-0.06950,5.40,69 Leo,
202.11304,59.94579,5.40,HR 5085,
216.61402,19.22690,5.40,22 Boo,
232.87842,-73.38959,5.40,κ¹ Aps,
245.62175,33.70348,5.40,ν² CrB,21 CrB
246.16569,-29.70466,5.40,HR 6105,
281.23815,-39.68619,5.40,HR 7031,
285.72708,-3.69899,5.40,14 Aql,
286.22986,53.39665,5.40,51 Dra,
286.24030,-4.03142,5.40,15 Aql,
301.38666,61.99542,5.40,66 Dra,
319.48869,-17.98514,5.40,30 Cap,
2.89341,-27.79974,5.41,κ² Scl,
11.32161,55.22140,5.41,HR 196,
23.99569,-15.40018,5.41,50 Cet,
102.86243,-70.96341,5.41,ι Vol,
106.66986,-11.29401,5.41,HR 2678,
110.88289,-32.20207,5.41,HR 2823,
112.27374,-38.81206,5.41,HR 2875,
115.31591,-38.53353,5.41,HR 2981,
189.42613,-27.13889,5.41,HR 4803,
206.85579,-17.85984,5.41,87 Vir,
214.81782,13.00430,5.41,18 Boo,
236.01834,-15.67283,5.41,η Lib,44 Lib
238.48277,-23.97809,5.41,HR 5907,
247.14159,0.66500,5.41,HR 6136,
257.00860,35.93517,5.41,HR 6377,
262.20690,0.33063,5.41,HR 6507,
274.78974,7.25977,5.41,HR 6857,
275.53625,23.28518,5.41,HR 6882,
279.15560,33.46904,5.41,HR 6997,
294.86034,42.81828,5.41,14 Cyg,
297.68662,-59.19367,5.41,HR 7531,
310.55262,50.34003,5.41,51 Cyg,
312.32599,-68.77652,5.41,σ Pav,
318.32218,-27.61933,5.41,HR 8110,
2.33776,-27.98793,5.42,κ¹ Scl,
7.11041,-39.91500,5.42,HR 109,
11.94178,74.84757,5.42,23 Cas,
19.15121,-2.50037,5.42,39 Cet,
21.16994,-41.49255,5.42,HR 408,
28.32228,40.72979,5.42,55 And,
30.79854,0.12851,5.42,60 Cet,
35.55165,-0.88485,5.42,70 Cet,
66.76209,80.82416,5.42,HR 1317,
98.45618,-36.23203,5.42,HR 2411,
101.18942,28.97093,5.42,28 Gem,
113.46269,-36.33839,5.42,HR 2911,
127.87886,-19.57746,5.42,HR 3367,
137.00022,29.65423,5.42,τ Cnc,72 Cnc
154.16975,13.72833,5.42,37 Leo,
176.82981,-57.69650,5.42,HR 4526,
188.41215,33.24758,5.42,HR 4783,
191.28261,45.44026,5.42,La Superba,
217.17384,-6.90054,5.42,106 Vir,
246.13232,-37.56604,5.42,HR 6100,
279.89652,-43.18588,5.42,HR 6991,
309.45466,11.37768,5.42,ι Del,5 Del
321.94230,66.80910,5.42,7 Cep,
347.17050,2.12788,5.42,5 Psc,
29.94249,-20.82454,5.43,57 Cet,
30.11177,-8.52387,5.43,HR 587,
35.50638,-10.77753,5.43,HR 692,
41.02149,44.29704,5.43,14 Per,
77.33184,9.82958,5.43,16 Ori,
82.54252,63.06722,5.43,17 Cam,
97.95860,-8.15823,5.43,HR 2381,
131.62728,-45.91250,5.43,HR 3494,
134.17423,-85.66315,5.43,ζ Oct,
146.58528,-76.77612,5.43,ν Cha,
158.04906,14.13727,5.43,46 Leo,
166.22582,-35.80468,5.43,HR 4313,
167.18336,-28.08067,5.43,HR 4334,
191.89310,66.79030,5.43,Tianyi,7 Dra
229.70477,-60.49633,5.43,HR 5680,
234.70619,-52.37270,5.43,HR 5798,
238.94826,37.94696,5.43,λ CrB,12 CrB
239.64528,-24.83149,5.43,HR 5942,
243.03048,-8.54758,5.43,16 Sco,
257.44979,-10.52330,5.43,HR 6375,
268.79643,72.00513,5.43,ψ² Dra,34 Dra
279.16281,6.67180,5.43,HR 6987,
283.06845,21.42514,5.43,112 Her,
330.20926,-28.45374,5.43,η PsA,12 PsA
332.65617,-11.56494,5.43,38 Aqr,
342.44281,55.90278,5.43,HR 8688,
342.75898,-39.15683,5.43,HR 8685,
344.86440,0.96293,5.43,2 Psc,
357.20905,62.21452,5.43,6 Cas,
14.45896,28.99222,5.44,68 Psc,
44.34900,-23.86216,5.44,4 Eri,
50.08174,77.73474,5.44,HR 961,
57.08673,23.42125,5.44,HR 1172,
62.59385,-6.92385,5.44,37 Eri,
78.09355,73.94667,5.44,HR 1643,
79.84220,-50.60597,5.44,ζ Pic,
84.95768,-32.62922,5.44,HR 1958,
93.93735,12.55107,5.44,73 Ori,
101.56005,79.56481,5.44,HR 2401,
103.60276,-1.12700,5.44,HR 2572,
107.84839,-0.30193,5.44,21 Mon,
118.26462,-36.36377,5.44,HR 3085,
133.98146,11.62602,5.44,60 Cnc,
134.23584,32.91043,5.44,σ² Cnc,59 Cnc
144.30276,-53.66851,5.44,HR 3840,
161.71690,-17.29687,5.44,HR 4214,
179.56347,-56.31731,5.44,HR 4576,
197.02981,-65.30602,5.44,θ Mus,
234.05046,-44.39682,5.44,HR 5784,
241.58212,67.81013,5.44,HR 6025,
244.82352,-42.67397,5.44,λ Nor,
269.19894,-4.08182,5.44,HR 6686,
276.72504,-48.11724,5.44,HR 6894,
303.30784,-1.00934,5.44,66 Aql,
307.82840,49.22030,5.44,ω² Cyg,46 Cyg
346.29078,-7.69380,5.44,83 Aqr,
349.87417,48.62532,5.44,11 And,
9.33842,35.39950,5.45,HR 157,
9.79122,49.35459,5.45,HR 164,
13.75127,-69.52708,5.45,λ² Tuc,
39.70414,21.96141,5.45,ν Ari,32 Ari
46.36120,25.25517,5.45,52 Ari,
56.20089,24.28947,5.45,Celaeno,16 Tau
60.98585,8.19727,5.45,HR 1254,
62.32431,-16.38587,5.45,HR 1288,
63.70229,-62.19181,5.45,HR 1340,
70.01424,12.19761,5.45,93 Tau,
83.21420,-38.51337,5.45,HR 1877,
104.14366,-79.42019,5.45,θ Men,
104.39130,-24.63084,5.45,HR 2607,
112.95165,17.08605,5.45,HR 2877,
126.46630,-42.15307,5.45,HR 3326,
129.32850,-62.85346,5.45,HR 3432,
129.84939,-53.43977,5.45,HR 3440,
135.68444,24.45292,5.45,ν Cnc,69 Cnc
142.52132,-51.51716,5.45,HR 3784,
163.43214,-2.12920,5.45,HR 4253,
182.76601,-23.60242,5.45,3 Crv,
187.09362,-39.04117,5.45,HR 4748,
193.74328,-85.12337,5.45,ι Oct,
225.74698,-32.64329,5.45,HR 5595,
227.81660,-55.34603,5.45,HR 5637,
238.64423,20.31097,5.45,HR 5924,
244.18031,-53.81111,5.45,HR 6055,
273.97264,-44.20646,5.45,HR 6818,
291.37359,-23.96246,5.45,χ³ Sgr,49 Sgr
294.44715,-4.64764,5.45,42 Aql,
317.19178,-88.95650,5.45,Polaris Australis,σ Oct
329.09488,-37.25366,5.45,HR 8366,
333.57813,-27.76691,5.45,λ PsA,16 PsA
337.47071,78.82429,5.45,ρ² Cep,29 Cep
344.36655,20.76883,5.45,Helvetios,51 Peg
13.74209,23.62833,5.46,36 And,
61.09031,24.10599,5.46,36 Tau,
64.80508,50.04870,5.46,HR 1330,
69.83213,-14.35919,5.46,HR 1487,
80.06114,41.08621,5.46,HR 1738,
82.53948,-47.07766,5.46,HR 1856,
82.81055,3.29213,5.46,33 Ori,
86.47518,49.82626,5.46,ο Aur,27 Aur
87.56999,-79.36136,5.46,κ Men,
91.63374,-23.11085,5.46,HR 2163,
107.58051,-27.49152,5.46,HR 2708,
108.34749,51.42874,5.46,HR 2703,
109.06065,-15.58569,5.46,HR 2758,
130.33159,-78.96336,5.46,η Cha,
141.77682,-71.60189,5.46,HR 3777,
142.90128,-73.08091,5.46,HR 3821,
161.31819,-80.46960,5.46,δ¹ Cha,
173.08646,61.08252,5.46,HR 4439,
174.39171,-47.74731,5.46,HR 4476,
191.00221,-28.32396,5.46,HR 4839,
193.83101,-42.91573,5.46,HR 4906,
204.87708,52.92121,5.46,82 UMa,
206.91078,-50.32068,5.46,HR 5176,
211.67844,-9.31352,5.46,95 Vir,
231.57249,34.33600,5.46,HR 5741,
231.82556,-36.76756,5.46,HR 5736,
243.31430,5.02109,5.46,9 Her,
249.09402,-42.85886,5.46,HR 6164,
253.50765,-41.80639,5.46,HR 6260,
282.21036,-43.68005,5.46,η¹ CrA,
283.71741,41.60272,5.46,HR 7146,
289.43181,23.02554,5.46,2 Vul,
290.14869,-0.89216,5.46,27 Aql,
292.46743,-26.98561,5.46,HR 7398,
294.39341,-14.30180,5.46,HR 7454,
299.30778,40.36782,5.46,HR 7628,
324.43928,19.31861,5.46,5 Peg,
13.16927,-24.00584,5.47,HR 247,
44.95746,47.22069,5.47,HR 885,
53.03581,48.02348,5.47,HR 1063,
67.50239,83.34038,5.47,HR 1304,
67.66203,15.69188,5.47,81 Tau,
73.02163,63.50542,5.47,HR 1527,
73.79648,-74.93685,5.47,η Men,
82.31874,25.15021,5.47,118 Tau,
86.85915,17.72914,5.47,130 Tau,
107.09183,15.93068,5.47,45 Gem,
118.67796,47.56460,5.47,26 Lyn,
128.65067,65.14517,5.47,2 UMa,
132.41318,-40.32016,5.47,HR 3514,
137.39820,-8.78765,5.47,20 Hya,
159.36280,-58.73334,5.47,HR 4169,
165.06126,45.52628,5.47,HR 4280,
184.70852,75.16056,5.47,HR 4687,
187.36267,24.10892,5.47,18 Com,
187.75235,24.56717,5.47,21 Com,
200.15765,-52.74782,5.47,HR 5026,
210.59493,-27.42977,5.47,HR 5265,
222.62365,37.27205,5.47,HR 5541,
240.08170,-16.53335,5.47,49 Lib,
259.76482,-46.63623,5.47,HR 6416,
268.85495,26.04999,5.47,89 Her,
272.60922,-62.00220,5.47,ι Pav,
273.30291,-41.33611,5.47,HR 6804,
275.90184,-75.04428,5.47,φ Oct,
278.18050,-14.86566,5.47,HR 6959,
278.20815,30.55421,5.47,HR 6968,
310.08261,-33.43184,5.47,HR 7893,
313.47456,33.43789,5.47,HR 8005,
322.18681,-69.50539,5.47,HR 8196,
336.50331,70.77090,5.47,HR 8557,
337.16336,-39.13179,5.47,ν Gru,
36.20441,10.61056,5.48,ξ Ari,24 Ari
42.66835,-35.67585,5.48,η³ For,
58.17357,-5.36126,5.48,30 Eri,
79.41768,-13.51983,5.48,HR 1737,
95.35298,-11.77324,5.48,HR 2284,
116.98634,-12.19271,5.48,5 Pup,
118.54587,-35.87729,5.48,HR 3091,
130.56747,-48.09909,5.48,HR 3462,
136.35042,48.53031,5.48,HR 3603,
174.66673,-13.20194,5.48,ι Crt,24 Crt
188.44479,-9.45208,5.48,21 Vir,
222.86043,59.29398,5.48,HR 5552,
224.19213,-11.40970,5.48,ξ² Lib,15 Lib
235.71160,52.36090,5.48,HR 5857,
242.70636,75.87756,5.48,19 UMi,
244.97985,39.70858,5.48,HR 6091,
251.69984,-39.37696,5.48,HR 6221,
252.58075,7.24768,5.48,47 Her,
254.29656,-33.25949,5.48,27 Sco,
311.58357,-39.19926,5.48,HR 7933,
313.32735,45.18167,5.48,HR 8003,
321.04788,-12.87811,5.48,18 Aqr,
321.32065,-3.55675,5.48,21 Aqr,
11.54894,-22.52210,5.49,HR 210,
23.23354,-36.86523,5.49,HR 445,
26.52480,-50.81626,5.49,HR 519,
46.53304,79.41854,5.49,HR 881,
49.44728,44.02502,5.49,30 Per,
59.11955,35.08090,5.49,HR 1215,
71.90120,-16.93446,5.49,58 Eri,
87.40225,-14.48367,5.49,HR 2021,
92.24111,-22.42741,5.49,HR 2180,
116.50912,-6.77251,5.49,HR 3014,
130.57917,-53.10006,5.49,HR 3466,
139.17237,-8.74476,5.49,24 Hya,
142.47711,-26.58962,5.49,HR 3770,
154.06015,29.31050,5.49,23 LMi,
161.60533,14.19464,5.49,52 Leo,
187.91806,-59.42392,5.49,HR 4768,
189.78046,21.06256,5.49,26 Com,
243.90528,-8.36944,5.49,18 Sco,
272.00939,36.40126,5.49,HR 6793,
273.56625,-21.71316,5.49,14 Sgr,
278.47285,-24.03228,5.49,24 Sgr,
286.10440,-31.04708,5.49,HR 7211,
295.88970,-15.47011,5.49,HR 7496,
314.22511,-9.69754,5.49,7 Aqr,
334.46113,-77.51155,5.49,ψ Oct,
354.48667,18.40067,5.49,75 Peg,
356.98560,-2.76160,5.49,20 Psc,
5.16267,-69.62491,5.50,π Tuc,
15.61011,-31.55201,5.50,σ Scl,
15.70457,31.80426,5.50,σ Psc,69 Psc
21.67365,19.24042,5.50,94 Psc,
30.74150,33.28413,5.50,ε Tri,3 Tri
50.35005,-23.63513,5.50,HR 1016,
51.07698,24.72406,5.50,64 Ari,
64.85874,21.14231,5.50,53 Tau,
74.10078,-5.17136,5.50,62 Eri,
77.02760,24.26517,5.50,103 Tau,
78.68353,5.15615,5.50,HR 1709,
83.05893,17.05813,5.50,HR 1847,
91.97025,-42.15404,5.50,π² Col,
105.81293,-59.17811,5.50,HR 2674,
110.08932,-52.31152,5.50,HR 2813,
149.96543,56.81181,5.50,HR 3939,
158.80357,-39.56259,5.50,HR 4153,
161.60226,18.89152,5.50,51 Leo,
173.73710,-49.13649,5.50,HR 4462,
204.29596,71.24225,5.50,HR 5139,
206.48466,-12.42653,5.50,86 Vir,
233.15292,-19.67046,5.50,HR 5762,
233.24140,-1.18640,5.50,11 Ser,
242.46913,-33.54581,5.50,HR 6007,
248.58066,-70.98810,5.50,HR 6135,
248.93662,-65.49540,5.50,θ TrA,
272.66791,3.32426,5.50,HR 6800,
295.92885,25.77193,5.50,10 Vul,
305.51430,24.44610,5.50,25 Vul,
321.75681,-42.54793,5.50,HR 8202,
329.82460,-38.39510,5.50,HR 8379,
352.01490,-87.48221,5.50,τ Oct,
8.92150,-48.00091,5.51,λ² Phe,
11.75607,11.97385,5.51,58 Psc,
17.09250,5.64982,5.51,80 Psc,
21.71486,-13.05651,5.51,47 Cet,
34.24602,-6.42212,5.51,67 Cet,
45.56423,-71.90246,5.51,θ Hyi,
48.98926,-77.38845,5.51,ι Hyi,
62.29152,19.60922,5.51,ω¹ Tau,43 Tau
67.05539,83.80779,5.51,HR 1289,
74.34309,17.15368,5.51,HR 1585,
94.55719,-19.96697,5.51,HR 2266,
126.81990,-70.09348,5.51,HR 3370,
144.50604,-43.19094,5.51,HR 3842,
160.04772,-65.10021,5.51,HR 4185,
160.75786,26.32558,5.51,40 LMi,
165.81199,-11.30347,5.51,HR 4305,
182.22746,-41.23161,5.51,HR 4625,
206.74916,38.54270,5.51,HR 5186,
217.53599,-45.32135,5.51,HR 5412,
224.38854,-0.16761,5.51,HR 5573,
230.03571,29.61621,5.51,ο CrB,1 CrB
252.85388,1.21595,5.51,21 Oph,
260.08805,46.24078,5.51,74 Her,
267.59538,29.32214,5.51,HR 6654,
282.89568,52.97512,5.51,HR 7123,
283.11343,-46.59512,5.51,HR 7092,
284.84918,-12.84052,5.51,HR 7166,
285.18108,55.65830,5.51,49 Dra,
288.31468,-12.28258,5.51,HR 7282,
296.50508,-31.90857,5.51,HR 7507,
299.65824,30.98366,5.51,HR 7640,
301.03464,7.27797,5.51,τ Aql,63 Aql
302.63973,26.90417,5.51,18 Vul,
302.94990,26.80899,5.51,19 Vul,
314.60807,10.83929,5.51,Musica,18 Del
319.81537,58.62350,5.51,HR 8164,
325.77697,41.15497,5.51,HR 8306,
337.49140,4.43169,5.51,37 Peg,
344.89899,-29.46231,5.51,HR 8740,
25.62187,-53.74083,5.52,HR 506,
42.87327,15.08207,5.52,σ Ari,43 Ari
56.98350,-30.16788,5.52,ρ For,
62.15246,38.03973,5.52,50 Per,
73.76306,55.25911,5.52,5 Cam,
79.01722,11.34135,5.52,18 Ori,
81.94003,15.87405,5.52,116 Tau,
89.08727,-31.38244,5.52,σ Col,
99.14721,-5.21114,5.52,HR 2418,
120.68661,-41.30983,5.52,HR 3162,
121.26544,-53.10792,5.52,HR 3180,
123.39267,-50.19607,5.52,HR 3247,
125.95213,53.21971,5.52,HR 3277,
126.67480,-12.53460,5.52,HR 3324,
154.53163,-28.99200,5.52,HR 4049,
156.03585,33.71853,5.52,28 LMi,
157.42556,84.25201,5.52,HR 4062,
166.72587,1.95552,5.52,65 Leo,
185.08200,26.61948,5.52,HR 4693,
203.21519,-15.36301,5.52,75 Vir,
225.33261,-2.75493,5.52,HR 5590,
225.77525,35.20580,5.52,HR 5609,
229.09589,-22.39942,5.52,HR 5678,
261.70470,20.08098,5.52,HR 6502,
271.95143,-17.15416,5.52,HR 6769,
275.87010,-36.23799,5.52,HR 6874,
289.30094,-66.66105,5.52,HR 7278,
312.75317,-37.91333,5.52,HR 7971,
327.69672,-69.62942,5.52,ο Ind,
328.12467,28.79354,5.52,15 Peg,
332.66193,70.13257,5.52,HR 8474,
336.77212,65.13227,5.52,26 Cep,
341.41996,-46.54733,5.52,HR 8657,
0.33382,-50.33737,5.53,HR 9082,
27.99714,55.14738,5.53,1 Per,
39.00020,-7.83160,5.53,80 Cet,
49.43854,-62.57532,5.53,ζ¹ Ret,
55.15973,-5.21071,5.53,22 Eri,
66.82270,22.99634,5.53,72 Tau,
67.13384,1.38082,5.53,HR 1415,
70.76646,-70.93103,5.53,μ Men,
71.03325,-18.66659,5.53,HR 1513,
82.78178,-20.86366,5.53,10 Lep,
84.26556,17.04032,5.53,122 Tau,
96.60771,56.28510,5.53,HR 2291,
122.66596,-13.79921,5.53,18 Pup,
150.18286,-82.21467,5.53,μ¹ Cha,
178.91889,15.64682,5.53,95 Leo,
196.59417,22.61619,5.53,40 Com,
208.38655,-35.66425,5.53,HR 5222,
213.31839,-53.66567,5.53,HR 5308,
213.52160,12.95944,5.53,14 Boo,
213.85037,-18.20069,5.53,HR 5332,
233.23010,-16.85284,5.53,ζ⁴ Lib,35 Lib
237.23666,-3.81851,5.53,HR 5875,
240.19847,-8.41135,5.53,50 Lib,
244.88637,-30.90672,5.53,HR 6077,
246.35070,37.39408,5.53,25 Her,
249.04761,52.90005,5.53,16 Dra,
254.57477,-50.64119,5.53,HR 6289,
259.26523,-32.66284,5.53,HR 6409,
265.71291,-36.94556,5.53,HR 6583,
272.52422,-30.72867,5.53,HR 6780,
286.65720,28.62860,5.53,HR 7253,
289.91395,12.37468,5.53,28 Aql,
310.26058,32.30729,5.53,49 Cyg,
316.01969,-5.82307,5.53,12 Aqr,
322.74705,60.45943,5.53,HR 8243,
326.85543,60.69269,5.53,12 Cep,
333.45508,45.44061,5.53,HR 8487,
335.87851,-24.76266,5.53,49 Aqr,
343.68948,-16.27196,5.53,77 Aqr,
346.21740,-68.82023,5.53,HR 8769,
351.65235,-52.72160,5.53,ο Gru,
2.50917,11.14581,5.54,34 Psc,
24.27465,12.14153,5.54,π Psc,102 Psc
80.70966,41.02926,5.54,HR 1760,
87.62045,14.30561,5.54,135 Tau,
90.31791,-33.91184,5.54,HR 2131,
92.54337,-40.35379,5.54,HR 2203,
94.25512,-37.73745,5.54,HR 2263,
102.05111,55.70419,5.54,HR 2486,
108.95888,47.23996,5.54,HR 2721,
111.40905,-79.09419,5.54,ε Men,
138.23178,-59.41393,5.54,HR 3673,
172.62098,18.40980,5.54,86 Leo,
175.33254,-43.09567,5.54,HR 4502,
180.18520,-10.44601,5.54,HR 4587,
185.21191,57.86412,5.54,70 UMa,
230.28171,-5.82485,5.54,HR 5707,
236.97117,-65.44229,5.54,HR 5851,
239.31072,14.41448,5.54,φ Ser,
258.13571,62.87434,5.54,HR 6421,
263.69313,-11.24200,5.54,HR 6544,
265.49432,15.95243,5.54,HR 6594,
298.00663,24.99216,5.54,HR 7573,
299.43936,16.78916,5.54,11 Sge,
313.91071,12.56856,5.54,16 Del,
314.85565,59.43859,5.54,HR 8049,
329.23488,12.07649,5.54,17 Peg,
349.54109,-40.82436,5.54,φ Gru,
1.42484,13.39627,5.55,86 Peg,
8.42102,-29.55828,5.55,HR 138,
12.47149,27.71029,5.55,65 Psc,
16.42378,21.46544,5.55,ψ¹ Psc,74 Psc
24.53152,57.97763,5.55,HR 461,
36.86572,31.80128,5.55,11 Tri,
48.10986,6.66088,5.55,HR 958,
50.54955,27.60755,5.55,62 Ari,
54.96301,3.05686,5.55,12 Tau,
55.28272,37.58020,5.55,HR 1113,
65.04797,50.92093,5.55,HR 1333,
79.56538,42.79211,5.55,HR 1722,
88.71870,-39.95786,5.55,HR 2082,
95.15100,-34.14414,5.55,HR 2288,
96.81497,-0.27600,5.55,HR 2335,
96.83522,2.90829,5.55,HR 2333,
106.54833,34.47397,5.55,HR 2660,
111.99651,-29.15590,5.55,HR 2863,
115.51341,14.20850,5.55,HR 2967,
124.88430,75.75691,5.55,HR 3216,
132.89339,-7.17723,5.55,15 Hya,
159.77372,53.66830,5.55,HR 4165,
171.04650,-72.25661,5.55,HR 4406,
192.43731,-71.98626,5.55,HR 4862,
206.12427,-16.17907,5.55,83 Vir,
215.04044,-43.05884,5.55,HR 5362,
219.07932,-46.24545,5.55,HR 5444,
220.43134,11.66066,5.55,32 Boo,
246.43110,78.96385,5.55,HR 6173,
250.47370,-19.92438,5.55,HR 6202,
251.83193,-58.34144,5.55,HR 6219,
260.43174,39.97465,5.55,HR 6469,
292.83058,50.30671,5.55,HR 7427,
313.03623,-5.50706,5.55,5 Aqr,
314.58101,44.47171,5.55,HR 8035,
316.60631,-41.38596,5.55,η Mic,
330.51906,58.00037,5.55,14 Cep,
330.81858,-6.52241,5.55,30 Aqr,
336.64279,-16.74214,5.55,53 Aqr,
345.33075,-28.85396,5.55,HR 8754,
348.90716,70.88808,5.55,HR 8851,
353.65643,40.23644,5.55,15 And,
356.75799,57.45136,5.55,HR 9010,
14.19566,60.36284,5.56,HR 266,
16.98816,20.73911,5.56,ψ² Psc,79 Psc
17.85642,64.20268,5.56,HR 342,
44.92150,-2.46495,5.56,5 Eri,
53.99028,-11.19378,5.56,HR 1098,
56.23541,-0.29672,5.56,25 Eri,
70.02836,-24.48237,5.56,HR 1495,
82.06389,-37.23077,5.56,HR 1835,
92.39385,-14.58462,5.56,HR 2183,
95.65935,-69.98404,5.56,π¹ Dor,
105.98892,-43.60804,5.56,HR 2667,
126.68309,12.65461,5.56,27 Cnc,
130.07281,-53.01540,5.56,HR 3448,
135.33693,-41.86425,5.56,HR 3600,
138.12720,-43.61326,5.56,HR 3661,
140.46240,-42.19486,5.56,HR 3726,
143.63604,-5.91495,5.56,33 Hya,
145.92609,-53.89128,5.56,HR 3875,
147.73163,-62.74512,5.56,HR 3914,
174.58584,43.62543,5.56,59 UMa,
178.04305,-56.98774,5.56,HR 4551,
186.71538,-32.83012,5.56,HR 4735,
205.23386,-85.78604,5.56,κ Oct,
216.27639,-68.19533,5.56,HR 5379,
230.65572,39.58146,5.56,HR 5726,
256.57521,22.08415,5.56,HR 6364,
265.61818,24.56406,5.56,83 Her,
273.91158,42.15935,5.56,HR 6845,
283.87920,-16.37664,5.56,HR 7126,
284.31912,2.53535,5.56,64 Ser,
287.06959,-19.29029,5.56,HR 7249,
298.62948,24.31939,5.56,HR 7601,
337.15637,-67.48906,5.56,HR 8547,
348.89274,-3.49638,5.56,HR 8840,
349.84990,-5.12435,5.56,96 Aqr,
350.63553,60.13349,5.56,HR 8894,
351.21180,32.38488,5.56,67 Peg,
351.74985,87.30750,5.56,HR 8938,
1.61055,64.19617,5.57,10 Cas,
2.26008,18.21196,5.57,87 Peg,
8.61561,-52.37309,5.57,HR 140,
9.33589,-24.76727,5.57,HR 159,
12.00444,-21.72249,5.57,HR 220,
17.45500,19.65841,5.57,ψ³ Psc,81 Psc
17.92244,65.01885,5.57,32 Cas,
25.58532,68.04302,5.57,43 Cas,
29.91177,-42.03053,5.57,HR 588,
33.56049,-67.84144,5.57,π¹ Hyi,
33.92826,25.04304,5.57,21 Ari,
35.24248,50.15147,5.57,63 And,
52.40011,-12.67474,5.57,HR 1062,
72.30353,31.43737,5.57,HR 1529,
98.40069,14.15516,5.57,HR 2391,
117.27800,-56.41036,5.57,HR 3062,
134.15611,64.60383,5.57,6 UMa,
144.17854,31.16173,5.57,HR 3820,
157.39742,-30.60706,5.57,δ Ant,
158.37880,34.98869,5.57,34 LMi,
162.84891,59.32012,5.57,42 UMa,
190.48799,6.80662,5.57,31 Vir,
197.13528,-8.98438,5.57,HR 4957,
204.89424,10.74627,5.57,HR 5138,
215.58218,-34.78679,5.57,HR 5376,
235.81742,-84.46527,5.57,ρ Oct,
235.99710,32.51581,5.57,π CrB,9 CrB
236.34785,5.44731,5.57,HR 5859,
242.32731,-57.93432,5.57,ι² Nor,
250.33506,-48.76296,5.57,HR 6187,
254.20016,-23.15035,5.57,24 Oph,
262.83889,2.72451,5.57,HR 6524,
272.49581,36.46628,5.57,HR 6807,
291.57981,-21.77669,5.57,50 Sgr,
292.34231,14.59602,5.57,HR 7407,
311.95139,6.00821,5.57,13 Del,
323.34801,-44.84870,5.57,HR 8236,
326.63375,-11.36595,5.57,λ Cap,48 Cap
327.06544,-47.30362,5.57,HR 8323,
330.73611,44.64986,5.57,HR 8407,
348.31647,57.16835,5.57,HR 8832,
359.28534,55.70571,5.57,HR 9059,
0.40424,61.22280,5.58,HR 9085,
6.06522,52.01991,5.58,HR 91,
16.52145,-9.83935,5.58,28 Cet,
24.71577,-21.27538,5.58,HR 473,
34.53141,19.90116,5.58,θ Ari,22 Ari
44.10894,18.02312,5.58,ρ³ Ari,46 Ari
52.21800,49.84838,5.58,HR 1037,
64.99043,14.03520,5.58,57 Tau,
67.53582,15.63784,5.58,80 Tau,
72.73059,-53.46151,5.58,ι Pic,
97.82616,-51.82595,5.58,HR 2400,
108.71319,-27.03800,5.58,HR 2750,
114.63690,35.04855,5.58,70 Gem,
115.30173,48.13153,5.58,HR 2939,
125.33843,-20.07906,5.58,HR 3279,
126.61545,27.89358,5.58,φ¹ Cnc,22 Cnc
146.62656,-44.75506,5.58,HR 3886,
156.70386,-54.87730,5.58,HR 4107,
157.37074,-29.66383,5.58,HR 4117,
166.70799,-70.87793,5.58,HR 4329,
171.40157,16.45654,5.58,81 Leo,
178.76305,8.44394,5.58,6 Vir,
188.39274,-12.83020,5.58,HR 4779,
195.94212,-20.58350,5.58,HR 4935,
217.15796,49.84485,5.58,24 Boo,
268.34779,-34.89513,5.58,HR 6658,
273.91934,-63.05537,5.58,HR 6805,
276.25599,-30.75657,5.58,18 Sgr,
283.43149,36.97172,5.58,δ¹ Lyr,11 Lyr
283.86435,6.61529,5.58,HR 7135,
288.83371,15.08365,5.58,HR 7300,
304.61937,36.99980,5.58,36 Cyg,
305.52234,45.79499,5.58,HR 7798,
320.26825,23.85597,5.58,HR 8165,
332.30683,33.17234,5.58,π¹ Peg,27 Peg
333.43512,-25.18090,5.58,HR 8470,
349.17607,53.21348,5.58,HR 8853,
350.20646,30.41492,5.58,63 Peg,
1.17197,-71.43689,5.59,HR 9108,
7.92158,52.83953,5.59,HR 124,
12.35673,-13.56127,5.59,HR 227,
13.72001,83.70744,5.59,HR 240,
15.32610,-38.91653,5.59,ξ Scl,
30.75078,64.39002,5.59,53 Cas,
43.98678,61.52114,5.59,HR 860,
55.89098,-10.48566,5.59,HR 1139,
61.40592,-27.65181,5.59,HR 1275,
69.19015,-62.07715,5.59,HR 1492,
98.85092,-36.77988,5.59,HR 2424,
104.64958,-25.41416,5.59,HR 2616,
110.24286,-14.36049,5.59,HR 2796,
113.29861,3.29038,5.59,δ² CMi,8 CMi
119.44419,-60.30307,5.59,HR 3138,
124.57248,-35.45170,5.59,HR 3266,
132.90217,-57.63358,5.59,HR 3536,
137.48505,-30.36540,5.59,ε Pyx,
151.78958,-17.14173,5.59,HR 3977,
153.88151,-43.11237,5.59,HR 4036,
157.74933,-13.58847,5.59,HR 4123,
179.41677,-62.44875,5.59,HR 4573,
179.69861,-64.33956,5.59,HR 4578,
180.41452,36.04209,5.59,HR 4593,
196.64614,-41.58844,5.59,HR 4941,
223.30645,-73.19007,5.59,HR 5520,
226.35772,48.15097,5.59,47 Boo,
229.73492,-40.78822,5.59,HR 5687,
239.22549,-33.96428,5.59,ξ² Lup,
289.12930,4.83479,5.59,22 Aql,
289.91664,-35.42145,5.59,HR 7316,
290.15895,-22.40254,5.59,HR 7327,
293.34010,-45.27175,5.59,HR 7416,
305.02497,68.88032,5.59,HR 7804,
309.26946,26.46195,5.59,27 Vul,
310.79583,66.65745,5.59,4 Cep,
314.62514,50.46179,5.59,HR 8040,
321.33125,46.71434,5.59,HR 8208,
357.99099,2.93038,5.59,22 Psc,
359.86623,-29.48517,5.59,HR 9073,
18.06902,79.67396,5.60,HR 333,
20.91918,37.71494,5.60,47 And,
34.50600,1.75780,5.60,HR 672,
56.13093,36.46010,5.60,HR 1133,
77.84529,-11.84909,5.60,HR 1693,
81.25726,-10.32889,5.60,HR 1799,
83.47619,14.30558,5.60,35 Ori,
83.80517,10.24009,5.60,HR 1883,
87.74213,27.96786,5.60,HR 2013,
88.09288,14.17179,5.60,137 Tau,
95.73269,-56.36997,5.60,ν Pic,
98.09637,-5.86882,5.60,HR 2386,
101.82795,-55.53999,5.60,HR 2526,
111.78329,-17.86486,5.60,HR 2853,
112.32779,-1.90533,5.60,HR 2865,
115.79994,-36.05009,5.60,HR 2994,
117.54407,-9.18344,5.60,HR 3047,
120.19711,17.30870,5.60,3 Cnc,
126.61337,-3.98748,5.60,2 Hya,
137.17575,-8.58952,5.60,19 Hya,
141.35014,-5.11739,5.60,28 Hya,
156.43446,-7.05983,5.60,HR 4092,
183.03871,20.54206,5.60,5 Com,
200.07900,40.15055,5.60,23 CVn,
203.53047,55.34843,5.60,81 UMa,
251.34382,15.74529,5.60,HR 6227,
258.83019,-33.54842,5.60,HR 6397,
282.39582,-43.43410,5.60,η² CrA,
291.55520,20.09773,5.60,5 Vul,
297.99612,47.02734,5.60,HR 7589,
298.68666,0.27363,5.60,58 Aql,
305.61458,-42.04955,5.60,κ¹ Sgr,
311.95538,47.83187,5.60,HR 7969,
317.16202,30.20564,5.60,HR 8094,
330.27090,0.60472,5.60,28 Aqr,
337.28327,9.12903,5.60,36 Peg,
344.09846,41.60388,5.60,16 Lac,
347.08779,-28.82370,5.60,HR 8802,
351.33093,-56.84898,5.60,HR 8901,
351.81870,70.35978,5.60,HR 8918,
5.44279,-20.05802,5.61,HR 85,
30.91870,-4.10352,5.61,HR 611,
48.83516,30.55669,5.61,HR 971,
59.87554,-12.57442,5.61,HR 1235,
67.27885,-13.04837,5.61,HR 1423,
75.97196,-24.38815,5.61,HR 1645,
95.98299,-25.57763,5.61,HR 2311,
100.01211,-80.81359,5.61,ζ Men,
117.39753,-33.28895,5.61,HR 3052,
126.14589,-3.75124,5.61,1 Hya,
127.61922,-32.15928,5.61,HR 3362,
140.45863,-55.51469,5.61,HR 3732,
145.50147,39.75785,5.61,43 Lyn,
156.31331,8.78485,5.61,44 Leo,
162.48759,-34.05818,5.61,HR 4238,
194.00202,38.31491,5.61,Cor Caroli B,α¹ CVn
204.95232,-40.05171,5.61,HR 5136,
207.16140,31.19021,5.61,HR 5195,
213.67786,-41.83749,5.61,HR 5318,
221.84399,-25.62427,5.61,55 Hya,
236.68425,-34.68245,5.61,HR 5860,
239.74045,36.64377,5.61,HR 5957,
243.95751,-57.91235,5.61,HR 6040,
247.94679,45.59828,5.61,HR 6162,
263.37435,-5.74480,5.61,HR 6534,
266.78352,17.69701,5.61,HR 6627,
275.23737,29.85892,5.61,108 Her,
330.27228,13.11982,5.61,20 Peg,
342.84402,61.69674,5.61,HR 8696,
14.68278,-11.37997,5.62,φ⁴ Cet,23 Cet
23.65740,-15.67636,5.62,49 Cet,
45.59382,4.35288,5.62,93 Cet,
49.59343,-0.93029,5.62,95 Cet,
53.08230,84.91104,5.62,HR 965,
59.21697,22.47797,5.62,32 Tau,
61.09465,-12.79229,5.62,HR 1265,
85.61021,65.69765,5.62,HR 1916,
88.13824,-37.63106,5.62,HR 2053,
88.68178,-11.77419,5.62,HR 2065,
93.89277,-0.51219,5.62,HR 2233,
96.00421,-36.70776,5.62,HR 2316,
98.64722,-32.71625,5.62,HR 2415,
101.37996,-30.94898,5.62,HR 2501,
116.14238,-24.67408,5.62,HR 3004,
117.92928,-21.17366,5.62,HR 3068,
118.72230,-57.30281,5.62,HR 3105,
123.28695,29.65654,5.62,15 Cnc,
130.80137,12.68088,5.62,45 Cnc,
144.29119,-32.17865,5.62,HR 3833,
147.83221,-46.19387,5.62,HR 3910,
177.75930,-5.33333,5.62,HR 4544,
224.13359,-47.87920,5.62,HR 5559,
228.95450,0.37214,5.62,4 Ser,
242.95023,36.42509,5.62,HR 6046,
250.41761,-49.65155,5.62,HR 6188,
268.96171,22.46422,5.62,HR 6687,
278.87666,23.60553,5.62,HR 6980,
284.10721,65.25808,5.62,HR 7187,
301.15073,32.21860,5.62,HR 7678,
327.50054,-64.71254,5.62,HR 8331,
331.46244,-59.63607,5.62,κ² Ind,
335.78303,-45.92849,5.62,π² Gru,
346.72341,-38.89229,5.62,υ Gru,
25.16511,43.29769,5.63,HR 476,
25.51452,35.24571,5.63,HR 490,
26.93502,63.85250,5.63,HR 511,
49.89545,-24.12290,5.63,HR 1004,
91.24317,4.15867,5.63,66 Ori,
106.02186,-5.32398,5.63,HR 2655,
112.71957,68.46562,5.63,HR 2830,
124.46007,59.57113,5.63,29 Lyn,
125.00229,-71.50538,5.63,κ² Vol,
129.79886,65.02091,5.63,π¹ UMa,3 UMa
131.18766,10.08167,5.63,49 Cnc,
160.67996,-32.71567,5.63,HR 4194,
173.77042,54.78542,5.63,HR 4457,
187.57269,-23.69642,5.63,HR 4759,
196.72603,-35.86203,5.63,HR 4947,
204.30120,-61.69186,5.63,HR 5113,
205.25979,22.49577,5.63,2 Boo,
222.58221,82.51194,5.63,HR 5596,
224.09586,49.62845,5.63,HR 5581,
238.87534,-26.26599,5.63,4 Sco,
241.90641,9.89174,5.63,45 Ser,
248.14869,5.52122,5.63,28 Her,
256.38441,-0.89207,5.63,HR 6353,
262.73072,31.15814,5.63,HR 6528,
277.11297,-38.99567,5.63,HR 6910,
277.54943,-18.72879,5.63,HR 6933,
285.61533,-24.84683,5.63,HR 7195,
286.24111,31.74407,5.63,HR 7237,
298.32807,-3.11446,5.63,HR 7575,
306.89276,38.44033,5.63,40 Cyg,
316.14438,5.50286,5.63,3 Equ,
320.75205,-22.66905,5.63,HR 8172,
326.80818,2.68612,5.63,11 Peg,
351.81235,-58.47611,5.63,HR 8909,
353.65919,33.49733,5.63,73 Peg,
256.33071,54.46909,5.63,Alrakis,μ Dra
11.41293,74.98807,5.64,21 Cas,
16.27231,14.94613,5.64,72 Psc,
30.91390,25.93547,5.64,10 Ari,
32.83783,8.56981,5.64,64 Cet,
39.15796,12.44764,5.64,31 Ari,
46.59869,13.18725,5.64,HR 931,
64.59666,21.57930,5.64,51 Tau,
65.85441,16.77726,5.64,63 Tau,
72.78891,48.74068,5.64,HR 1535,
80.09423,62.65371,5.64,HR 1720,
81.11871,-16.97578,5.64,HR 1792,
105.27477,-25.21563,5.64,HR 2640,
109.06448,-46.77453,5.64,HR 2771,
113.33151,-19.41252,5.64,HR 2899,
115.70064,-26.35133,5.64,HR 2988,
135.49161,-0.48267,5.64,HR 3596,
145.88859,29.97447,5.64,15 Leo,
152.73276,-8.41846,5.64,18 Sex,
173.20039,-40.43619,5.64,HR 4447,
173.80545,-47.37258,5.64,HR 4463,
174.31611,-75.89654,5.64,π Cha,
196.46780,45.26855,5.64,HR 4945,
198.63035,11.33166,5.64,HR 4998,
224.90397,39.26533,5.64,40 Boo,
232.06421,-16.71648,5.64,ζ¹ Lib,32 Lib
235.08897,-73.44669,5.64,κ² Aps,
251.17748,-40.83967,5.64,HR 6214,
255.02617,-54.59718,5.64,HR 6297,
276.41166,8.03201,5.64,HR 6902,
283.55520,27.90953,5.64,HR 7132,
294.00689,-24.71908,5.64,51 Sgr,
295.18050,-0.62123,5.64,45 Aql,
305.97159,-42.42287,5.64,κ² Sgr,
317.95099,59.98661,5.64,HR 8119,
321.59520,-37.82943,5.64,HR 8200,
337.50754,32.57264,5.64,38 Peg,
349.23988,-62.00120,5.64,HR 8843,
33.19809,-2.39364,5.65,66 Cet,
39.42417,-3.39617,5.65,81 Cet,
57.51846,44.96786,5.65,HR 1176,
74.75570,-16.37603,5.65,HR 1604,
84.28740,-80.46912,5.65,π Men,
90.20491,-51.21632,5.65,HR 2138,
91.08444,-32.17243,5.65,HR 2149,
103.32840,-19.03276,5.65,HR 2565,
111.74784,-23.08602,5.65,HR 2855,
120.30787,4.87982,5.65,HR 3136,
146.59838,1.78559,5.65,HR 3879,
163.57407,-13.75804,5.65,HR 4255,
191.59392,9.53968,5.65,33 Vir,
192.10945,-27.59738,5.65,HR 4860,
201.45986,-70.62725,5.65,HR 5049,
202.30418,10.81831,5.65,71 Vir,
224.66358,-27.65731,5.65,59 Hya,
225.46131,-83.22765,5.65,π¹ Oct,
226.19566,-83.03831,5.65,π² Oct,
230.02144,51.95851,5.65,HR 5715,
230.45261,-48.31763,5.65,ν² Lup,
230.79397,-60.65718,5.65,HR 5700,
234.41325,69.28334,5.65,HR 5844,
261.42233,60.04840,5.65,HR 6511,
263.34510,19.25668,5.65,HR 6541,
277.43735,77.54707,5.65,HR 7006,
288.82233,21.23212,5.65,1 Sge,
289.11162,14.54462,5.65,HR 7307,
300.08432,-33.70345,5.65,HR 7631,
303.57926,-52.44577,5.65,HR 7714,
330.28848,8.25716,5.65,19 Peg,
350.31457,-26.98677,5.65,HR 8883,
4.03689,-31.44639,5.66,HR 57,
11.10918,47.86398,5.66,HR 189,
24.36584,-84.76959,5.66,HR 525,
32.16909,58.42360,5.66,HR 618,
56.29058,24.83926,5.66,18 Tau,
56.49690,45.68190,5.66,HR 1141,
58.00095,6.53491,5.66,31 Tau,
70.35048,48.30088,5.66,HR 1482,
70.78873,-30.76556,5.66,HR 1509,
80.30286,29.56988,5.66,HR 1752,
101.66257,-10.10736,5.66,HR 2502,
114.01623,-14.49277,5.66,HR 2921,
114.13183,46.18029,5.66,HR 2903,
122.28961,-48.68441,5.66,HR 3203,
122.36889,-16.24892,5.66,HR 3194,
122.39013,-56.08538,5.66,HR 3218,
129.59256,53.40154,5.66,HR 3400,
142.30268,-20.74913,5.66,HR 3763,
154.77124,-64.67626,5.66,HR 4065,
155.06966,-47.69909,5.66,HR 4066,
162.79600,56.58225,5.66,43 UMa,
182.96325,25.87028,5.66,4 Com,
185.83995,-24.84067,5.66,6 Crv,
208.80063,-52.16082,5.66,HR 5230,
247.44550,-14.55088,5.66,HR 6140,
258.06753,-39.50695,5.66,HR 6381,
262.95659,28.40750,5.66,78 Her,
291.73533,-29.74322,5.66,HR 7380,
294.26393,-18.23105,5.66,HR 7443,
308.09873,-9.85338,5.66,HR 7845,
312.86766,28.25051,5.66,HR 7988,
324.63308,5.77174,5.66,4 Peg,
325.54213,1.28525,5.66,26 Aqr,
339.71443,-33.08135,5.66,HR 8616,
345.02411,-25.16418,5.66,HR 8743,
352.25397,-63.11066,5.66,HR 8919,
354.41483,-13.06024,5.66,HR 8958,
2.01455,-33.52933,5.67,HR 13,
7.60863,-48.21491,5.67,HR 120,
17.57820,42.08147,5.67,44 And,
33.86910,-67.74637,5.67,π² Hyi,
46.88312,-78.98924,5.67,HR 981,
53.14488,-50.37865,5.67,HR 1090,
60.44223,9.99802,5.67,HR 1243,
64.49664,-80.21403,5.67,δ Men,
68.53445,5.56862,5.67,HR 1448,
77.67878,46.96207,5.67,HR 1668,
83.38179,18.54023,5.67,120 Tau,
83.75419,-6.00927,5.67,HR 1886,
91.24244,5.41997,5.67,63 Ori,
95.01761,14.65113,5.67,HR 2269,
126.08456,-80.91420,5.67,HR 3393,
126.22992,-23.15375,5.67,HR 3308,
130.14692,-45.19110,5.67,HR 3444,
133.14426,32.47416,5.67,σ¹ Cnc,51 Cnc
146.59721,11.81004,5.67,18 Leo,
158.75899,8.65043,5.67,49 Leo,
166.13014,-47.67910,5.67,HR 4311,
220.25582,-36.13486,5.67,HR 5466,
227.09909,26.30115,5.67,46 Boo,
243.06684,-28.41730,5.67,12 Sco,
245.94655,61.69646,5.67,HR 6130,
247.06321,-58.59980,5.67,HR 6114,
272.47506,3.11983,5.67,HR 6797,
278.34639,-38.72599,5.67,κ¹ CrA,
284.18777,57.81485,5.67,48 Dra,
294.32247,16.46280,5.67,ε Sge,4 Sge
301.09647,-0.70931,5.67,62 Aql,
312.91021,-62.42934,5.67,HR 7959,
317.34078,-73.17297,5.67,HR 8061,
321.14168,26.17456,5.67,HR 8198,
1.17456,67.16644,5.68,HR 9104,
32.65664,19.50034,5.68,15 Ari,
52.49550,-78.35185,5.68,HR 1109,
55.57894,19.70025,5.68,13 Tau,
73.19900,42.58663,5.68,HR 1550,
80.38267,-0.41649,5.68,HR 1764,
102.60624,13.41318,5.68,35 Gem,
102.99996,23.60172,5.68,HR 2533,
107.17647,-70.49709,5.68,γ¹ Vol,
114.57587,-48.60144,5.68,HR 2957,
128.02068,-53.21192,5.68,HR 3386,
134.39666,15.58128,5.68,ο² Cnc,63 Cnc
144.25088,-25.29676,5.68,HR 3830,
150.70397,21.94926,5.68,HR 3952,
177.61366,-62.64938,5.68,HR 4541,
186.89631,55.71272,5.68,73 UMa,
187.43016,20.89611,5.68,20 Com,
189.59336,1.85466,5.68,HR 4807,
206.64860,54.43268,5.68,84 UMa,
221.37585,0.71727,5.68,108 Vir,
222.32811,-24.25147,5.68,HR 5521,
222.42215,48.72080,5.68,39 Boo,
229.60210,20.57278,5.68,HR 5692,
259.70218,28.82297,5.68,HR 6443,
263.41411,16.31755,5.68,HR 6542,
267.61830,-53.61241,5.68,HR 6622,
280.96499,31.92661,5.68,HR 7044,
283.50037,-21.35984,5.68,33 Sgr,
297.65553,40.59976,5.68,HR 7567,
299.79391,23.10128,5.68,14 Vul,
306.41887,21.40964,5.68,HR 7811,
309.74801,30.33426,5.68,HR 7904,
310.48542,41.71688,5.68,HR 7926,
313.95752,47.41766,5.68,HR 8020,
320.50170,49.38885,5.68,HR 8185,
341.92820,-14.05643,5.68,τ¹ Aqr,69 Aqr
345.28145,-50.95003,5.68,HR 8749,
346.93890,49.29578,5.68,5 And,
347.43392,59.33269,5.68,2 Cas,
347.67765,17.59437,5.68,HR 8824,
354.09702,2.10222,5.68,16 Psc,
8.09908,6.95546,5.69,51 Psc,
15.01482,44.71324,5.69,HR 282,
23.35713,58.32733,5.69,HR 439,
24.03542,-29.90732,5.69,τ Scl,
29.03890,37.25183,5.69,56 And,
44.90071,-25.27413,5.69,ζ For,
64.22313,61.84999,5.69,HR 1305,
80.92629,-0.15982,5.69,HR 1781,
81.78447,30.20860,5.69,HR 1804,
97.99296,-58.75384,5.69,μ Pic,
105.33918,70.80830,5.69,HR 2581,
107.42927,-25.23103,5.69,HR 2704,
114.17097,-19.70234,5.69,HR 2928,
114.18300,-48.83017,5.69,HR 2940,
118.07867,-14.84618,5.69,10 Pup,
166.48986,-27.28785,5.69,χ² Hya,
184.03144,40.66018,5.69,2 CVn,
200.42351,2.08724,5.69,HR 5037,
201.73383,-41.49756,5.69,HR 5060,
203.14961,-28.69277,5.69,HR 5097,
211.33355,-76.79675,5.69,θ Aps,
242.11698,8.53431,5.69,47 Ser,
255.24223,22.63209,5.69,HR 6325,
260.43900,53.42043,5.69,HR 6479,
261.00448,-62.86415,5.69,HR 6440,
263.67705,-32.58166,5.69,HR 6535,
267.10320,20.56544,5.69,HR 6638,
269.98419,45.50138,5.69,HR 6728,
277.48307,-47.22055,5.69,HR 6922,
281.68052,-10.12505,5.69,HR 7055,
284.02551,18.10541,5.69,HR 7148,
285.32232,26.29141,5.69,HR 7202,
300.49416,-13.63722,5.69,63 Sgr,
305.29800,63.98012,5.69,HR 7805,
309.68328,13.31513,5.69,θ Del,8 Del
315.11536,19.32958,5.69,HR 8044,
316.50475,-30.12512,5.69,δ Mic,
325.85686,38.28359,5.69,79 Cyg,
328.40575,19.66844,5.69,HR 8358,
331.39446,28.96398,5.69,23 Peg,
0.62376,8.48546,5.70,32 Psc,
1.57915,-49.07519,5.70,HR 6,
11.93009,-18.06134,5.70,HR 218,
18.70488,-0.97379,5.70,38 Cet,
25.44983,-60.78934,5.70,HR 505,
25.51250,-36.83230,5.70,HR 498,
28.03902,50.79279,5.70,2 Per,
29.63959,49.20435,5.70,3 Per,
50.27835,3.67562,5.70,κ² Cet,97 Cet
58.59652,-40.35701,5.70,HR 1219,
62.69903,-8.81981,5.70,HR 1293,
89.72183,12.80826,5.70,HR 2099,
92.24127,2.49969,5.70,HR 2174,
94.31724,5.10011,5.70,HR 2251,
99.66475,39.39085,5.70,51 Aur,
99.92775,-30.47049,5.70,HR 2460,
109.86741,-16.39524,5.70,HR 2788,
112.21452,48.18393,5.70,HR 2844,
118.12394,-54.36716,5.70,HR 3088,
131.51031,-2.04866,5.70,HR 3478,
133.79904,-54.96577,5.70,HR 3570,
151.08729,-24.28553,5.70,HR 3965,
152.94360,-58.06054,5.70,HR 4009,
164.80725,-33.73759,5.70,HR 4282,
167.20453,24.65846,5.70,67 Leo,
189.24306,17.08954,5.70,25 Com,
192.74120,-52.78742,5.70,HR 4872,
196.90957,-53.45976,5.70,HR 4951,
203.88040,-5.39619,5.70,80 Vir,
208.46260,53.72868,5.70,86 UMa,
220.80647,-24.99775,5.70,4 Lib,
227.99044,-48.74369,5.70,κ² Lup,
241.48277,-72.40090,5.70,HR 5955,
261.02745,22.96028,5.70,73 Her,
291.95049,-54.32527,5.70,HR 7370,
292.34927,-43.44519,5.70,HR 7392,
298.65688,-8.22729,5.70,57 Aql,
302.89511,62.07854,5.70,68 Dra,
303.84906,33.72908,5.70,HR 7743,
314.19718,-26.29638,5.70,HR 8013,
320.99508,24.27414,5.70,HR 8190,
323.71272,-20.08427,5.70,37 Cap,
328.00431,55.79674,5.70,HR 8357,
338.06777,76.22644,5.70,HR 8599,
357.63869,-14.40149,5.70,HR 9029,
0.26911,-48.80988,5.71,τ Phe,
3.37860,41.03537,5.71,23 And,
16.94253,-9.78555,5.71,30 Cet,
48.13813,-57.32155,5.71,HR 977,
51.88922,-35.68132,5.71,χ² For,
62.83451,5.52305,5.71,45 Tau,
68.47803,-6.73891,5.71,46 Eri,
73.77843,-16.74067,5.71,HR 1579,
73.82770,-16.41777,5.71,HR 1581,
76.31748,-26.15239,5.71,HR 1655,
84.14872,-6.06475,5.71,HR 1911,
90.24401,47.90192,5.71,36 Aur,
92.44983,-22.77434,5.71,HR 2186,
99.09521,-18.65990,5.71,ν¹ CMa,6 CMa
108.63593,12.11582,5.71,HR 2728,
125.47754,-17.58633,5.71,HR 3281,
127.87718,24.08111,5.71,υ¹ Cnc,30 Cnc
131.82852,-46.15541,5.71,HR 3496,
148.71351,-50.24396,5.71,HR 3927,
151.15138,53.89172,5.71,HR 3954,
159.13491,-12.23012,5.71,HR 4158,
167.32953,36.30938,5.71,HR 4333,
174.14559,-33.57006,5.71,HR 4469,
184.37740,28.93719,5.71,HR 4673,
186.34059,-35.18642,5.71,HR 4724,
192.22589,14.12258,5.71,29 Com,
192.82491,-60.32979,5.71,HR 4876,
208.30388,17.93287,5.71,7 Boo,
225.45382,-0.14030,5.71,HR 5594,
231.88790,-64.53150,5.71,HR 5725,
236.82216,14.11535,5.71,υ Ser,31 Ser
272.39122,3.99328,5.71,73 Oph,
275.80068,-12.01475,5.71,HR 6881,
276.99489,6.19410,5.71,HR 6928,
277.98426,-43.50738,5.71,HR 6937,
282.15807,-65.07768,5.71,θ Pav,
291.54600,-15.05325,5.71,HR 7378,
293.58242,51.23662,5.71,HR 7451,
299.00526,16.63480,5.71,10 Sge,
304.90294,62.25747,5.71,71 Dra,
321.30428,-9.74855,5.71,19 Aqr,
328.54322,-4.27618,5.71,HR 8360,
6.27668,53.04679,5.72,HR 96,
7.50982,-3.95733,5.72,12 Cet,
10.44315,-56.50131,5.72,ξ Phe,
33.26376,15.27986,5.72,19 Ari,
38.91142,37.31226,5.72,HR 748,
40.30833,-0.69565,5.72,84 Cet,
49.67144,-18.55979,5.72,HR 997,
52.08624,33.80756,5.72,HR 1041,
56.31615,-47.35948,5.72,HR 1169,
64.28370,57.86035,5.72,HR 1313,
65.51465,14.07720,5.72,60 Tau,
67.00325,21.61991,5.72,HR 1403,
71.26734,-21.28338,5.72,HR 1521,
86.80481,14.48832,5.72,131 Tau,
91.53905,-66.03962,5.72,η¹ Dor,
92.64450,-27.15434,5.72,HR 2200,
99.30765,-36.99065,5.72,HR 2446,
102.42215,32.60676,5.72,HR 2512,
108.69176,-46.84967,5.72,HR 2761,
128.86749,-7.98229,5.72,3 Hya,
133.34402,61.96227,5.72,5 UMa,
134.20827,45.63165,5.72,HR 3545,
137.99475,-19.74763,5.72,HR 3653,
142.12157,8.18830,5.72,3 Leo,
145.56205,69.23754,5.72,HR 3838,
147.67477,-46.93392,5.72,HR 3904,
148.57358,-45.28352,5.72,HR 3925,
182.51424,5.80701,5.72,11 Vir,
183.78549,70.20001,5.72,HR 4659,
204.24618,24.61330,5.72,HR 5123,
214.16135,-66.58789,5.72,HR 5320,
220.93515,40.45925,5.72,HR 5493,
224.29866,16.38813,5.72,HR 5575,
224.36648,-21.41548,5.72,HR 5568,
230.66011,63.34144,5.72,HR 5737,
230.96766,-12.36950,5.72,HR 5720,
241.81752,-36.75568,5.72,HR 5991,
243.86932,18.80809,5.72,16 Her,
261.99003,-52.29717,5.72,HR 6483,
263.28030,41.24345,5.72,HR 6550,
270.47658,-22.78030,5.72,HR 6716,
271.45671,32.23067,5.72,HR 6768,
291.33997,-13.89713,5.72,HR 7367,
333.68484,42.95391,5.72,HR 8489,
338.41922,56.62474,5.72,HR 8594,
340.21948,14.54916,5.72,HR 8631,
343.79566,-4.98790,5.72,HR 8716,
344.19919,-47.96922,5.72,τ³ Gru,
359.38738,-82.16980,5.72,γ² Oct,
13.40759,-62.87135,5.73,HR 257,
41.36444,-63.70455,5.73,γ Hor,
66.12147,34.13076,5.73,55 Per,
70.33233,28.61499,5.73,HR 1490,
80.85009,-39.67842,5.73,HR 1793,
85.84029,-18.55748,5.73,HR 1975,
98.16240,-32.03045,5.73,HR 2397,
105.06594,16.07900,5.73,41 Gem,
114.93256,-38.13929,5.73,HR 2963,
122.61327,25.50733,5.73,ψ Cnc,14 Cnc
124.82155,62.50716,5.73,HR 3245,
137.26755,-18.32855,5.73,HR 3638,
144.26076,16.43795,5.73,8 Leo,
155.54411,41.22953,5.73,HR 4067,
163.74244,34.03480,5.73,HR 4256,
171.48810,55.85046,5.73,HR 4407,
175.39290,31.74606,5.73,62 UMa,
177.42387,34.93176,5.73,HR 4536,
185.55013,-68.30732,5.73,ζ¹ Mus,
204.20190,-26.49520,5.73,HR 5120,
205.16863,19.95572,5.73,1 Boo,
207.94761,-69.40126,5.73,HR 5194,
238.87749,42.56619,5.73,4 Her,
240.88077,76.79394,5.73,HR 6034,
252.66233,29.80654,5.73,50 Her,
256.10301,-57.71217,5.73,HR 6320,
265.83988,24.32782,5.73,84 Her,
281.20083,37.59461,5.73,ζ² Lyr,7 Lyr
285.82373,-38.25315,5.73,HR 7197,
291.85818,52.32044,5.73,ι¹ Cyg,7 Cyg
300.87507,16.03126,5.73,HR 7664,
300.90559,29.89681,5.73,HR 7670,
303.82209,-27.03298,5.73,HR 7722,
306.75936,49.38337,5.73,43 Cyg,
318.94107,-53.26308,5.73,HR 8114,
324.04569,-26.17152,5.73,8 PsA,
325.59564,41.07702,5.73,77 Cyg,
338.96786,39.63433,5.73,HIP 111546,
343.93543,36.35139,5.73,HR 8723,
356.05014,-64.40445,5.73,HR 8996,
4.23770,61.53319,5.74,HR 60,
12.09573,5.28062,5.74,96 G. Psc,
38.67760,-7.85945,5.74,77 Cet,
39.03861,-30.04498,5.74,ι¹ For,
40.59141,20.01147,5.74,μ Ari,34 Ari
47.40309,29.07708,5.74,55 Ari,
52.00395,-11.28660,5.74,HR 1050,
55.67806,59.96939,5.74,HR 1112,
66.94182,-62.52121,5.74,HR 1435,
75.68742,-22.79505,5.74,1 Lep,
84.14676,54.42866,5.74,HR 1866,
91.73964,-21.81230,5.74,HR 2166,
97.16352,-32.37128,5.74,HR 2364,
102.59728,-31.70606,5.74,HR 2545,
103.82779,25.37570,5.74,37 Gem,
106.95621,7.47121,5.74,HR 2682,
110.32296,45.22820,5.74,HR 2776,
119.07771,-60.52644,5.74,HR 3120,
126.39807,2.10221,5.74,HR 3305,
131.21637,-37.14725,5.74,HR 3479,
136.00167,54.28389,5.74,HR 3592,
140.59996,-46.04745,5.74,HR 3730,
143.08504,-19.40030,5.74,HR 3796,
154.50875,65.10835,5.74,32 UMa,
160.45121,68.44350,5.74,HR 4176,
160.96335,-64.24904,5.74,HR 4204,
168.37828,-59.61932,5.74,HR 4361,
172.42435,15.41327,5.74,85 Leo,
188.15001,-13.85910,5.74,HR 4776,
201.73807,78.64387,5.74,HR 5091,
204.99933,-49.94996,5.74,HR 5134,
208.70469,-67.65210,5.74,HR 5218,
218.12889,55.39801,5.74,HR 5442,
218.66514,49.36835,5.74,HR 5452,
219.18390,-40.21158,5.74,HR 5449,
219.55255,43.64213,5.74,HR 5464,
221.62086,-47.44112,5.74,HR 5494,
229.15288,-60.90400,5.74,HR 5661,
232.73271,64.20869,5.74,HR 5785,
237.77837,-55.05553,5.74,HR 5873,
239.74231,-65.03759,5.74,HR 5920,
242.90848,23.49480,5.74,10 Her,
250.42701,1.18123,5.74,14 Oph,
251.58845,-58.50359,5.74,HR 6215,
255.03961,-24.98907,5.74,26 Oph,
259.90442,80.13640,5.74,HR 6529,
264.53960,-10.92627,5.74,HR 6568,
269.73203,-36.85838,5.74,HR 6691,
270.03789,80.00410,5.74,41 Dra,
271.56331,-4.75125,5.74,HR 6756,
277.48629,-57.52314,5.74,HR 6908,
278.41259,-14.85361,5.74,HR 6962,
279.38961,62.52659,5.74,HR 7018,
299.67174,-69.16396,5.74,HR 7579,
324.74009,57.48904,5.74,HR 8281,
328.72149,56.61123,5.74,13 Cep,
331.86912,19.47553,5.74,HR 8435,
356.16965,-78.79144,5.74,HR 8995,
356.81631,-11.91113,5.74,HR 9009,
23.42848,-7.02534,5.75,HR 448,
25.43680,-11.32467,5.75,HR 492,
34.49940,57.89982,5.75,8 Per,
45.29176,-7.66301,5.75,ρ¹ Eri,8 Eri
62.74592,33.58679,5.75,HR 1286,
74.02948,52.86976,5.75,HR 1561,
78.62019,-35.97700,5.75,HR 1721,
83.28074,-35.13938,5.75,HR 1881,
92.43327,23.11347,5.75,3 Gem,
97.14204,30.49303,5.75,48 Aur,
100.12019,77.99578,5.75,HR 2363,
102.07944,-1.31892,5.75,HR 2514,
102.31838,-2.27204,5.75,HR 2521,
103.20612,8.38037,5.75,HR 2551,
106.84412,-23.84072,5.75,HR 2690,
107.84611,26.85659,5.75,47 Gem,
108.98820,27.89742,5.75,53 Gem,
112.34211,-10.32666,5.75,HR 2867,
126.99759,-35.11376,5.75,HR 3343,
133.80178,-18.24119,5.75,HR 3554,
142.69206,-31.88922,5.75,ζ¹ Ant,
149.90093,29.64523,5.75,HR 3942,
168.41416,-53.23181,5.75,HR 4360,
182.22422,-44.32599,5.75,HR 4624,
193.34124,-60.32849,5.75,HR 4887,
193.73553,47.19672,5.75,HR 4909,
201.27783,23.85442,5.75,HR 5057,
227.05054,-40.58393,5.75,HR 5624,
227.57765,-26.33262,5.75,HR 5641,
228.57987,-70.07948,5.75,HR 5644,
241.90173,-12.74541,5.75,11 Sco,
246.10555,55.20510,5.75,HR 6127,
261.13140,16.30101,5.75,HR 6481,
265.99654,53.80172,5.75,Alruba,
297.17524,11.81590,5.75,π Aql,52 Aql
300.09627,-66.94936,5.75,μ¹ Pav,
310.34853,-31.59829,5.75,HR 7909,
310.64633,82.53116,5.75,76 Dra,
317.13625,-63.92826,5.75,HR 8073,
317.56485,53.56310,5.75,HR 8106,
319.86978,49.51029,5.75,HR 8161,
322.03433,32.22533,5.75,HR 8220,
331.29721,26.67369,5.75,HR 8415,
334.27708,-5.38716,5.75,44 Aqr,
334.55258,62.80439,5.75,25 Cep,
351.05521,-51.89117,5.75,HR 8898,
351.78075,42.91201,5.75,13 And,
24.94753,-56.19640,5.76,p Eridani,
28.96266,23.57732,5.76,7 Ari,
40.76177,55.10602,5.76,11 Per,
43.95207,18.33164,5.76,ρ² Ari,45 Ari
52.47984,-42.63426,5.76,HR 1075,
53.14979,9.37344,5.76,6 Tau,
56.47698,24.55451,5.76,Asterope,21 Tau
58.41121,48.65049,5.76,HR 1198,
65.17185,6.13080,5.76,HR 1360,
68.15648,-3.20954,5.76,HR 1441,
72.13555,-16.32948,5.76,59 Eri,
83.81446,-33.07972,5.76,HR 1909,
93.00558,19.79054,5.76,68 Ori,
94.92065,-34.39659,5.76,HR 2279,
96.43189,-48.17690,5.76,HR 2348,
97.15591,-17.46601,5.76,HR 2359,
99.59588,28.98435,5.76,53 Aur,
114.94949,-38.26065,5.76,HR 2964,
118.19942,-5.42826,5.76,HR 3072,
128.68287,36.41962,5.76,33 Lyn,
137.29797,-12.35771,5.76,HR 3636,
157.98933,-45.06671,5.76,HR 4135,
173.59146,3.06017,5.76,89 Leo,
188.67672,-44.67302,5.76,HR 4788,
192.32274,27.55238,5.76,30 Com,
198.13717,11.55610,5.76,HR 4986,
200.24051,-46.88001,5.76,HR 5029,
201.13845,-5.16401,5.76,66 Vir,
209.66219,21.69622,5.76,10 Boo,
221.98983,-26.64616,5.76,57 Hya,
222.32780,46.11621,5.76,Merga,38 Boo
227.37465,-67.08413,5.76,HR 5621,
234.56750,46.79775,5.76,HR 5830,
239.02473,-60.48248,5.76,HR 5905,
245.10517,-55.13971,5.76,HR 6073,
247.80597,22.19546,5.76,HR 6154,
255.57789,25.50562,5.76,HR 6333,
259.69930,-44.12975,5.76,HR 6420,
260.77965,-56.52555,5.76,HR 6442,
261.07832,-60.67380,5.76,HR 6447,
264.37956,24.30999,5.76,79 Her,
269.17433,-28.06539,5.76,HR 6680,
275.34578,-18.86000,5.76,HR 6863,
277.76855,16.92856,5.76,HR 6955,
279.39984,-0.30947,5.76,HR 6993,
280.90553,-64.55142,5.76,HR 7004,
291.60055,13.02380,5.76,HR 7389,
293.22420,-53.18562,5.76,HR 7411,
298.15715,-54.97103,5.76,HR 7548,
298.53449,-8.57421,5.76,56 Aql,
304.60314,55.39710,5.76,HR 7781,
308.32341,-80.96486,5.76,HR 7785,
315.08964,-51.26531,5.76,HR 8027,
321.10339,-41.00670,5.76,θ² Mic,
333.09352,63.29104,5.76,HR 8483,
336.11275,-13.52937,5.76,50 Aqr,
336.65577,4.39377,5.76,34 Peg,
337.90752,-85.96725,5.76,υ Oct,
344.79922,11.72884,5.76,52 Peg,
358.21053,-8.99676,5.76,HR 9040,
3.72714,-9.56957,5.77,HR 51,
6.35087,1.93969,5.77,44 Psc,
17.13941,58.26345,5.77,HR 326,
66.15606,33.95969,5.77,56 Per,
72.15161,-5.67404,5.77,HR 1536,
82.00671,17.23913,5.77,117 Tau,
82.47822,1.78926,5.77,HR 1833,
102.59070,-17.08456,5.77,HR 2535,
108.27997,-11.25134,5.77,HR 2723,
111.13938,27.63786,5.77,59 Gem,
115.06125,38.34454,5.77,HR 2935,
119.71065,-60.82446,5.77,HR 3147,
122.99987,-46.64435,5.77,HR 3232,
123.55526,-35.49002,5.77,HR 3242,
141.36380,-61.95048,5.77,HR 3752,
143.72262,72.20568,5.77,22 UMa,
153.20153,4.61468,5.77,19 Sex,
160.83717,4.74767,5.77,35 Sex,
168.31119,-44.37222,5.77,HR 4354,
172.41092,-24.46401,5.77,HR 4428,
183.35434,-38.92919,5.77,HR 4648,
198.88323,40.85520,5.77,19 CVn,
207.94676,-46.89867,5.77,HR 5206,
210.00056,-25.01040,5.77,48 Hya,
226.85811,-49.08861,5.77,HR 5617,
233.98773,54.63057,5.77,HR 5818,
249.08937,-2.32458,5.77,12 Oph,
250.16120,4.21979,5.77,37 Her,
260.99007,8.85257,5.77,HR 6476,
268.30911,6.10142,5.77,HR 6670,
277.85706,-10.79584,5.77,HR 6946,
316.62601,31.18466,5.77,HR 8084,
323.23578,49.97763,5.77,HR 8246,
324.75493,20.26545,5.77,HR 8276,
348.74417,-41.10540,5.77,HR 8835,
350.22185,38.18233,5.77,12 And,
357.36449,1.07613,5.77,21 Psc,
357.83853,9.31335,5.77,80 Peg,
1.08248,-16.52904,5.78,HR 9101,
3.33148,-84.99398,5.78,HR 47,
9.11393,60.32621,5.78,HR 146,
25.83226,60.55133,5.78,44 Cas,
27.17325,32.69021,5.78,HR 523,
28.21713,-16.92925,5.78,HR 547,
39.24421,-34.57798,5.78,λ² For,
41.13739,15.31186,5.78,ο Ari,37 Ari
48.05935,27.25697,5.78,56 Ari,
51.12374,33.53596,5.78,HR 1019,
57.97383,34.35912,5.78,HR 1191,
65.24182,-81.57992,5.78,ν Men,
68.00768,53.91083,5.78,1 Cam,
69.53934,16.03329,5.78,89 Tau,
71.02217,-8.50357,5.78,56 Eri,
80.43150,8.42856,5.78,HR 1763,
81.49927,-19.69540,5.78,HR 1812,
86.71724,9.52234,5.78,HR 1987,
92.90244,48.71099,5.78,41 Aur,
93.08385,32.69338,5.78,HR 2189,
96.05775,-60.28133,5.78,HR 2345,
98.81595,0.89022,5.78,HR 2409,
102.70764,-0.54088,5.78,HR 2530,
105.57289,15.33601,5.78,HR 2632,
106.41261,9.18580,5.78,HR 2663,
108.91429,7.97774,5.78,HR 2747,
112.27048,-31.45622,5.78,HR 2873,
113.64499,-27.01227,5.78,HR 2916,
114.68292,-36.49683,5.78,HR 2954,
117.30385,-60.28369,5.78,HR 3070,
117.42081,-66.19597,5.78,HR 3081,
120.33651,59.04740,5.78,HR 3106,
133.45276,-60.35391,5.78,HR 3560,
137.88911,-46.58391,5.78,HR 3658,
153.36672,-51.75579,5.78,HR 4020,
181.31177,76.90573,5.78,Tonatiuh,
187.47582,-56.52494,5.78,HR 4754,
189.00433,-39.86950,5.78,HR 4796,
197.78708,-42.23289,5.78,HR 4970,
221.52479,15.13179,5.78,HR 5512,
223.59531,-11.89835,5.78,ξ¹ Lib,13 Lib
237.52956,-53.20977,5.78,HR 5869,
238.88497,-60.17765,5.78,HR 5900,
239.33886,-36.18534,5.78,HR 5929,
243.34476,-55.54095,5.78,ζ Nor,
253.74376,-41.15086,5.78,HR 6272,
262.69584,86.96805,5.78,24 UMi,
265.31766,-46.92183,5.78,HR 6572,
267.89780,-60.16406,5.78,HR 6624,
279.62797,-23.50489,5.78,HR 6990,
286.65998,24.25079,5.78,HR 7250,
308.47851,46.69387,5.78,HR 7870,
313.69925,-17.92289,5.78,19 Cap,
321.81176,-21.19621,5.78,35 Cap,
327.89270,19.82668,5.78,HR 8348,
332.65598,11.62454,5.78,HR 8458,
336.29359,-70.43162,5.78,HR 8527,
358.69426,0.10931,5.78,HR 9047,
5.18967,32.91119,5.79,HR 79,
22.93020,-30.28308,5.79,HR 441,
33.94184,25.78294,5.79,20 Ari,
39.02036,6.88687,5.79,268 G. Cet,
40.05175,-9.45288,5.79,HR 784,
48.94987,57.14062,5.79,HR 964,
53.39597,39.89948,5.79,HR 1078,
56.50360,67.20161,5.79,HR 1124,
68.39180,-62.82368,5.79,HR 1475,
73.95897,15.04028,5.79,HR 1576,
74.45269,23.94856,5.79,99 Tau,
74.53912,25.05041,5.79,98 Tau,
83.68659,-73.74128,5.79,HR 1964,
87.51118,9.87122,5.79,HR 2014,
91.52307,-29.75862,5.79,HR 2164,
94.74573,-20.92561,5.79,HR 2271,
100.27268,0.49532,5.79,HR 2461,
111.28466,-13.75198,5.79,HR 2832,
111.35529,-25.21777,5.79,HR 2841,
111.96525,-11.55687,5.79,HR 2859,
115.46603,13.48045,5.79,HR 2965,
128.96680,-50.96965,5.79,HR 3413,
131.48009,-79.50437,5.79,HR 3543,
133.20007,-38.72409,5.79,HR 3535,
139.88805,-15.83466,5.79,HR 3704,
140.43039,56.69922,5.79,HR 3698,
147.80021,-59.42577,5.79,HR 3913,
157.52688,38.92513,5.79,32 LMi,
160.93053,57.19920,5.79,39 UMa,
167.47246,-32.36753,5.79,HR 4339,
168.50764,8.06070,5.79,HR 4358,
185.93648,-38.91138,5.79,HR 4714,
194.91465,-3.81193,5.79,44 Vir,
197.30181,10.02247,5.79,HR 4960,
205.04484,-64.57655,5.79,HR 5130,
234.45016,-23.14170,5.79,HR 5806,
240.83068,36.63179,5.79,HR 5983,
247.06027,-37.17988,5.79,HR 6122,
254.89157,-69.26816,5.79,HR 6276,
271.95625,26.09734,5.79,100 Her,
278.80251,18.20341,5.79,HR 6977,
288.30694,-25.90679,5.79,HR 7277,
292.25412,1.95045,5.79,35 Aql,
298.70104,36.99568,5.79,HR 7606,
310.13550,-16.12418,5.79,HR 7905,
323.82342,-3.98331,5.79,HR 8251,
330.46077,52.88225,5.79,HR 8403,
331.95961,21.70293,5.79,25 Peg,
336.02868,-4.83702,5.79,51 Aqr,
337.29261,26.76320,5.79,HR 8564,
343.41732,44.74916,5.79,HR 8708,
345.99849,-41.47890,5.79,HR 8771,
0.54208,27.08226,5.80,85 Peg,
1.27558,61.31397,5.80,HR 9110,
11.43975,-47.55199,5.80,HR 209,
13.64677,19.18842,5.80,66 Psc,
17.79284,37.72412,5.80,45 And,
39.40014,65.74534,5.80,HR 747,
41.94852,81.44848,5.80,HR 774,
44.52171,20.66873,5.80,47 Ari,
58.43017,57.97514,5.80,HR 1192,
62.90084,-20.35616,5.80,HR 1300,
77.08413,-8.66532,5.80,HR 1671,
82.34869,-3.44639,5.80,HR 1830,
91.36323,-35.51365,5.80,HR 2160,
103.76140,-20.40488,5.80,17 CMa,
106.77949,-40.89327,5.80,HR 2691,
108.54521,-3.90178,5.80,HR 2731,
110.71690,55.28139,5.80,19 Lyn,
111.23785,51.88726,5.80,HR 2804,
116.04040,-36.06251,5.80,HR 3007,
119.24772,15.79028,5.80,1 Cnc,
125.08737,20.74772,5.80,HR 3264,
128.50674,-2.15156,5.80,HR 3383,
134.68303,-16.13273,5.80,HR 3578,
135.19061,-60.96383,5.80,HR 3604,
145.25895,-57.25954,5.80,HR 3864,
146.54185,6.70856,5.80,HR 3876,
152.37579,-68.68278,5.80,HR 4002,
154.65841,-56.11039,5.80,HR 4061,
162.57523,-8.89776,5.80,41 Sex,
171.24553,11.43029,5.80,HR 4404,
171.69700,-53.15991,5.80,HR 4417,
174.07480,27.78135,5.80,HR 4465,
184.37327,53.19133,5.80,HR 4672,
221.52820,-23.15302,5.80,HR 5499,
222.49332,28.61583,5.80,HR 5532,
235.47798,18.46404,5.80,τ7 Ser,22 Ser
244.18660,29.15026,5.80,υ CrB,18 CrB
263.65290,9.58670,5.80,53 Oph,
282.36386,-45.81010,5.80,HR 7065,
300.20136,-45.11292,5.80,HR 7630,
301.02598,17.07017,5.80,15 Sge,
332.24580,-18.51959,5.80,35 Aqr,
334.21902,-9.04007,5.80,HR 8500,
339.30370,75.37181,5.80,HR 8625,
343.36961,-11.61651,5.80,74 Aqr,
24.94505,-56.19462,5.80,p Eridani,
17.58105,25.45776,5.81,HR 341,
34.97608,-55.94480,5.81,HR 688,
35.70966,41.39630,5.81,HR 687,
39.14613,7.73003,5.81,HR 766,
45.73274,-46.97504,5.81,HR 929,
52.71538,-66.48971,5.81,HR 1092,
57.14877,-20.90298,5.81,HR 1187,
65.77364,-24.89216,5.81,HR 1384,
79.55520,73.26807,5.81,HR 1683,
84.68136,-40.70731,5.81,HR 1947,
89.65645,-44.03456,5.81,HR 2117,
101.47383,-52.40969,5.81,HR 2515,
109.13273,-38.31893,5.81,HR 2769,
154.31067,23.10622,5.81,39 Leo,
164.99747,-43.80711,5.81,HR 4292,
199.61551,34.09830,5.81,HR 5022,
200.56786,-52.18296,5.81,HR 5036,
204.67532,-29.56087,5.81,HR 5128,
206.40374,-26.11601,5.81,HR 5167,
238.06903,55.82671,5.81,HR 5922,
265.49192,72.15691,5.81,Dziban B,ψ¹ Dra
274.29845,-17.37389,5.81,HR 6838,
276.49494,29.82893,5.81,HR 6917,
290.58976,-0.25234,5.81,HR 7349,
301.55734,53.16569,5.81,HR 7697,
303.36496,60.64057,5.81,HR 7742,
320.27010,7.35450,5.81,9 Equ,
346.81161,-50.68668,5.81,HR 8793,
349.96837,42.07804,5.81,10 And,
354.38351,44.42899,5.81,HR 8962,
359.87208,33.72388,5.81,HR 9074,
22.80666,70.26460,5.82,38 Cas,
44.52387,-23.60601,5.82,6 Eri,
52.65393,48.10360,5.82,HR 1051,
54.19704,0.58776,5.82,HR 1099,
57.40254,63.29697,5.82,HR 1158,
72.86755,-34.90629,5.82,HR 1559,
91.76529,-34.31202,5.82,HR 2170,
96.76720,-58.00212,5.82,HR 2369,
97.80456,-35.25884,5.82,HR 2388,
98.11328,32.45490,5.82,HR 2372,
117.30360,-46.85772,5.82,HR 3058,
127.28154,-44.16041,5.82,HR 3356,
170.78394,-56.77936,5.82,HR 4398,
183.74826,-20.84422,5.82,HR 4655,
186.26340,56.77783,5.82,71 UMa,
199.30800,-43.97948,5.82,HR 5008,
201.53349,72.39148,5.82,HR 5073,
209.08255,-46.59295,5.82,HR 5239,
227.14818,25.10863,5.82,HR 5640,
232.66834,-16.60946,5.82,ζ³ Lib,34 Lib
233.50715,-40.06643,5.82,HR 5767,
234.56782,-21.01633,5.82,HR 5810,
240.21306,4.42736,5.82,HR 5963,
261.17512,-21.44148,5.82,HR 6472,
269.07668,0.67036,5.82,HR 6684,
280.00161,-7.79080,5.82,HR 7007,
281.20668,-25.01091,5.82,HR 7035,
281.36818,5.50013,5.82,HR 7048,
282.74379,-9.77410,5.82,HR 7094,
285.88439,1.81877,5.82,HR 7214,
292.23784,24.76872,5.82,8 Vul,
305.08919,17.79293,5.82,HR 7780,
339.14769,-31.66379,5.82,HR 8601,
342.04600,37.41669,5.82,HR 8678,
343.52903,40.37691,5.82,HR 8712,
353.33148,-77.38533,5.82,HR 8935,
10.51430,66.14759,5.83,HR 177,
16.08126,61.58018,5.83,HR 297,
27.53571,22.27534,5.83,1 Ari,
42.13370,18.28379,5.83,40 Ari,
84.28684,26.92447,5.83,HR 1902,
92.88460,24.42025,5.83,5 Gem,
93.47598,-3.74137,5.83,HR 2218,
93.65293,-4.56846,5.83,HR 2224,
110.60579,-5.98283,5.83,HR 2811,
113.56621,3.37173,5.83,δ³ CMi,9 CMi
120.76734,-32.46355,5.83,HR 3160,
122.79498,-48.46199,5.83,HR 3227,
139.28217,-14.57407,5.83,HR 3687,
139.67649,-51.56065,5.83,HR 3708,
149.14788,-33.41850,5.83,HR 3932,
172.26932,61.77837,5.83,HR 4421,
178.99338,56.59856,5.83,66 UMa,
192.16416,60.31982,5.83,HR 4867,
208.48851,-47.12816,5.83,HR 5223,
216.80088,-46.13425,5.83,HR 5401,
219.56340,54.02334,5.83,HR 5467,
225.52678,-28.06061,5.83,60 Hya,
246.04512,6.94821,5.83,21 Her,
249.04669,46.61333,5.83,HR 6183,
249.60956,-43.39843,5.83,HR 6174,
261.68435,48.26006,5.83,77 Her,
262.86447,-80.85913,5.83,HR 6429,
271.95651,26.10128,5.83,100 Her,
296.86575,38.40761,5.83,HR 7543,
304.52911,40.73208,5.83,HR 7767,
314.10611,50.72860,5.83,HR 8025,
315.53751,56.66961,5.83,HR 8065,
318.05709,-40.26936,5.83,HR 8100,
319.54614,-4.51948,5.83,15 Aqr,
330.82930,11.38655,5.83,21 Peg,
336.67683,78.78585,5.83,ρ¹ Cep,28 Cep
347.48933,-42.86129,5.83,HR 8814,
2.57862,-5.24859,5.84,HR 29,
2.67848,-12.57990,5.84,HR 31,
20.87899,-30.94562,5.84,HR 400,
29.43227,27.80438,5.84,HR 564,
32.28876,-43.51660,5.84,HR 632,
38.21928,34.54241,5.84,HR 738,
39.57773,-30.19406,5.84,ι² For,
45.48383,-9.96141,5.84,HR 912,
49.36083,-47.75166,5.84,HR 998,
62.50128,86.62614,5.84,HR 1107,
72.32947,32.58819,5.84,HR 1528,
74.71243,-82.47051,5.84,ξ Men,
76.98099,21.70482,5.84,105 Tau,
107.92335,-20.88306,5.84,HR 2716,
108.67490,24.88498,5.84,52 Gem,
113.29074,-24.71073,5.84,HR 2900,
154.17402,25.37071,5.84,HR 4032,
159.78195,37.91000,5.84,38 LMi,
174.09323,-61.05243,5.84,HR 4472,
190.34584,-46.14558,5.84,HR 4818,
194.07332,54.09949,5.84,HR 4917,
198.57229,-78.44745,5.84,HR 4976,
198.68042,-48.95702,5.84,HR 4996,
214.36856,15.26338,5.84,HR 5352,
217.81836,-67.71720,5.84,HR 5408,
228.47214,-26.19357,5.84,HR 5658,
234.64249,50.42328,5.84,HR 5835,
239.41860,-20.98308,5.84,HR 5934,
250.43941,-33.14576,5.84,HR 6192,
253.61226,-42.47889,5.84,HR 6266,
263.28078,-41.17307,5.84,HR 6523,
268.08234,-34.41684,5.84,HR 6648,
271.53082,-8.32396,5.84,HR 6755,
279.80952,-47.90977,5.84,HR 6986,
283.69642,48.85940,5.84,HR 7154,
290.46205,-18.30839,5.84,ρ² Sgr,45 Sgr
291.61953,19.89149,5.84,HR 7391,
292.08666,2.93003,5.84,HR 7397,
303.10779,-12.61750,5.84,ξ² Cap,2 Cap
322.24906,22.17944,5.84,HR 8223,
328.87914,65.32081,5.84,HR 8375,
339.71913,19.52226,5.84,40 Peg,
341.54246,44.54605,5.84,HR 8666,
40.74792,53.52611,5.85,HR 787,
59.71832,-5.46995,5.85,HR 1232,
65.17848,-7.59249,5.85,HR 1363,
69.56596,20.68472,5.85,HR 1471,
104.13357,46.27400,5.85,ψ9 Aur,
108.10990,24.12859,5.85,48 Gem,
135.68675,7.29827,5.85,HR 3599,
138.53422,-44.14582,5.85,HR 3672,
138.73819,-37.60240,5.85,HR 3677,
149.10824,8.93316,5.85,HR 3926,
162.35186,-59.32379,5.85,HR 4239,
162.43121,-9.85270,5.85,HR 4233,
177.92338,-30.83481,5.85,HR 4548,
183.35808,10.26234,5.85,12 Vir,
205.37438,64.82241,5.85,HR 5162,
223.65798,-33.30058,5.85,HR 5549,
227.16334,-42.86792,5.85,HR 5625,
234.38343,54.50873,5.85,HR 5828,
236.90801,55.37663,5.85,HR 5887,
279.72252,-21.05187,5.85,HR 6998,
288.02124,49.85576,5.85,HR 7293,
290.98541,43.38817,5.85,HR 7382,
339.24519,-40.59103,5.85,σ² Gru,
345.17876,3.01180,5.85,HR 8751,
348.36044,11.06500,5.85,HR 8833,
358.12497,-14.25122,5.85,HR 9037,
4.28768,47.94741,5.86,HR 62,
12.03730,72.67448,5.86,HR 212,
27.04557,16.95555,5.86,4 Ari,
33.25410,-21.00014,5.86,HR 651,
42.92391,46.84194,5.86,HR 842,
54.62188,-7.39186,5.86,HR 1108,
65.36266,-0.09817,5.86,HR 1366,
70.83997,49.97379,5.86,HR 1493,
75.68915,-4.21012,5.86,HR 1625,
81.77217,-40.94351,5.86,HR 1827,
82.89999,-45.92532,5.86,HR 1870,
93.61909,17.90635,5.86,HR 2214,
97.69635,58.16263,5.86,6 Lyn,
105.63870,16.67445,5.86,HR 2635,
109.51771,-43.98679,5.86,HR 2789,
112.35683,-7.55117,5.86,HR 2866,
118.88097,8.86284,5.86,HR 3087,
123.59947,-45.83452,5.86,HR 3250,
132.50929,-29.46300,5.86,HR 3513,
139.36507,-74.73459,5.86,HR 3721,
142.59369,-15.57735,5.86,HR 3772,
142.88760,-35.71475,5.86,HR 3790,
149.59529,72.87951,5.86,HR 3918,
152.80326,37.40190,5.86,HR 3993,
165.04872,-14.08337,5.86,HR 4289,
188.78403,21.88138,5.86,HR 4793,
189.76443,-30.42239,5.86,HR 4810,
214.65940,-18.71597,5.86,HR 5355,
218.37488,-52.67952,5.86,HR 5427,
218.38506,-54.99863,5.86,HR 5426,
222.56584,23.91184,5.86,HR 5534,
236.00759,2.51517,5.86,ψ Ser,23 Ser
237.48960,-48.91241,5.86,HR 5871,
242.18217,-23.68542,5.86,HR 6003,
242.82384,-41.11980,5.86,HR 6015,
251.83227,42.23892,5.86,HR 6242,
253.35510,-20.41556,5.86,HR 6269,
260.73011,-58.01033,5.86,HR 6438,
269.90318,-4.82113,5.86,HR 6706,
272.77314,-41.35911,5.86,HR 6786,
272.81571,-75.89151,5.86,HR 6731,
273.14223,-73.67242,5.86,HR 6751,
287.49023,-41.89226,5.86,HR 7257,
295.93788,41.77311,5.86,HR 7514,
304.50582,-21.80996,5.86,4 Cap,
306.36178,-28.66327,5.86,HR 7801,
312.32339,-25.78124,5.86,HR 7961,
343.25945,16.84119,5.86,HR 8703,
353.74598,71.64204,5.86,HR 8952,
357.42066,36.42528,5.86,HR 9024,
0.65036,66.09897,5.87,HR 9094,
19.04958,71.74384,5.87,HR 365,
19.95123,-0.50903,5.87,42 Cet,
30.74403,-15.30593,5.87,HR 608,
66.86987,11.21230,5.87,HR 1402,
84.50466,7.54142,5.87,HR 1920,
87.47292,-22.97187,5.87,HR 2026,
88.87572,-4.61655,5.87,HR 2070,
96.66493,-1.50734,5.87,HR 2324,
99.40998,56.85753,5.87,11 Lyn,
102.45765,16.20289,5.87,33 Gem,
109.50924,40.88339,5.87,64 Aur,
110.26806,-25.89164,5.87,HR 2802,
112.49887,-52.65116,5.87,HR 2884,
116.54394,-37.93367,5.87,HR 3022,
120.20813,-54.15127,5.87,HR 3156,
120.23280,25.39284,5.87,ω¹ Cnc,2 Cnc
142.68009,33.65571,5.87,7 LMi,
162.05882,-31.68785,5.87,HR 4225,
171.38793,-37.74757,5.87,HR 4411,
191.69262,-33.31548,5.87,HR 4850,
192.54481,37.51694,5.87,HR 4875,
208.42959,-53.37332,5.87,HR 5217,
214.75383,-25.81543,5.87,HR 5356,
216.77960,-65.82165,5.87,HR 5391,
238.66472,-25.24374,5.87,3 Sco,
258.32509,-67.19659,5.87,HR 6368,
264.28688,72.45579,5.87,HR 6606,
266.17503,-42.72930,5.87,HR 6597,
277.39880,23.86620,5.87,HR 6943,
299.94727,-9.95824,5.87,HR 7637,
304.00255,45.57952,5.87,HR 7756,
305.93487,37.47645,5.87,HR 7807,
312.67407,-12.54491,5.87,HR 7976,
320.26799,-4.56013,5.87,16 Aqr,
333.41123,28.60802,5.87,HR 8482,
4.65937,31.51723,5.88,HR 71,
7.85680,33.58164,5.88,HR 122,
9.84094,21.25047,5.88,54 Psc,
13.92666,-7.34715,5.88,HR 263,
24.47939,-82.97500,5.88,HR 512,
36.50147,-15.34125,5.88,HR 710,
37.63479,25.23504,5.88,HR 728,
45.40672,-28.09155,5.88,ε For,
61.51323,68.67997,5.88,HR 1241,
64.41779,-63.25541,5.88,θ Ret,
68.65830,28.96115,5.88,HR 1445,
77.93896,1.03703,5.88,HR 1691,
85.55815,-22.37372,5.88,12 Lep,
91.36263,-10.24260,5.88,HR 2150,
93.78501,-20.27219,5.88,HR 2242,
94.28987,-37.25350,5.88,HR 2265,
96.31894,-0.94588,5.88,HR 2313,
97.51241,46.68555,5.88,47 Aur,
98.08002,4.85600,5.88,12 Mon,
100.13436,71.74879,5.88,HR 2396,
100.91103,3.93253,5.88,HR 2479,
104.23365,46.70535,5.88,HR 2573,
123.45910,56.45225,5.88,HR 3200,
125.70807,-26.34822,5.88,HR 3291,
128.22915,38.01637,5.88,HR 3360,
134.48151,-48.57291,5.88,HR 3583,
142.59765,-58.36184,5.88,HR 3793,
155.26414,68.74765,5.88,HR 4047,
164.87887,-16.35370,5.88,HR 4284,
169.17449,49.47625,5.88,HR 4367,
188.04134,-73.00106,5.88,HR 4769,
189.19731,-5.83190,5.88,25 Vir,
191.82891,62.78115,5.88,HR 4859,
200.82873,-4.92443,5.88,65 Vir,
201.56915,46.02806,5.88,HR 5067,
206.55653,41.08875,5.88,HR 5179,
218.88118,-41.51744,5.88,HR 5439,
224.72325,-11.14401,5.88,18 Lib,
225.30454,-38.05840,5.88,HR 5585,
227.78665,-84.78781,5.88,ω Oct,
229.60886,-0.46123,5.88,HR 5690,
254.99044,-25.09220,5.88,HR 6308,
268.05692,-34.79920,5.88,HR 6647,
278.19231,23.61680,5.88,HR 6966,
278.23056,-73.96560,5.88,HR 6899,
287.10760,52.42573,5.88,HR 7275,
288.85357,30.52638,5.88,HR 7302,
298.05001,-19.04499,5.88,57 Sgr,
300.43629,24.80042,5.88,HR 7656,
316.59735,71.43180,5.88,HR 8099,
325.76832,-14.39971,5.88,44 Cap,
334.11058,57.22024,5.88,HR 8506,
338.10990,39.77973,5.88,HR 8588,
338.51214,-1.57427,5.88,60 Aqr,
340.09299,-30.65887,5.88,HR 8623,
347.43595,-28.08857,5.88,HR 8813,
5.10166,30.93561,5.89,HR 78,
9.19713,15.23173,5.89,53 Psc,
10.10488,-59.45460,5.89,HR 176,
28.97700,37.27779,5.89,HR 556,
29.89866,21.05857,5.89,HR 577,
30.03816,3.09701,5.89,112 Psc,
35.52076,-17.66217,5.89,HR 693,
36.64673,-20.04262,5.89,HR 713,
37.20208,29.93176,5.89,13 Tri,
42.19125,25.18806,5.89,HR 830,
44.91615,41.03294,5.89,HR 886,
46.82921,64.05759,5.89,HR 922,
60.20317,18.19400,5.89,HR 1238,
61.99757,17.33990,5.89,HR 1280,
77.82990,-2.49078,5.89,HR 1687,
89.20603,11.52106,5.89,HR 2076,
89.60184,1.83711,5.89,59 Ori,
114.14462,5.86217,5.89,HR 2918,
116.14245,-37.94292,5.89,HR 3011,
117.59936,-50.50947,5.89,HR 3071,
125.10846,57.74328,5.89,30 Lyn,
125.72986,-52.12373,5.89,HR 3300,
127.44273,67.29744,5.89,HR 3303,
128.43116,4.75700,5.89,HR 3378,
131.73341,12.10995,5.89,50 Cnc,
135.28540,-68.68392,5.89,HR 3610,
135.35054,32.25230,5.89,66 Cnc,
155.77636,33.90814,5.89,27 LMi,
159.51105,-57.25631,5.89,HR 4173,
167.41048,43.20774,5.89,HR 4336,
173.08332,-66.96182,5.89,HR 4448,
178.75008,-63.27918,5.89,HR 4563,
180.65723,-69.19229,5.89,HR 4597,
181.06915,21.45915,5.89,2 Com,
193.45385,-60.37624,5.89,κ Cru,
193.74403,-44.15197,5.89,HR 4903,
200.54037,5.15476,5.89,64 Vir,
207.78840,34.66440,5.89,HR 5215,
213.41996,-0.84546,5.89,HR 5317,
222.15854,-36.63470,5.89,HR 5519,
231.56083,-68.30917,5.89,HR 5713,
237.14340,28.15675,5.89,HR 5880,
242.94834,42.37457,5.89,HR 6050,
245.62112,-43.91205,5.89,HR 6085,
250.34634,-68.29612,5.89,η¹ TrA,
259.13215,1.21054,5.89,HR 6414,
264.36379,-50.05970,5.89,HR 6547,
270.96852,-24.36073,5.89,9 Sgr,
281.61915,-0.96169,5.89,5 Aql,
282.22244,19.32872,5.89,HR 7086,
284.50791,38.26619,5.89,HR 7174,
285.87363,-68.75554,5.89,HR 7161,
292.84008,26.61717,5.89,HR 7421,
293.53536,-40.03464,5.89,HR 7422,
294.67154,54.97379,5.89,HR 7484,
296.41644,7.61316,5.89,υ Aql,49 Aql
307.36295,56.06819,5.89,HR 7843,
309.57752,-81.28906,5.89,HR 7812,
314.41935,-16.03154,5.89,HR 8018,
319.84242,38.23747,5.89,HR 8157,
342.76227,85.37374,5.89,HR 8736,
348.65433,74.23127,5.89,HR 8844,
355.28713,-11.68065,5.89,HR 8979,
355.48622,7.25055,5.89,HR 8983,
1.05693,62.28766,5.90,9 Cas,
10.17655,-4.35184,5.90,HR 174,
11.05025,-38.42169,5.90,λ² Scl,
12.30810,-24.13667,5.90,HR 228,
23.56919,37.23715,5.90,HR 446,
23.70444,18.46051,5.90,HR 450,
35.72778,-51.09213,5.90,HR 701,
61.33437,22.00890,5.90,39 Tau,
67.09750,14.74097,5.90,76 Tau,
78.20054,-6.05719,5.90,HR 1697,
88.74581,31.70150,5.90,HR 2046,
89.84076,49.92454,5.90,HR 2081,
91.26414,42.98163,5.90,39 Aur,
104.10763,9.95658,5.90,HR 2589,
108.56466,-9.94753,5.90,HR 2732,
109.84322,2.74069,5.90,HR 2778,
111.67695,-34.14069,5.90,HR 2856,
113.02401,-8.88133,5.90,HR 2883,
116.80231,-22.51951,5.90,HR 3023,
120.40637,-37.28372,5.90,HR 3154,
130.27218,-48.92268,5.90,HR 3453,
134.12721,40.20147,5.90,HR 3546,
142.12740,-66.70188,5.90,HR 3783,
145.39631,31.27782,5.90,HR 3850,
148.42885,5.95857,5.90,HR 3915,
157.96406,32.37955,5.90,33 LMi,
164.28275,-50.76502,5.90,HR 4274,
169.72899,1.65040,5.90,76 Leo,
177.16129,14.28421,5.90,HR 4531,
184.66799,-0.78718,5.90,13 Vir,
198.34734,-50.69983,5.90,HR 4985,
209.11615,1.05058,5.90,92 Vir,
219.55829,18.29838,5.90,HR 5462,
221.77120,-38.29064,5.90,HR 5508,
224.05512,14.44627,5.90,HR 5567,
228.01776,18.97603,5.90,HR 5654,
231.96430,60.67022,5.90,HR 5755,
241.52658,-23.60631,5.90,HR 5988,
261.80193,-50.63037,5.90,HR 6478,
276.95617,-29.81686,5.90,HR 6907,
296.07669,69.33706,5.90,HR 7545,
300.24574,8.55773,5.90,HR 7648,
307.33496,36.45473,5.90,42 Cyg,
347.54055,-40.59155,5.90,HR 8818,
27.10840,3.68545,5.91,HR 527,
33.63312,-41.16676,5.91,HR 659,
38.27928,-34.64997,5.91,λ¹ For,
39.23819,38.73358,5.91,HR 756,
45.47559,26.46235,5.91,49 Ari,
49.98249,27.07113,5.91,59 Ari,
53.16674,35.46173,5.91,HR 1074,
56.53901,6.80352,5.91,HR 1159,
56.61429,-29.33816,5.91,σ For,
57.16231,0.22786,5.91,HR 1182,
65.46588,56.50632,5.91,HR 1342,
65.59472,20.82142,5.91,HR 1370,
69.10090,64.26160,5.91,HR 1440,
75.45981,0.72211,5.91,HR 1618,
93.78530,13.85110,5.91,HR 2222,
104.25217,33.68104,5.91,HR 2586,
108.05089,-25.94259,5.91,26 CMa,
109.94852,7.14295,5.91,HR 2779,
122.51578,58.24824,5.91,HR 3175,
128.96240,6.62022,5.91,HR 3395,
129.82347,52.71162,5.91,HR 3408,
142.19645,-62.27313,5.91,HR 3776,
142.88402,-31.87183,5.91,ζ² Ant,
152.53142,-8.40817,5.91,17 Sex,
153.44141,-40.34606,5.91,HR 4015,
158.14005,-44.61851,5.91,HR 4139,
163.37979,69.85388,5.91,HR 4243,
163.92666,0.73692,5.91,55 Leo,
164.00613,6.18537,5.91,56 Leo,
183.09159,-62.95077,5.91,HR 4644,
185.48929,-56.37438,5.91,HR 4702,
190.90854,-1.57700,5.91,HR 4837,
193.26753,-54.95247,5.91,HR 4885,
197.44937,16.84861,5.91,HR 4962,
197.51344,38.49898,5.91,17 CVn,
198.20325,-66.22675,5.91,HR 4977,
198.55049,-58.68394,5.91,HR 4988,
204.34784,-46.42788,5.91,HR 5121,
205.66395,78.06444,5.91,HR 5184,
208.29288,28.64813,5.91,HR 5229,
218.13561,22.26006,5.91,26 Boo,
222.18565,-66.59356,5.91,HR 5500,
223.14693,-63.80983,5.91,HR 5527,
224.84631,4.56776,5.91,HR 5584,
225.36293,60.20445,5.91,HR 5608,
241.15349,-37.86295,5.91,HR 5975,
243.59319,-33.01109,5.91,HR 6044,
252.39441,13.26114,5.91,HR 6246,
253.50159,-57.90951,5.91,HR 6251,
255.91376,13.60535,5.91,HR 6341,
255.96219,-38.15257,5.91,HR 6327,
259.73763,-34.98979,5.91,HR 6426,
260.72811,-37.22079,5.91,HR 6456,
268.14768,1.30501,5.91,HR 6667,
281.67951,52.98796,5.91,HR 7084,
284.00280,-23.17375,5.91,HR 7128,
284.69552,13.90665,5.91,10 Aql,
288.66478,-45.19353,5.91,HR 7281,
290.06675,57.64513,5.91,HR 7356,
291.26685,-29.30936,5.91,HR 7360,
297.55857,-47.55739,5.91,HR 7537,
298.02987,47.93180,5.91,HR 7591,
303.00293,26.47881,5.91,20 Vul,
304.37877,66.85369,5.91,HR 7783,
309.64579,23.68049,5.91,HR 7895,
311.09186,56.48841,5.91,HR 7944,
311.54161,-21.51403,5.91,17 Cap,
316.37175,78.12639,5.91,HR 8112,
342.59071,41.95339,5.91,14 Lac,
343.76099,37.07683,5.91,HR 8718,
347.61352,43.54423,5.91,6 And,
353.53757,-1.24757,5.91,14 Psc,
12.07254,7.29993,5.92,62 Psc,
15.90420,61.07482,5.92,HR 292,
21.08542,-6.91466,5.92,HR 404,
21.27204,-64.36948,5.92,HR 420,
22.59543,-26.20785,5.92,HR 436,
27.71655,11.04338,5.92,HR 534,
42.56157,-35.84364,5.92,η² For,
47.92844,81.47071,5.92,HR 906,
48.10719,-44.41966,5.92,HR 968,
75.59502,-31.77133,5.92,HR 1635,
81.70335,34.39181,5.92,HR 1795,
83.51686,-1.47025,5.92,HR 1874,
88.73619,19.74961,5.92,57 Ori,
97.54698,-10.08151,5.92,HR 2367,
97.69287,-27.76957,5.92,HR 2380,
101.34567,-31.79366,5.92,HR 2500,
101.63506,8.58715,5.92,16 Mon,
115.05638,-19.66086,5.92,HR 2960,
125.13390,24.02231,5.92,Piautos,λ Cnc
125.72540,-7.54312,5.92,HR 3288,
128.41014,-38.84882,5.92,HR 3389,
129.27405,9.65558,5.92,36 Cnc,
133.16087,-48.35910,5.92,HR 3539,
138.39359,-47.33841,5.92,HR 3670,
143.35856,-22.86388,5.92,HR 3810,
162.16899,-1.95890,5.92,HR 4224,
192.27825,83.41783,5.92,HR 4892,
197.96418,-69.94202,5.92,HR 4966,
203.66854,-13.21432,5.92,HR 5106,
205.59569,82.75241,5.92,HR 5203,
206.57946,38.50363,5.92,HR 5180,
206.86507,-50.24929,5.92,HR 5175,
209.82280,-50.36965,5.92,HR 5251,
225.04720,-77.16055,5.92,HR 5547,
248.10694,60.82332,5.92,HR 6170,
250.40291,26.91688,5.92,39 Her,
299.83509,45.77254,5.92,HR 7646,
314.10789,49.19585,5.92,HR 8026,
318.92669,77.01230,5.92,HR 8168,
328.79735,-61.88661,5.92,HR 8352,
335.88396,-7.19442,5.92,HR 8530,
340.48940,14.51639,5.92,HR 8642,
349.16579,-44.48917,5.92,HR 8846,
1.94539,-22.50856,5.93,HR 12,
8.29318,54.89498,5.93,HR 135,
17.93128,-2.25108,5.93,34 Cet,
43.39328,-38.43700,5.93,ψ For,
43.39716,-22.37631,5.93,HR 862,
45.18391,10.87039,5.93,HR 902,
48.34945,48.17695,5.93,HR 956,
49.51076,-28.79707,5.93,HR 993,
51.59385,-27.31748,5.93,HR 1045,
52.68926,6.18870,5.93,HR 1067,
58.38880,-46.89367,5.93,HR 1216,
60.16938,-30.49070,5.93,HR 1246,
77.43786,28.03046,5.93,HR 1670,
82.60902,15.36045,5.93,HR 1832,
85.27332,0.33775,5.93,HR 1955,
86.62659,56.11557,5.93,26 Cam,
88.08414,-57.15619,5.93,HR 2072,
91.16716,-45.07893,5.93,HR 2158,
92.38515,22.19026,5.93,HR 2169,
98.82331,9.98833,5.93,HR 2406,
105.87685,29.33708,5.93,HR 2643,
109.39050,52.13107,5.93,HR 2737,
114.19600,55.75506,5.93,HR 2894,
114.47442,48.77384,5.93,HR 2914,
115.24383,23.01853,5.93,HR 2951,
116.66689,65.45568,5.93,51 Cam,
138.96959,72.94633,5.93,HR 3645,
150.50041,-60.42089,5.93,HR 3960,
155.86032,-4.07404,5.93,25 Sex,
156.24774,-58.57630,5.93,HR 4095,
163.82184,-60.51700,5.93,HR 4271,
171.78966,-12.35675,5.93,κ Crt,16 Crt
178.91721,-28.47710,5.93,HR 4565,
194.13213,-72.18521,5.93,HR 4907,
195.77230,-71.47573,5.93,HR 4930,
210.86057,-56.21343,5.93,HR 5266,
214.84953,-37.00291,5.93,HR 5357,
220.17663,13.53433,5.93,HR 5473,
234.12181,16.11908,5.93,τ⁵ Ser,18 Ser
236.09449,-41.81909,5.93,HR 5846,
240.52316,52.91592,5.93,HR 5981,
242.24533,3.45447,5.93,HR 6011,
242.29672,6.37869,5.93,HR 6014,
244.79675,49.03816,5.93,HR 6090,
249.77178,-37.21737,5.93,HR 6178,
257.19808,-30.40373,5.93,HR 6366,
259.80213,-59.69461,5.93,HR 6408,
262.16214,-55.16969,5.93,HR 6487,
266.90325,-14.72582,5.93,HR 6620,
269.07932,-15.81252,5.93,HR 6681,
277.98747,-1.00298,5.93,61 Ser,
279.47678,-21.39773,5.93,HR 6988,
282.44130,32.81282,5.93,ν¹ Lyr,8 Lyr
285.98978,-51.01860,5.93,HR 7190,
286.42158,-15.66042,5.93,HR 7230,
287.94171,31.28346,5.93,19 Lyr,
295.68585,32.42674,5.93,HR 7502,
315.61310,-38.53097,5.93,HR 8046,
315.94837,53.28590,5.93,HR 8078,
321.44593,36.66739,5.93,69 Cyg,
332.96388,16.04055,5.93,HR 8461,
340.40010,41.54912,5.93,HR 8643,
341.02173,39.46535,5.93,HR 8654,
357.56137,-9.97414,5.93,HR 9027,
358.23152,-3.15548,5.93,24 Psc,
3.42602,-26.02235,5.94,HR 42,
7.58301,59.97755,5.94,HR 113,
8.88681,-0.50561,5.94,14 Cet,
11.23781,-42.67656,5.94,HR 198,
24.61452,-36.52825,5.94,HR 471,
27.16212,37.95287,5.94,HR 521,
27.72689,-50.20614,5.94,HR 541,
32.89931,-1.82543,5.94,63 Cet,
42.99479,68.88850,5.94,HR 829,
50.46866,49.07091,5.94,HR 1001,
62.25654,13.39828,5.94,HR 1284,
66.27229,-61.23819,5.94,HR 1416,
68.37767,72.52860,5.94,HR 1401,
81.16050,31.14315,5.94,HR 1776,
99.42300,61.48123,5.94,8 Lyn,
102.92678,-36.23027,5.94,HR 2558,
106.84333,34.00929,5.94,HR 2665,
108.10760,-36.54438,5.94,HR 2726,
111.73471,20.25756,5.94,61 Gem,
117.31104,-35.24329,5.94,HR 3049,
125.84100,18.33220,5.94,20 Cnc,
127.15558,14.21082,5.94,29 Cnc,
139.60799,35.36408,5.94,HR 3686,
172.62977,43.17324,5.94,58 UMa,
173.19807,-7.82752,5.94,HR 4446,
174.45191,-67.62038,5.94,HR 4485,
185.04489,-22.17570,5.94,HR 4691,
216.00365,8.24397,5.94,HR 5388,
236.64505,55.47479,5.94,HR 5878,
254.11992,-52.28375,5.94,HR 6275,
257.91116,-48.87340,5.94,HR 6374,
261.69230,34.69580,5.94,HR 6506,
264.40086,-15.57104,5.94,HR 6562,
267.88560,-40.77246,5.94,HR 6643,
271.59877,-36.01979,5.94,HR 6748,
307.47460,-18.58318,5.94,ο Cap,12 Cap
316.36134,5.95820,5.94,4 Equ,
326.22201,62.46057,5.94,HR 8327,
330.76566,-76.11843,5.94,HR 8380,
340.07668,53.84593,5.94,HR 8633,
345.38212,-4.71146,5.94,HR 8759,
15.72611,41.34516,5.95,39 And,
18.18924,-37.85648,5.95,HR 359,
23.97813,17.43384,5.95,HR 457,
41.20699,67.82463,5.95,HR 791,
53.61093,24.46439,5.95,7 Tau,
57.28383,43.96310,5.95,HR 1170,
64.33010,-6.47218,5.95,HR 1332,
65.06012,41.80807,5.95,HR 1337,
67.16265,-19.45887,5.95,HR 1421,
67.66805,-35.65350,5.95,HR 1439,
75.07643,39.39470,5.95,5 Aur,
86.64546,1.16819,5.95,HR 1988,
88.03221,-9.04190,5.95,HR 2039,
89.05944,-22.83997,5.95,HR 2086,
99.19416,-13.32104,5.95,HR 2428,
105.09898,-8.40682,5.95,HR 2624,
108.73813,-41.42639,5.95,HR 2759,
108.93017,-10.58361,5.95,HR 2752,
112.21314,-31.84840,5.95,HR 2870,
112.62880,-54.39937,5.95,HR 2892,
115.39648,3.62478,5.95,HR 2966,
124.59977,-12.63217,5.95,HR 3259,
126.46503,-64.60062,5.95,HR 3346,
128.86961,-26.84349,5.95,HR 3402,
134.14219,-16.70875,5.95,HR 3564,
137.19725,26.62911,5.95,75 Cnc,
137.21289,33.88222,5.95,HR 3625,
143.23239,-13.51680,5.95,HR 3802,
147.36707,-37.18677,5.95,HR 3892,
148.45876,-51.14671,5.95,HR 3924,
154.13458,23.50309,5.95,35 Leo,
161.26677,67.41138,5.95,HR 4195,
162.77253,-3.09267,5.95,HR 4240,
163.62333,-61.82662,5.95,HR 4266,
165.90246,-0.00083,5.95,62 Leo,
173.67705,16.79691,5.95,90 Leo,
175.17702,-53.96861,5.95,HR 4497,
179.82308,33.16700,5.95,HR 4581,
181.23846,-60.96825,5.95,HR 4607,
181.59606,-65.70945,5.95,HR 4615,
182.42212,1.89789,5.95,10 Vir,
186.29903,-11.61059,5.95,HR 4722,
191.24778,39.27892,5.95,10 CVn,
197.43867,-10.32933,5.95,50 Vir,
208.91240,-82.66619,5.95,HR 5188,
234.98589,-59.90834,5.95,HR 5803,
235.47790,-76.08196,5.95,HR 5786,
238.75152,-19.38293,5.95,47 Lib,
244.27274,-67.94128,5.95,HR 6037,
253.42679,-43.05097,5.95,HR 6257,
255.15412,-35.93413,5.95,HR 6311,
258.24399,-32.43833,5.95,HR 6389,
258.89991,-38.59390,5.95,HR 6398,
269.26799,0.06667,5.95,HR 6689,
277.33336,-80.23271,5.95,HR 6837,
286.73167,-48.29914,5.95,HR 7223,
300.06637,-37.70172,5.95,HR 7629,
305.68874,41.02601,5.95,HR 7800,
314.67433,-14.48313,5.95,HR 8024,
337.44171,-27.10728,5.95,HR 8563,
353.70567,-15.24601,5.95,HR 8946,
354.79235,75.29288,5.95,HR 8971,
356.65304,66.78224,5.95,HR 9005,
357.41412,28.84239,5.95,79 Peg,
359.33262,-62.95658,5.95,HR 9060,
5.36979,-77.42687,5.96,HR 87,
27.73797,51.93342,5.96,HR 529,
30.95072,-0.34025,5.96,61 Cet,
33.15640,24.16778,5.96,HR 644,
51.40105,-69.33644,5.96,HR 1064,
72.20952,75.94122,5.96,HR 1491,
79.71025,-18.13005,5.96,HR 1747,
84.65822,-6.57396,5.96,HR 1933,
87.55443,4.42341,5.96,HR 2019,
88.09752,19.86785,5.96,HR 2030,
104.73761,3.60236,5.96,HR 2610,
105.60639,17.75552,5.96,HR 2631,
105.82466,9.13836,5.96,HR 2647,
106.80539,-51.96828,5.96,HR 2698,
108.83852,-52.49923,5.96,HR 2767,
121.17668,-50.59040,5.96,HR 3178,
121.57665,22.63549,5.96,μ¹ Cnc,9 Cnc
125.30041,-57.97322,5.96,HR 3293,
126.48162,-14.92966,5.96,HR 3320,
129.57910,32.80202,5.96,HR 3409,
133.04904,45.31282,5.96,HR 3509,
133.14938,28.33082,5.96,Copernicus,ρ¹ Cnc
139.37990,46.81723,5.96,HR 3676,
144.36835,-36.09599,5.96,HR 3835,
144.86625,67.27223,5.96,HR 3824,
159.74859,-58.81685,5.96,HR 4179,
173.62317,-32.83134,5.96,HR 4458,
187.98390,-63.50584,5.96,HR 4771,
204.27509,-44.14320,5.96,HR 5118,
205.72931,-41.40104,5.96,HR 5155,
205.91703,-42.06752,5.96,HR 5157,
210.21894,-66.26891,5.96,HR 5253,
212.39601,-51.50467,5.96,HR 5296,
217.46049,0.82893,5.96,HR 5418,
228.97360,-48.07366,5.96,HR 5663,
251.16561,-53.15231,5.96,HR 6207,
273.80404,-20.38797,5.96,16 Sgr,
273.82109,68.75581,5.96,37 Dra,
285.76585,-19.24569,5.96,HR 7203,
305.00079,13.54809,5.96,HR 7774,
307.36397,81.09128,5.96,74 Dra,
314.14491,44.92472,5.96,HR 8023,
324.01033,45.37459,5.96,HR 8262,
326.00403,-14.74937,5.96,45 Cap,
326.13053,14.77194,5.96,HR 8314,
329.72298,62.69799,5.96,HR 8388,
334.75308,-13.30499,5.96,45 Aqr,
349.85045,-18.07538,5.96,HR 8869,
230.79945,30.28620,5.96,η CrB,2 CrB
14.62927,66.35179,5.97,HR 273,
17.63980,2.44567,5.97,33 Cet,
18.53179,16.13348,5.97,87 Psc,
20.85396,20.46897,5.97,HR 397,
25.41350,30.04712,5.97,HR 485,
30.64615,13.47672,5.97,HR 601,
44.05737,8.38156,5.97,HR 870,
47.66165,11.87263,5.97,HR 948,
49.44063,39.28337,5.97,HR 986,
54.75465,-5.62621,5.97,21 Eri,
58.29185,17.32708,5.97,HR 1201,
66.23802,19.04201,5.97,HR 1385,
70.45924,38.28018,5.97,HR 1489,
73.19631,27.89748,5.97,HR 1554,
76.85400,-12.49127,5.97,HR 1665,
84.26826,11.03500,5.97,HR 1908,
85.72464,-6.79617,5.97,HR 1967,
87.14559,-4.09465,5.97,HR 2007,
87.62511,2.02470,5.97,HR 2024,
89.11682,9.50940,5.97,HR 2075,
94.03204,-16.61801,5.97,HR 2249,
126.23837,-42.76983,5.97,HR 3322,
149.30664,57.41820,5.97,HR 3922,
154.61771,-41.66849,5.97,HR 4056,
160.46486,-79.78329,5.97,HR 4206,
195.29005,17.12315,5.97,38 Com,
201.54756,-1.19247,5.97,HR 5059,
206.68051,25.70224,5.97,3 Boo,
207.43944,61.48931,5.97,HR 5213,
226.63833,-30.91848,5.97,HR 5619,
233.81752,53.92214,5.97,HR 5811,
244.75175,-14.87283,5.97,HR 6078,
259.59697,38.81139,5.97,HR 6444,
265.38468,6.31316,5.97,HR 6590,
266.23272,-57.54554,5.97,HR 6586,
272.63165,54.28655,5.97,HR 6817,
295.02985,-23.42909,5.97,HR 7473,
302.00760,-0.67819,5.97,64 Aql,
310.01324,43.45888,5.97,HR 7919,
318.32900,-36.42353,5.97,HR 8108,
319.71678,11.20337,5.97,HR 8149,
321.20594,80.52483,5.97,HR 8239,
323.06072,-33.94462,5.97,6 PsA,
331.15319,-26.82236,5.97,HR 8408,
333.03372,24.95064,5.97,HR 8466,
338.90156,-23.99109,5.97,HR 8596,
345.68439,-20.87071,5.97,HR 8764,
346.86963,21.13425,5.97,HR 8799,
1.56534,58.43673,5.98,HR 5,
11.84847,6.74096,5.98,60 Psc,
21.57775,43.45774,5.98,HR 409,
24.92007,16.40586,5.98,105 Psc,
40.39221,-14.54928,5.98,HR 796,
49.14663,32.18402,5.98,HR 978,
52.65390,-47.37512,5.98,HR 1081,
53.41282,54.97486,5.98,HR 1073,
70.89477,-8.79432,5.98,55 Eri,
73.71129,0.46717,5.98,HR 1574,
79.84869,-27.36888,5.98,HR 1758,
84.82631,29.21521,5.98,HR 1924,
90.42941,48.95945,5.98,HR 2105,
111.46334,-5.77496,5.98,HR 2833,
111.92891,-22.85920,5.98,HR 2860,
119.75753,-45.21584,5.98,HR 3137,
127.44016,-46.33169,5.98,HR 3363,
133.04180,42.00274,5.98,HR 3511,
138.80945,34.63352,5.98,HR 3664,
152.65713,-41.71525,5.98,HR 4001,
158.19922,-58.66674,5.98,HR 4144,
162.02255,-59.91916,5.98,HR 4228,
175.86328,-37.19015,5.98,HR 4508,
196.85127,-59.86051,5.98,HR 4944,
205.68095,34.98902,5.98,HR 5161,
210.33512,8.89491,5.98,HR 5262,
227.53053,-38.79251,5.98,HR 5636,
228.52517,31.78785,5.98,HR 5674,
237.05544,13.78908,5.98,HR 5874,
255.11235,-48.64776,5.98,HR 6300,
256.58412,-37.22759,5.98,HR 6344,
257.06190,-17.60905,5.98,HR 6365,
258.83453,-14.58414,5.98,HR 6404,
261.90647,-29.72457,5.98,HR 6494,
262.23370,-36.77828,5.98,HR 6501,
271.20993,-35.90144,5.98,HR 6739,
272.93799,33.44706,5.98,HR 6814,
285.01480,-66.65362,5.98,HR 7130,
292.79564,-68.43392,5.98,HR 7383,
294.21855,11.27321,5.98,HR 7456,
295.27303,13.81568,5.98,HR 7486,
315.01659,7.51620,5.98,HR 8038,
325.50451,35.51020,5.98,HR 8297,
332.64062,-4.26685,5.98,HR 8453,
340.20371,-57.42232,5.98,HR 8620,
349.59718,41.77368,5.98,9 And,
354.83817,74.00263,5.98,HR 8972,
95.90708,-52.18111,5.98,HR 2322,
214.01750,18.91194,5.98,HR 5343,
2.07306,-8.82411,5.99,HR 16,
6.81128,-25.54717,5.99,HR 102,
10.67414,-60.26281,5.99,HR 186,
14.55922,33.95088,5.99,HR 275,
16.00995,52.50216,5.99,HR 298,
34.51913,57.51632,5.99,7 Per,
35.71845,-73.64579,5.99,κ Hyi,
40.52751,-38.38369,5.99,HR 805,
58.81721,-12.09910,5.99,HR 1217,
71.57011,18.73469,5.99,HR 1517,
71.68532,40.31259,5.99,HR 1514,
79.07562,34.31232,5.99,HR 1712,
80.82712,-8.41559,5.99,HR 1778,
82.70271,41.46199,5.99,HR 1824,
84.87980,-3.56470,5.99,HR 1940,
88.68348,0.96862,5.99,HR 2057,
93.82384,-18.47716,5.99,HR 2243,
93.87365,-4.91472,5.99,HR 2234,
99.94882,12.98277,5.99,HR 2449,
108.35010,-22.67424,5.99,HR 2730,
110.51449,0.17712,5.99,HR 2801,
114.99163,-37.57942,5.99,HR 2968,
120.37620,16.45531,5.99,5 Cnc,
141.02289,-61.64890,5.99,HR 3742,
145.44972,-55.21376,5.99,HR 3868,
163.42547,-70.72034,5.99,HR 4262,
164.88657,36.09310,5.99,HR 4278,
169.81946,-64.58249,5.99,HR 4384,
190.78831,-56.17622,5.99,HR 4834,
192.98722,-39.68043,5.99,HR 4879,
195.14978,-3.36849,5.99,46 Vir,
215.95251,-53.17623,5.99,HR 5380,
217.79517,-38.86971,5.99,HR 5419,
230.65521,62.04708,5.99,HR 5731,
250.77570,77.51397,5.99,HR 6267,
251.25080,-28.50966,5.99,HR 6218,
253.32319,47.41672,5.99,HR 6286,
253.85285,-63.26966,5.99,HR 6253,
258.92280,23.74276,5.99,HR 6419,
262.84701,-56.92096,5.99,HR 6505,
269.66271,-28.75909,5.99,HR 6692,
274.22126,-3.00740,5.99,HR 6840,
275.64715,12.02968,5.99,HR 6883,
282.42065,-5.91286,5.99,HR 7083,
283.71882,33.96858,5.99,HR 7140,
295.45417,50.52506,5.99,16 Cyg,
300.81833,18.50099,5.99,HR 7662,
309.77070,15.83820,5.99,HR 7899,
310.51096,-76.18059,5.99,μ¹ Oct,
312.85728,-5.62663,5.99,4 Aqr,
313.68456,75.92557,5.99,HR 8043,
320.73440,-9.31933,5.99,17 Aqr,
340.65368,-47.21081,5.99,HR 8635,
342.83725,-29.53631,5.99,21 PsA,
351.91827,25.16728,5.99,69 Peg,
354.59889,-76.86955,5.99,HR 8957,
354.97933,9.67729,5.99,HR 8970,
9.96642,-44.79629,6.00,HR 171,
30.71869,64.90147,6.00,52 Cas,
32.84260,-10.05216,6.00,HR 638,
37.68834,0.25575,6.00,HR 732,
38.22558,15.03455,6.00,29 Ari,
64.56699,-20.71526,6.00,HR 1345,
65.88486,20.98204,6.00,HR 1375,
76.62368,61.16976,6.00,HR 1624,
86.68958,15.82250,6.00,129 Tau,
94.14829,-39.26439,6.00,HR 2262,
95.65164,12.57024,6.00,HR 2287,
106.32654,22.63746,6.00,44 Gem,
107.38902,-16.23451,6.00,HR 2699,
110.22882,-26.96384,6.00,HR 2800,
123.12831,-46.26429,6.00,HR 3234,
125.16800,72.40723,6.00,HR 3236,
132.58758,-42.08979,6.00,HR 3525,
154.86175,48.39676,6.00,HR 4046,
156.85563,-65.70466,6.00,HR 4115,
156.86688,41.60104,6.00,HR 4096,
182.75031,81.70983,6.00,HR 4639,
187.49120,-41.73590,6.00,HR 4755,
189.68589,-18.25010,6.00,HR 4809,
193.57776,-11.64857,6.00,HR 4901,
194.69714,75.47251,6.00,HR 4927,
196.58852,21.15340,6.00,39 Com,
200.20141,-55.80069,6.00,HR 5027,
204.70400,-57.62272,6.00,HR 5124,
205.73380,-56.76797,6.00,HR 5151,
207.60283,5.49722,6.00,HR 5205,
209.13734,-54.70466,6.00,HR 5236,
218.08429,26.67728,6.00,HR 5433,
223.34909,19.15280,6.00,HR 5553,
235.24624,16.02459,6.00,τ6 Ser,19 Ser
237.88104,-47.06080,6.00,HR 5882,
240.89317,-32.00054,6.00,HR 5970,
256.32007,0.70256,6.00,HR 6349,
259.52058,17.31789,6.00,HR 6432,
265.34079,51.81818,6.00,HR 6607,
268.47822,-34.75272,6.00,HR 6662,
279.97005,52.19608,6.00,HR 7028,
286.71715,-16.22928,6.00,HR 7239,
293.42336,49.26232,6.00,HR 7442,
296.95224,25.38406,6.00,HR 7540,
297.25919,-10.87076,6.00,HR 7541,
319.30934,55.79800,6.00,HR 8150,
326.56779,-9.27594,6.00,47 Cap,
330.03303,6.71744,6.00,18 Peg,
336.94270,31.84004,6.00,HR 8555,
2.33288,79.71455,6.01,HR 20,
10.95870,-12.01181,6.01,HR 190,
22.47025,18.35567,6.01,97 Psc,
27.31479,47.89692,6.01,HR 526,
28.97430,1.84998,6.01,HR 560,
31.70514,25.70455,6.01,11 Ari,
32.80023,25.93694,6.01,16 Ari,
52.41307,-6.80446,6.01,HR 1060,
54.69862,-27.94305,6.01,τ For,
67.96565,15.85156,6.01,85 Tau,
68.45073,9.41357,6.01,HR 1446,
69.12138,23.34086,6.01,HR 1459,
91.59352,29.51241,6.01,HR 2146,
99.64761,-16.87355,6.01,HR 2448,
105.27144,-58.93994,6.01,HR 2661,
105.96500,12.59424,6.01,HR 2651,
115.14801,-8.18543,6.01,HR 2958,
120.06124,-48.98151,6.01,HR 3148,
126.32917,-21.04596,6.01,HR 3316,
127.21251,-9.74858,6.01,HR 3342,
133.57479,-5.43446,6.01,HR 3538,
141.59295,-1.46408,6.01,HR 3741,
147.80847,-4.24335,6.01,6 Sex,
154.82030,-12.52813,6.01,HR 4055,
155.12985,54.21684,6.01,HR 4052,
156.91246,9.76240,6.01,45 Leo,
159.06942,-16.34433,6.01,φ² Hya,
166.13016,38.24137,6.01,51 UMa,
182.69206,27.28150,6.01,HR 4633,
195.13611,-33.50527,6.01,HR 4922,
195.44606,63.61022,6.01,HR 4934,
197.41108,37.42315,6.01,HR 4964,
199.76774,35.12798,6.01,HR 5025,
203.01171,-18.72888,6.01,73 Vir,
209.66628,14.64927,6.01,HR 5254,
217.68912,4.77229,6.01,HR 5424,
231.91197,25.10163,6.01,HR 5745,
236.87152,-37.91631,6.01,HR 5864,
261.57921,7.59565,6.01,HR 6497,
265.24395,-32.21446,6.01,HIP 86527,
268.01967,39.98209,6.01,HR 6673,
270.15156,33.21368,6.01,HR 6726,
274.96696,29.66639,6.01,HR 6867,
300.34937,-22.73731,6.01,HR 7643,
303.13218,51.46357,6.01,HR 7726,
310.31754,14.58288,6.01,10 Del,
312.40737,12.54513,6.01,15 Del,
315.30360,36.02601,6.01,HR 8051,
321.68734,52.89854,6.01,HR 8218,
338.26155,69.91354,6.01,HR 8595,
343.26574,60.10103,6.01,HR 8707,
358.88949,47.35580,6.01,HR 9053,
359.26513,42.65823,6.01,HR 9057,
3.74516,8.82096,6.02,35 Psc,
29.63844,61.69779,6.02,HR 561,
47.61268,26.89623,6.02,HR 946,
61.92492,15.16279,6.02,HR 1279,
75.39386,-39.71805,6.02,HR 1631,
77.57836,37.30185,6.02,HR 1669,
81.74922,-68.62254,6.02,HR 1859,
99.88800,28.26313,6.02,54 Aur,
104.76189,38.05232,6.02,62 Aur,
108.61772,-10.31625,6.02,HR 2739,
109.15983,-23.31094,6.02,HIP 35213,
116.32519,-43.75257,6.02,HR 3020,
118.94412,-43.84505,6.02,HR 3101,
120.42698,60.32435,6.02,53 Cam,
126.17821,42.00524,6.02,HR 3287,
133.26579,-56.64948,6.02,HR 3549,
138.82353,-58.38838,6.02,HR 3691,
139.01679,-44.89872,6.02,HR 3688,
148.05067,2.45413,6.02,7 Sex,
153.62397,21.16806,6.02,HR 4012,
160.54695,31.69700,6.02,HR 4184,
170.71353,64.33051,6.02,HR 4391,
176.05485,25.21833,6.02,HR 4512,
186.85349,-63.78899,6.02,HR 4736,
190.39139,62.71304,6.02,76 UMa,
190.45584,-19.75909,6.02,HR 4827,
192.90371,3.05679,6.02,37 Vir,
205.97826,52.06441,6.02,HR 5169,
212.11485,-74.85028,6.02,HR 5279,
218.66043,36.62606,6.02,HR 5448,
228.14166,-72.77060,6.02,HR 5628,
235.65511,-49.48955,6.02,HR 5832,
243.63942,73.39489,6.02,HR 6088,
250.84218,-67.43239,6.02,HR 6182,
250.96541,34.03880,6.02,HR 6222,
251.37365,1.02016,6.02,16 Oph,
277.44483,-14.58199,6.02,HR 6932,
277.76229,-41.91383,6.02,HR 6931,
279.52698,39.66833,6.02,HR 7009,
281.07610,61.04814,6.02,HR 7075,
288.15306,21.55457,6.02,HR 7286,
289.21411,46.99910,6.02,HR 7322,
310.07452,60.50526,6.02,HR 7925,
310.15114,29.80555,6.02,HR 7917,
322.58468,52.95800,6.02,HR 8237,
326.37006,-71.00885,6.02,HR 8286,
330.10098,-55.88349,6.02,HR 8381,
352.86228,-44.84358,6.02,HR 8929,
115.02917,16.93861,6.02,HR 2950,
11.54504,44.86150,6.03,HR 205,
16.21932,5.65626,6.03,73 Psc,
23.81197,-58.13947,6.03,HR 460,
43.07910,-62.90958,6.03,HR 866,
49.49592,-66.92685,6.03,HR 1014,
51.04221,12.62959,6.03,HR 1028,
52.11069,22.80401,6.03,66 Ari,
75.40014,61.07800,6.03,HR 1593,
78.47223,-52.03075,6.03,HR 1727,
84.36399,-5.93839,6.03,HR 1918,
87.09319,20.86948,6.03,HR 1997,
89.23383,24.24969,6.03,HR 2074,
97.06035,70.53532,6.03,HR 2285,
99.25786,-38.14651,6.03,HR 2444,
103.26474,35.78800,6.03,HR 2542,
103.74549,-2.80359,6.03,HR 2582,
104.30472,57.56329,6.03,HR 2561,
108.00825,-63.19006,6.03,HR 2754,
117.77387,54.12924,6.03,HR 3028,
117.98656,19.32509,6.03,HR 3053,
119.31617,8.64122,6.03,HR 3097,
123.24888,16.51432,6.03,HR 3222,
126.15181,-4.71700,6.03,HR 3295,
131.12505,-65.82543,6.03,HR 3495,
164.06047,42.00816,6.03,HR 4264,
165.08625,42.91172,6.03,HR 4285,
185.94595,42.54274,6.03,4 CVn,
186.31295,23.92620,6.03,HR 4725,
215.83440,-50.77225,6.03,HR 5377,
219.44414,-67.93201,6.03,HR 5443,
226.83486,18.44183,6.03,HR 5633,
243.32072,-53.67117,6.03,HR 6022,
252.11240,-14.90942,6.03,HR 6235,
259.97229,-17.75654,6.03,HR 6435,
268.24002,-35.62431,6.03,HR 6653,
269.67633,36.28780,6.03,HR 6711,
274.40103,-34.10726,6.03,HR 6833,
288.76121,20.20312,6.03,HR 7299,
289.97110,11.53496,6.03,ω² Aql,29 Aql
291.12574,-27.86594,6.03,HR 7355,
293.95127,36.94454,6.03,11 Cyg,
299.18392,36.25060,6.03,HR 7620,
307.57485,10.89592,6.03,1 Del,
339.89304,37.59282,6.03,HR 8626,
343.40778,-48.59829,6.03,τ¹ Gru,
358.66065,-40.30006,6.03,HR 9046,
358.89101,57.41217,6.03,HR 9052,
8.88886,-54.82187,6.04,HR 148,
12.81826,61.80549,6.04,HR 237,
18.67664,6.99514,6.04,88 Psc,
19.07883,33.11472,6.04,HR 371,
30.73765,77.91626,6.04,HR 572,
41.33711,4.71163,6.04,HR 816,
71.48109,-39.35662,6.04,HR 1526,
72.18594,3.58853,6.04,HR 1534,
76.22720,-3.03967,6.04,HR 1646,
76.65309,-13.12262,6.04,HR 1661,
83.90058,-78.82084,6.04,ι Men,
85.14961,31.35820,6.04,HR 1938,
86.86205,-10.53296,6.04,HR 2001,
88.16705,33.91746,6.04,HR 2028,
90.25189,27.57236,6.04,HR 2111,
90.30457,-25.41776,6.04,HR 2129,
90.70249,49.90568,6.04,HR 2112,
92.86629,13.63856,6.04,HR 2191,
94.70329,-15.02495,6.04,HR 2268,
101.34735,-23.46243,6.04,HR 2495,
111.33322,-21.98259,6.04,HR 2839,
124.95777,3.94803,6.04,HR 3269,
128.55562,8.45234,6.04,HR 3380,
135.09275,-43.17399,6.04,HR 3593,
137.58692,21.99641,6.04,79 Cnc,
137.66166,30.96314,6.04,HR 3639,
140.12364,-37.58169,6.04,HR 3716,
157.95285,-28.23710,6.04,HR 4130,
157.98602,-45.06966,6.04,HR 4136,
159.71006,-12.44362,6.04,HR 4172,
179.79528,-51.69676,6.04,HR 4582,
199.82913,-72.03560,6.04,HR 5012,
206.80586,-9.70946,6.04,HR 5178,
219.58067,-38.79418,6.04,HR 5456,
233.97237,11.26566,6.04,HR 5796,
239.02849,-39.86436,6.04,HR 5918,
239.76828,49.88104,6.04,HR 5964,
245.01781,21.13261,6.04,HR 6087,
254.83974,56.68859,6.04,HR 6330,
262.95457,-46.03678,6.04,HR 6513,
264.15309,30.78518,6.04,HR 6570,
273.27008,38.77349,6.04,HR 6826,
280.90044,36.55660,6.04,Xihe,
281.29797,-61.09520,6.04,HR 7015,
282.43198,-72.99572,6.04,HR 7027,
285.23001,33.80216,6.04,HR 7204,
295.96438,34.16272,6.04,HR 7512,
297.29834,-28.78897,6.04,HR 7538,
297.75480,-65.60509,6.04,HR 7524,
313.91949,4.53272,6.04,HR 8010,
315.43866,-26.88099,6.04,HR 8045,
333.10733,-14.19396,6.04,39 Aqr,
335.75213,62.41936,6.04,HR 8537,
343.66472,-70.07371,6.04,ρ Ind,
350.20900,-50.30656,6.04,HR 8877,
7.05292,16.44506,6.05,48 Psc,
7.08354,10.18985,6.05,HR 107,
10.67871,-38.46348,6.05,λ¹ Scl,
26.94437,-80.17631,6.05,τ² Hyi,
32.35593,81.29595,6.05,HR 597,
33.51033,47.48424,6.05,HR 647,
33.62126,66.52443,6.05,55 Cas,
43.13385,-12.76971,6.05,HR 857,
44.13876,47.16401,6.05,HR 865,
46.15861,1.86360,6.05,HR 926,
57.47946,22.24415,6.05,HR 1185,
59.26587,23.17555,6.05,33 Tau,
59.67870,-57.10236,6.05,HR 1245,
63.43671,72.12615,6.05,HR 1281,
69.59058,-77.65600,6.05,HR 1531,
75.58248,74.26937,6.05,HR 1572,
80.32026,-34.34505,6.05,HR 1772,
85.75695,56.58152,6.05,24 Cam,
94.26497,-22.71523,6.05,HR 2254,
95.51481,59.37210,6.05,4 Lyn,
96.38724,23.32717,6.05,HR 2304,
96.79740,-25.85650,6.05,HR 2349,
99.35017,6.13538,6.05,HR 2422,
99.90093,-23.69566,6.05,HR 2455,
103.39134,-28.53979,6.05,HR 2576,
112.34110,-14.99866,6.05,HR 2868,
115.68150,34.00022,6.05,HR 2962,
117.91817,-42.88820,6.05,HR 3078,
119.63114,16.51868,6.05,HR 3104,
119.89606,13.24217,6.05,HR 3115,
126.60509,-52.80750,6.05,HR 3341,
127.15326,24.14493,6.05,28 Cnc,
130.80122,-79.07008,6.05,HR 3524,
137.92056,-39.25885,6.05,HR 3656,
140.99724,-51.73708,6.05,HR 3739,
141.06784,-39.42550,6.05,HR 3737,
141.68394,-64.92970,6.05,HR 3761,
147.16677,-56.41189,6.05,HR 3895,
149.53179,8.31398,6.05,HR 3938,
153.45711,27.13582,6.05,HR 4006,
157.18317,-3.74239,6.05,HR 4109,
162.47386,27.97395,6.05,44 LMi,
170.82480,0.13205,6.05,HR 4394,
173.31176,-16.28038,6.05,HR 4451,
175.97967,-6.67716,6.05,HR 4510,
177.31161,16.24288,6.05,HR 4535,
178.54794,-57.41020,6.05,HR 4556,
180.58602,-85.63176,6.05,HR 4595,
183.19594,-70.15179,6.05,HR 4645,
184.26389,-16.69374,6.05,HR 4670,
187.08038,-64.34099,6.05,HR 4744,
187.83924,7.60431,6.05,HR 4770,
197.74352,-52.56690,6.05,HR 4965,
208.56939,-28.56959,6.05,HR 5228,
221.80687,-21.32487,6.05,HR 5513,
229.04359,-43.48500,6.05,HR 5668,
234.67574,-39.12773,6.05,HR 5807,
237.21007,-52.43826,6.05,HR 5865,
249.50647,-6.53801,6.05,HR 6179,
250.94832,-38.15635,6.05,HR 6210,
254.71775,-37.62051,6.05,HR 6298,
255.24353,-86.36430,6.05,HR 6139,
262.93489,-26.26971,6.05,HR 6520,
264.98967,31.20247,6.05,HR 6584,
268.20510,-34.11483,6.05,HR 6651,
268.78346,-36.47565,6.05,HR 6671,
273.87819,-18.66158,6.05,HR 6825,
286.87851,-28.63680,6.05,HR 7240,
304.93027,-1.07851,6.05,HR 7768,
316.72744,38.74206,6.05,61 Cyg,
318.77758,-17.34514,6.05,HR 8122,
320.34141,32.61273,6.05,HR 8169,
9.02859,-22.84233,6.06,HR 151,
10.40015,24.62901,6.06,HR 178,
11.13160,-62.49759,6.06,HR 199,
15.95429,1.36685,6.06,26 Cet,
44.50971,38.61493,6.06,HR 876,
46.33756,40.58218,6.06,HR 923,
56.02679,48.52366,6.06,HR 1127,
63.75748,57.46036,6.06,HR 1296,
66.58792,8.59027,6.06,HR 1397,
68.34203,-10.78533,6.06,HR 1447,
72.56742,-41.32085,6.06,HR 1557,
73.71350,44.06086,6.06,HR 1558,
109.75800,-19.28030,6.06,HR 2785,
114.75135,-53.27336,6.06,HR 2971,
116.37138,-14.69054,6.06,2 Pup,
117.75982,33.23365,6.06,HR 3040,
149.42749,-48.41407,6.06,HR 3943,
155.75187,6.54264,6.06,43 Leo,
165.16996,-31.83937,6.06,HR 4298,
169.32928,-67.82352,6.06,HR 4379,
184.27642,-65.69296,6.06,HR 4669,
190.70740,-55.94700,6.06,HR 4832,
199.18744,-65.13826,6.06,HR 5000,
200.71921,-72.14671,6.06,HR 5030,
217.40440,-76.72908,6.06,HR 5389,
217.45696,31.79119,6.06,HR 5422,
219.79540,-46.58448,6.06,HR 5457,
221.29878,-1.41753,6.06,HR 5496,
224.12860,-32.63678,6.06,HR 5562,
243.72262,-25.47698,6.06,HR 6054,
246.70864,2.34794,6.06,HR 6124,
253.75900,25.73068,6.06,56 Her,
255.99185,13.56742,6.06,HR 6342,
257.05687,-1.07948,6.06,HR 6367,
274.25383,-51.06827,6.06,HR 6821,
281.55420,41.44181,6.06,HR 7073,
281.98905,31.75683,6.06,HR 7081,
290.41773,79.60283,6.06,HR 7423,
292.75119,70.98934,6.06,HR 7450,
298.39752,59.70866,6.06,HR 7611,
312.99483,-33.17797,6.06,β Mic,
314.29407,0.46378,6.06,HR 8017,
325.63732,10.82431,6.06,HR 8292,
329.68246,-21.18295,6.06,HR 8378,
340.67947,-44.24804,6.06,HR 8639,
356.10477,-70.49023,6.06,HR 8994,
1.65314,29.02150,6.07,HR 8,
4.57186,11.20621,6.07,HR 69,
13.36759,37.41821,6.07,HR 249,
17.54768,15.67391,6.07,HR 344,
20.94505,78.72606,6.07,HR 386,
28.94364,-60.86098,6.07,HR 571,
32.19026,-17.77915,6.07,HR 625,
39.17931,31.60767,6.07,HR 757,
40.45135,-3.21381,6.07,HR 795,
48.73573,42.50364,6.07,HR 966,
51.10883,20.80349,6.07,65 Ari,
62.06418,37.72749,6.07,49 Per,
93.43893,51.17247,6.07,HR 2188,
93.91740,6.06617,6.07,HR 2231,
101.75617,-21.01540,6.07,12 CMa,
107.96409,5.65470,6.07,HR 2710,
117.25765,13.37187,6.07,HR 3030,
123.54599,-32.14071,6.07,HR 3239,
126.57389,-39.05896,6.07,HR 3327,
131.45535,-25.38809,6.07,HR 3483,
133.87337,-7.97115,6.07,17 Hya,
135.45351,27.90259,6.07,67 Cnc,
152.89781,-58.82776,6.07,HR 4007,
153.25482,-59.91809,6.07,HR 4018,
157.61094,64.25769,6.07,HR 4108,
166.62205,-58.67502,6.07,HR 4323,
167.41611,67.21021,6.07,HR 4330,
182.64087,-37.87035,6.07,HR 4631,
187.51767,58.76777,6.07,75 UMa,
202.81578,42.10615,6.07,HR 5096,
212.62878,-70.30546,6.07,HR 5293,
212.75798,-69.71932,6.07,HR 5295,
218.29020,-30.71507,6.07,HR 5428,
221.80245,-52.20526,6.07,HR 5498,
228.32996,-19.64757,6.07,ι² Lib,25 Lib
231.02133,45.27103,6.07,HR 5732,
238.30041,13.19662,6.07,39 Ser,
240.66424,-29.13580,6.07,HR 5965,
240.94038,4.98683,6.07,43 Ser,
247.84523,-26.53764,6.07,HR 6145,
250.25244,24.85871,6.07,HR 6208,
250.40076,-24.46796,6.07,HR 6193,
251.29916,43.21717,6.07,HR 6230,
251.79064,2.06453,6.07,19 Oph,
253.54193,-41.82504,6.07,HIP 82691,
255.92368,-47.16057,6.07,HR 6323,
272.76836,-47.51312,6.07,HR 6778,
276.95967,3.74857,6.07,HR 6925,
279.05525,65.48872,6.07,HR 7013,
286.24286,30.73340,6.07,HR 7238,
301.38324,-67.32090,6.07,HR 7644,
309.88881,40.57966,6.07,HR 7911,
315.21569,-17.53090,6.07,21 Cap,
317.63047,10.04892,6.07,6 Equ,
318.36010,36.63326,6.07,HR 8120,
320.67522,30.30988,6.07,HR 8182,
324.86712,-10.57690,6.07,HR 8273,
325.39275,40.80522,6.07,76 Cyg,
342.18436,62.93841,6.07,HR 8683,
352.66482,38.66225,6.07,HR 8927,
354.86642,-46.63780,6.07,θ Phe,
6.12354,-2.21906,6.08,HR 94,
13.99380,27.20938,6.08,67 Psc,
47.82823,-3.81160,6.08,HR 955,
64.66669,-52.86010,6.08,HR 1365,
65.38047,-25.72858,6.08,HR 1374,
76.55058,59.02134,6.08,12 Cam,
78.38148,1.96768,6.08,HR 1701,
81.90208,-21.37571,6.08,HR 1823,
84.21840,40.18238,6.08,HR 1884,
90.82473,42.91156,6.08,38 Aur,
92.80691,-26.48210,6.08,HR 2206,
98.09697,11.67352,6.08,HR 2378,
122.81916,9.82123,6.08,HR 3201,
126.27036,35.01141,6.08,HR 3292,
135.38077,5.64099,6.08,HR 3590,
147.99805,-16.53477,6.08,HR 3908,
154.03749,-11.20342,6.08,HR 4034,
159.81636,-74.49338,6.08,HR 4186,
163.75422,-42.25110,6.08,HR 4263,
182.77158,-61.27743,6.08,HR 4634,
210.86448,-41.42334,6.08,HR 5269,
224.71994,-4.98926,6.08,HR 5583,
250.21392,12.39504,6.08,HR 6203,
255.97328,34.79022,6.08,HR 6351,
258.55587,-56.88853,6.08,HR 6384,
259.17811,-6.24498,6.08,HR 6413,
265.04976,-2.15230,6.08,HR 6578,
269.42368,-76.17795,6.08,HR 6635,
282.84233,-3.31786,6.08,8 Aql,
286.98883,16.85338,6.08,HR 7260,
292.54389,2.90407,6.08,HR 7412,
295.40521,-65.85441,6.08,HR 7455,
295.78998,30.67789,6.08,HR 7505,
306.44977,-40.79618,6.08,HR 7799,
309.79437,21.81744,6.08,HR 7903,
321.61109,19.37564,6.08,HR 8210,
332.07183,25.54352,6.08,HR 8441,
350.73636,-60.05584,6.08,HR 8889,
356.00517,-45.08312,6.08,HR 8993,
356.88771,46.83256,6.08,HR 9011,
1.22359,34.65980,6.09,HR 9107,
16.40369,-9.97932,6.09,27 Cet,
28.34646,-38.59463,6.09,HR 554,
29.85786,12.29488,6.09,HR 578,
29.92125,-66.06656,6.09,HR 600,
32.72013,39.03953,6.09,59 And,
37.39732,9.56563,6.09,HR 725,
40.53518,-46.52444,6.09,HR 807,
51.48906,49.12076,6.09,HR 1029,
56.11751,20.92874,6.09,HR 1137,
56.88390,55.92196,6.09,HR 1147,
59.25715,6.03997,6.09,HR 1224,
63.13063,17.27746,6.09,HR 1295,
64.65621,-22.96972,6.09,HR 1353,
68.35376,43.06389,6.09,57 Per,
68.55913,-6.83781,6.09,HR 1450,
71.05424,40.78645,6.09,HR 1500,
72.43368,15.90422,6.09,96 Tau,
74.94306,53.15545,6.09,8 Cam,
80.90711,16.69930,6.09,110 Tau,
81.23157,-44.22568,6.09,HR 1813,
86.25747,4.00811,6.09,HR 1978,
90.85320,11.68107,6.09,HR 2133,
93.85895,-9.03576,6.09,HR 2237,
94.07935,23.97003,6.09,8 Gem,
99.77208,22.03088,6.09,HR 2436,
106.19604,-22.03169,6.09,HR 2664,
106.50943,-38.38285,6.09,HR 2685,
106.71865,-24.96057,6.09,HR 2686,
115.20643,57.08286,6.09,23 Lyn,
119.24094,-42.40648,6.09,HR 3111,
120.62839,63.09031,6.09,HR 3112,
132.02032,-6.55884,6.09,HR 3493,
146.82549,79.13668,6.09,HR 3847,
150.92077,-9.57379,6.09,HR 3959,
158.35581,-58.19015,6.09,HR 4147,
158.79343,-43.66459,6.09,HR 4154,
166.39164,-11.08890,6.09,HR 4315,
172.07686,-72.47398,6.09,HR 4425,
174.63968,46.83421,6.09,60 UMa,
186.32671,-27.74900,6.09,HR 4723,
202.28311,-64.67579,6.09,HR 5069,
210.13686,-78.58998,6.09,HR 5240,
213.41596,-54.62563,6.09,HR 5311,
223.67745,-65.99110,6.09,ζ Cir,
228.28194,-36.09143,6.09,HR 5653,
242.86974,16.66569,6.09,HR 6035,
243.96456,-14.84911,6.09,HR 6061,
247.43843,-57.75632,6.09,HR 6120,
259.09006,-35.75030,6.09,HR 6405,
261.47652,16.91758,6.09,HR 6495,
263.83294,-53.35293,6.09,HR 6530,
264.53517,-42.88027,6.09,HR 6558,
267.15863,-55.40174,6.09,HR 6614,
267.79600,-53.13027,6.09,HR 6632,
267.93565,-45.60071,6.09,HR 6640,
268.84850,55.97139,6.09,HR 6699,
272.53637,16.47659,6.09,HR 6803,
284.58868,-31.03598,6.09,HR 7151,
289.75041,-15.53657,6.09,HR 7317,
290.63897,33.51816,6.09,HR 7359,
292.63801,3.44440,6.09,HR 7415,
303.61223,-63.41579,6.09,HR 7707,
305.19394,-14.78489,6.09,HR 7775,
305.65545,31.26497,6.09,HR 7797,
307.19473,-35.59586,6.09,HR 7817,
308.96537,-69.61059,6.09,HR 7838,
321.32509,-71.79906,6.09,HR 8159,
343.96473,-31.63323,6.09,HR 8719,
357.13533,-6.38043,6.09,HR 9014,
358.81911,-31.92147,6.09,HR 9049,
326.03264,28.74308,6.09,μ² Cyg,78 Cyg
4.67568,43.79114,6.10,26 And,
14.41518,45.83938,6.10,HR 272,
29.24941,-51.76624,6.10,HR 573,
46.41733,56.06896,6.10,HR 920,
56.17045,46.09981,6.10,HR 1130,
66.77481,-46.94750,6.10,HR 1418,
74.08370,36.16854,6.10,HR 1573,
76.16524,74.06695,6.10,HR 1589,
76.34882,1.17763,6.10,HR 1648,
80.59229,-56.13440,6.10,κ Pic,
84.01187,-47.31375,6.10,HR 1927,
84.06648,47.71529,6.10,HR 1869,
84.28655,-11.77552,6.10,HR 1919,
101.23194,-70.43376,6.10,HR 2536,
103.25588,38.86916,6.10,59 Aur,
106.77696,4.91058,6.10,HR 2676,
108.01705,-30.82137,6.10,HR 2720,
116.39799,-56.72257,6.10,HR 3031,
131.22979,-21.16783,6.10,HR 3473,
132.45890,-72.55124,6.10,HR 3544,
136.64181,-55.80241,6.10,HR 3629,
138.10851,-7.10983,6.10,21 Hya,
147.45873,21.17942,6.10,20 Leo,
157.00871,-49.40580,6.10,HR 4111,
158.74044,-23.17625,6.10,HR 4149,
159.70965,-42.75344,6.10,HR 4175,
170.59634,-44.64592,6.10,HR 4393,
175.97013,-62.87828,6.10,HR 4513,
186.28562,-42.51431,6.10,HR 4721,
198.30171,18.72701,6.10,HR 4992,
200.97469,37.03392,6.10,HR 5052,
202.60719,-6.47027,6.10,72 Vir,
208.07668,12.16513,6.10,HR 5220,
213.75523,-29.28190,6.10,HR 5324,
215.66132,-48.31986,6.10,HR 5375,
217.69248,63.18579,6.10,HR 5436,
221.23132,-58.47749,6.10,HR 5486,
221.29568,-55.60164,6.10,HR 5488,
224.86332,-43.15983,6.10,HR 5580,
232.11338,-51.59793,6.10,HR 5738,
233.88847,17.65555,6.10,τ³ Ser,15 Ser
239.97561,-54.02091,6.10,HR 5937,
241.07425,-33.21372,6.10,HR 5974,
252.75015,-37.51451,6.10,HR 6244,
268.61301,-34.46672,6.10,HR 6668,
274.02321,2.37752,6.10,HR 6834,
278.80627,34.45802,6.10,HR 6984,
280.23501,62.74947,6.10,HR 7042,
282.90216,36.53909,6.10,HR 7115,
294.93717,33.97894,6.10,HR 7481,
298.84189,58.25019,6.10,HR 7626,
306.42719,-2.80038,6.10,HR 7809,
307.76794,-15.05617,6.10,HR 7837,
314.99867,-36.12964,6.10,HR 8031,
315.77015,38.65742,6.10,HR 8063,
321.56433,-54.66046,6.10,γ Ind,
322.79012,12.13748,6.10,HR 8231,
324.20329,-33.04790,6.10,7 PsA,
325.66170,49.60026,6.10,HR 8304,
325.68905,59.27084,6.10,HR 8312,
327.12231,38.64858,6.10,HR 8338,
332.75990,-21.23279,6.10,HR 8457,
333.89598,-44.45150,6.10,HR 8484,
353.48121,20.84093,6.10,HR 8942,
1.15245,42.09253,6.11,HR 9105,
2.13957,-17.57815,6.11,HR 18,
4.42942,51.43309,6.11,HR 65,
8.34694,-71.26625,6.11,θ Tuc,
11.80677,19.57870,6.11,59 Psc,
13.98139,-27.77584,6.11,HR 268,
19.27108,44.90199,6.11,HR 372,
23.41352,-78.50482,6.11,HR 467,
23.71163,-31.89232,6.11,HR 453,
37.14765,-31.10244,6.11,HR 727,
45.04954,38.13174,6.11,HR 894,
45.21200,-2.87862,6.11,7 Eri,
47.61352,-48.73416,6.11,HR 960,
47.84133,13.04785,6.11,HR 952,
55.19295,25.32949,6.11,11 Tau,
65.10461,18.74261,6.11,HR 1354,
66.73721,-24.08132,6.11,HR 1410,
69.94675,-1.05246,6.11,HR 1488,
72.93077,9.97508,6.11,HR 1553,
73.72075,-58.54765,6.11,HR 1597,
73.72839,-39.62861,6.11,HR 1584,
75.82765,41.44165,6.11,HR 1615,
77.51359,-0.56532,6.11,HR 1681,
84.33047,8.95187,6.11,HR 1913,
88.67133,-49.62701,6.11,HR 2089,
95.89966,-9.87473,6.11,HR 2301,
99.41997,-12.98512,6.11,HR 2437,
102.50421,-60.24915,6.11,HR 2562,
113.55346,-33.46343,6.11,HR 2913,
117.52362,-19.52355,6.11,HR 3051,
123.49458,-36.34078,6.11,HR 3241,
125.28185,-64.10600,6.11,HR 3298,
125.98005,10.63206,6.11,21 Cnc,
126.45785,17.04627,6.11,25 Cnc,
128.17435,-73.35679,6.11,HR 3417,
143.17248,1.86415,6.11,HR 3794,
149.77627,-23.95077,6.11,HR 3946,
150.83578,-46.63619,6.11,HR 3964,
166.26717,-49.39230,6.11,HR 4316,
168.12655,-18.49986,6.11,ψ Crt,
169.24240,-7.13469,6.11,HR 4369,
183.79399,-10.31240,6.11,HR 4657,
188.72691,-67.75689,6.11,HIP 61404,
191.80684,11.95809,6.11,34 Vir,
193.29649,-3.55310,6.11,38 Vir,
194.28249,46.17679,6.11,HR 4919,
203.20087,24.34674,6.11,HR 5102,
204.69081,-70.44483,6.11,HR 5119,
208.00409,-31.61921,6.11,HR 5212,
230.93212,-1.02238,6.11,8 Ser,
237.56793,-45.40171,6.11,HR 5872,
239.13906,-14.82944,6.11,HR 5930,
245.13591,-39.43034,6.11,HR 6080,
246.54744,11.40749,6.11,HR 6121,
255.56568,64.60074,6.11,HR 6360,
256.20734,48.80396,6.11,HR 6363,
263.99820,20.99624,6.11,HR 6559,
270.01416,80.00084,6.11,40 Dra,
285.71925,19.66101,6.11,HR 7216,
287.45061,-19.80366,6.11,HR 7265,
292.72519,-21.31224,6.11,HR 7410,
297.01260,-13.70362,6.11,HR 7532,
300.11034,-43.04330,6.11,HR 7627,
304.08245,21.59870,6.11,18 Sge,
308.54874,-13.72109,6.11,HR 7855,
320.13948,60.75641,6.11,HR 8179,
321.85538,59.75008,6.11,HR 8224,
325.53482,45.76570,6.11,HR 8298,
332.17012,45.74225,6.11,HR 8448,
333.21974,73.30719,6.11,HR 8493,
339.03292,35.57750,6.11,HR 8604,
343.74786,1.06490,6.11,1 Psc,
347.09832,-79.48069,6.11,HR 8786,
4.08968,43.59505,6.12,HR 56,
4.14183,8.24015,6.12,36 Psc,
15.50757,-57.00239,6.12,ω Phe,
16.53212,-23.99245,6.12,HR 320,
30.79371,73.85057,6.12,HR 579,
32.60509,-50.82373,6.12,HR 637,
46.95406,-69.26492,6.12,HR 959,
52.55659,-41.36994,6.12,HR 1076,
54.99820,-1.12123,6.12,HR 1119,
61.17042,-20.38186,6.12,HR 1267,
68.75295,-19.92138,6.12,HR 1461,
79.81122,20.13460,6.12,HR 1741,
91.53563,35.38774,6.12,HR 2141,
94.52337,14.38286,6.12,HR 2253,
96.08574,-12.96194,6.12,HR 2309,
108.40188,-27.35636,6.12,HR 2734,
120.34602,-54.51553,6.12,HR 3157,
121.17258,-19.72815,6.12,14 Pup,
125.07091,-5.32993,6.12,HR 3272,
125.11395,-22.92468,6.12,HR 3276,
129.84216,-36.60668,6.12,HR 3434,
131.33926,30.69775,6.12,46 Cnc,
133.12818,-13.23294,6.12,HR 3529,
140.24742,38.18826,6.12,HR 3701,
141.68709,-28.78770,6.12,HR 3745,
142.98213,-10.37034,6.12,HR 3788,
143.25822,-8.50537,6.12,HR 3801,
145.67810,35.09337,6.12,13 LMi,
155.55391,-19.86657,6.12,HR 4076,
163.35401,-2.25521,6.12,HR 4249,
165.81059,-0.75234,6.12,HR 4303,
168.23636,-49.73609,6.12,HR 4353,
172.96248,81.12726,6.12,HR 4429,
205.93818,22.70042,6.12,HR 5164,
210.32943,-40.22194,6.12,HR 5259,
223.99416,32.30006,6.12,HR 5569,
228.54294,42.17141,6.12,HR 5677,
234.70356,34.67504,6.12,HR 5827,
240.27702,-54.57790,6.12,HR 5946,
252.97452,-65.37546,6.12,HR 6233,
257.91778,49.74636,6.12,HR 6399,
258.10443,-27.76212,6.12,HR 6387,
264.74106,13.32926,6.12,HR 6577,
274.27853,40.93673,6.12,HR 6853,
282.06700,48.76756,6.12,HR 7096,
283.15436,-29.37968,6.12,HR 7104,
288.19218,-50.48642,6.12,HR 7271,
297.36459,38.71015,6.12,HR 7555,
297.79624,-2.46099,6.12,HR 7559,
301.92267,34.42291,6.12,HR 7699,
307.10377,-3.35779,6.12,68 Aql,
318.33997,81.23097,6.12,HR 8174,
319.25849,53.99769,6.12,HR 8147,
321.61689,1.10336,6.12,HR 8205,
336.46275,-75.01569,6.12,HR 8526,
340.59202,-29.36105,6.12,19 PsA,
344.89864,-13.07090,6.12,HR 8741,
346.79188,52.81660,6.12,HR 8801,
348.52608,-62.70000,6.12,HR 8829,
350.93925,-43.12443,6.12,HR 8896,
12.57605,45.00226,6.13,HR 234,
18.14197,45.33753,6.13,HR 355,
21.94392,-10.90158,6.13,HR 425,
46.85697,17.88000,6.13,53 Ari,
55.94670,19.66503,6.13,14 Tau,
67.33363,-46.51527,6.13,HR 1433,
79.86606,58.11736,6.13,15 Cam,
80.96388,-0.86662,6.13,HR 1782,
88.55562,10.58640,6.13,HR 2048,
103.34100,-18.93284,6.13,HR 2566,
120.12067,-48.87177,6.13,HR 3151,
125.69520,-13.05479,6.13,22 Pup,
131.25534,5.68059,6.13,10 Hya,
134.15433,4.23658,6.13,HR 3557,
138.05121,-76.66303,6.13,HR 3695,
142.91245,-10.55201,6.13,HR 3785,
149.29560,-52.63878,6.13,HR 3941,
156.54105,-42.73849,6.13,HR 4099,
171.09190,-42.66910,6.13,HR 4403,
177.58169,-15.86367,6.13,HR 4539,
178.97817,-39.68952,6.13,HR 4568,
219.10047,-39.59741,6.13,HR 5446,
220.09115,21.97587,6.13,HR 5472,
226.61308,-22.03183,6.13,HR 5620,
242.19429,17.20564,6.13,8 Her,
263.92653,37.30159,6.13,HR 6563,
267.19947,19.25502,6.13,HR 6642,
272.12545,-45.76702,6.13,HR 6759,
272.73062,-33.80007,6.13,HR 6788,
276.38180,-63.02153,6.13,HR 6871,
280.65049,-7.07365,6.13,HR 7024,
291.08946,-43.72206,6.13,HR 7350,
294.10865,-18.85292,6.13,HR 7439,
297.69529,37.82632,6.13,HR 7568,
298.06839,36.43230,6.13,HR 7583,
303.42838,43.37901,6.13,HR 7733,
304.82415,-47.58029,6.13,HR 7749,
307.38058,-22.39157,6.13,HR 7825,
316.59782,26.92436,6.13,HR 8082,
318.94493,-36.21071,6.13,HR 8124,
329.62532,-59.01214,6.13,κ¹ Ind,
332.97956,-76.11602,6.13,HR 8432,
333.45712,63.16234,6.13,HR 8490,
346.86552,32.82534,6.13,HR 8798,
348.66738,-10.68872,6.13,HR 8836,
350.97705,-53.80874,6.13,HR 8895,
358.09748,21.67110,6.13,HR 9035,
86.10885,-22.42020,6.13,HR 1982,
3.43491,-26.28496,6.14,HR 43,
10.13657,-23.80488,6.14,HR 173,
14.95702,6.48323,6.14,HR 284,
16.64011,12.95604,6.14,75 Psc,
27.58395,-47.81639,6.14,HR 537,
36.78017,27.01240,6.14,HR 711,
37.66006,19.85530,6.14,26 Ari,
42.46236,-24.56031,6.14,γ¹ For,
44.69709,-9.77651,6.14,HR 895,
44.77705,-28.90721,6.14,HR 900,
49.14903,-9.15468,6.14,14 Eri,
50.10656,25.66274,6.14,60 Ari,
51.00954,-69.62461,6.14,HR 1053,
52.54558,59.36595,6.14,HR 1043,
53.53489,17.83283,6.14,HR 1085,
59.01642,-63.46372,6.14,HR 1236,
61.66177,65.52080,6.14,HR 1248,
63.21353,22.41346,6.14,HR 1297,
67.01516,1.85861,6.14,HR 1413,
74.74755,14.54324,6.14,HR 1600,
76.06068,30.49459,6.14,HR 1626,
88.07190,58.96409,6.14,30 Cam,
89.94978,54.54701,6.14,HR 2080,
99.46961,4.95667,6.14,HR 2432,
99.58524,-2.54390,6.14,HR 2440,
111.19732,-37.29119,6.14,HR 2842,
117.03561,-40.65238,6.14,HR 3041,
118.66632,-34.84671,6.14,HR 3092,
119.30316,-63.29684,6.14,HR 3139,
125.62569,-6.17916,6.14,HR 3285,
133.48202,35.53829,6.14,HR 3528,
138.05367,3.86698,6.14,HR 3651,
139.46526,-67.05087,6.14,HR 3713,
140.18239,51.26607,6.14,HR 3697,
142.35184,-2.20517,6.14,HR 3760,
150.89220,-61.88404,6.14,HR 3971,
152.38262,-35.85677,6.14,HR 3992,
174.47092,50.61821,6.14,HR 4474,
181.41557,62.93312,6.14,HR 4610,
192.99126,-26.73828,6.14,HR 4881,
203.02254,-38.39884,6.14,HR 5092,
209.08323,-54.13242,6.14,HR 5234,
209.36553,-23.02263,6.14,HR 5246,
212.81301,32.29589,6.14,HR 5310,
230.17363,44.43438,6.14,HR 5716,
230.25573,-15.54834,6.14,ο Lib,29 Lib
238.71931,-60.74365,6.14,HR 5898,
243.84984,-42.89942,6.14,HR 6049,
243.94719,27.42208,6.14,HR 6068,
246.34225,-63.12522,6.14,HR 6089,
250.97534,-41.11334,6.14,HR 6209,
261.26112,-34.69606,6.14,HR 6470,
267.70159,22.31633,6.14,HR 6655,
268.33158,-34.73081,6.14,HR 6657,
271.15566,1.91899,6.14,HR 6747,
273.31902,21.88033,6.14,HR 6820,
275.36834,5.43573,6.14,HR 6873,
276.34032,-35.99202,6.14,HR 6889,
284.10669,2.47119,6.14,HR 7144,
284.60346,-22.52949,6.14,HR 7159,
292.46916,-55.44175,6.14,HR 7388,
295.90674,-37.53876,6.14,HR 7491,
296.46398,35.01275,6.14,HR 7530,
296.86181,47.90756,6.14,HR 7547,
298.66751,7.14035,6.14,HR 7598,
299.81392,52.05569,6.14,HR 7651,
301.27810,51.83940,6.14,HR 7687,
306.15624,1.06841,6.14,HR 7803,
307.94379,56.77986,6.14,HR 7860,
317.11725,6.98936,6.14,HR 8090,
322.21971,55.41870,6.14,HR 8226,
328.49070,6.86480,6.14,HR 8359,
334.15610,-25.89816,6.14,HR 8492,
340.58672,53.90875,6.14,HR 8648,
342.19955,54.41489,6.14,HR 8682,
343.04165,-63.18867,6.14,HR 8689,
7.46622,-14.86411,6.15,HR 115,
11.24939,-53.71489,6.15,HR 202,
11.35053,-4.62916,6.15,HR 201,
11.36954,-12.88081,6.15,18 Cet,
13.57330,-8.74066,6.15,21 Cet,
22.71690,66.09809,6.15,HR 428,
28.95963,-78.34855,6.15,σ Hyi,
41.04410,-52.57060,6.15,HR 821,
44.26907,4.50103,6.15,HR 877,
48.03981,42.37591,6.15,HR 950,
49.01855,45.34613,6.15,HR 973,
65.16101,-6.24599,6.15,HR 1362,
65.21966,13.86443,6.15,HR 1358,
74.43618,-14.23192,6.15,HR 1595,
76.90964,9.47178,6.15,13 Ori,
78.79746,59.40569,6.15,HR 1688,
78.82708,-1.40904,6.15,HR 1717,
79.57873,33.76735,6.15,17 Aur,
83.15825,0.01193,6.15,HIP 25976,
84.31278,64.15469,6.15,19 Cam,
84.31876,-27.87136,6.15,ν¹ Col,
85.56032,-17.53038,6.15,HR 1965,
89.75450,-9.38222,6.15,1 Mon,
91.67103,-42.29880,6.15,π¹ Col,
91.86149,41.85428,6.15,HR 2147,
92.75507,-6.75422,6.15,HR 2195,
97.79436,-61.87955,6.15,HR 2410,
99.50164,-61.53339,6.15,HR 2468,
106.38343,-34.77770,6.15,HR 2677,
108.03122,5.47435,6.15,HR 2713,
121.43702,-33.56943,6.15,HR 3177,
123.99510,-35.90319,6.15,HR 3253,
125.35077,-39.62071,6.15,HR 3286,
137.18139,-26.76760,6.15,HR 3637,
142.31746,-38.40354,6.15,HR 3766,
145.86496,-51.22814,6.15,HR 3872,
156.75203,19.36454,6.15,HR 4097,
162.23848,29.41606,6.15,43 LMi,
165.03459,-51.81780,6.15,HR 4296,
173.09703,-26.74680,6.15,HR 4445,
177.25535,-0.31867,6.15,HR 4533,
184.44696,-36.09398,6.15,HR 4675,
187.14043,-56.40782,6.15,HR 4749,
196.59529,62.04187,6.15,HR 4953,
214.12569,-3.19631,6.15,HR 5342,
221.33576,18.88496,6.15,HR 5507,
222.09729,24.36688,6.15,HR 5524,
222.22539,-0.84766,6.15,HR 5522,
222.27826,37.81118,6.15,HR 5529,
232.18499,47.20151,6.15,HR 5752,
236.17556,17.26423,6.15,τ8 Ser,26 Ser
238.62546,-27.33864,6.15,HR 5910,
241.84241,21.82261,6.15,HR 6005,
254.35833,-10.96337,6.15,HR 6296,
256.61820,-35.45105,6.15,HR 6347,
263.38169,57.55872,6.15,HR 6560,
275.50057,-28.42996,6.15,HR 6864,
276.23836,-1.57941,6.15,HR 6898,
286.71873,-37.81066,6.15,HR 7232,
299.61973,63.53413,6.15,HR 7654,
306.22839,-83.31062,6.15,HR 7698,
319.73054,41.04052,6.15,HR 8155,
320.03952,-45.02189,6.15,HR 8145,
337.82630,-6.55515,6.15,HR 8581,
337.82674,-2.91128,6.15,HR 8580,
338.85998,-78.77159,6.15,HR 8577,
344.64587,-35.52323,6.15,HR 8732,
346.30356,-17.07925,6.15,HR 8783,
349.58335,-67.47118,6.15,HR 8855,
6.65589,-0.04953,6.16,10 Cet,
20.11587,-11.23900,6.16,HR 388,
36.96570,50.56997,6.16,66 And,
65.04145,31.95317,6.16,HR 1344,
78.68447,53.21395,6.16,HR 1692,
84.47244,-4.81403,6.16,HR 1923,
87.86922,-22.92695,6.16,HR 2036,
92.40105,-5.71143,6.16,HR 2179,
96.64351,-4.59740,6.16,HR 2325,
97.07840,10.30389,6.16,HR 2342,
97.64535,-13.14817,6.16,HR 2373,
100.30905,-40.34985,6.16,HR 2475,
102.26523,1.00206,6.16,HR 2517,
103.81107,43.91003,6.16,HR 2557,
114.97537,32.00973,6.16,HR 2936,
115.34803,-22.33672,6.16,HR 2976,
116.05446,-69.82159,6.16,HR 3038,
117.73016,-11.12860,6.16,HR 3054,
119.09961,4.48557,6.16,HR 3093,
129.92762,73.62968,6.16,HR 3379,
136.74975,1.46269,6.16,HR 3618,
140.36325,32.90215,6.16,HR 3707,
153.09560,-52.16324,6.16,HR 4010,
153.81936,-54.97421,6.16,HR 4038,
155.45960,14.97577,6.16,42 Leo,
164.31584,-75.09976,6.16,HR 4279,
164.80845,-61.32074,6.16,HR 4290,
166.00099,-57.95533,6.16,HIP 54082,
176.77935,-35.90686,6.16,HR 4524,
180.37176,-57.50378,6.16,HR 4592,
182.51064,-34.70474,6.16,HR 4628,
185.07400,26.00187,6.16,HR 4694,
191.25859,-68.83075,6.16,HR 4841,
198.49047,-43.13911,6.16,HR 4991,
205.55318,8.38839,6.16,HR 5156,
208.95833,14.05650,6.16,HR 5243,
210.74902,50.97181,6.16,HR 5280,
226.91802,5.49803,6.16,HR 5631,
227.22297,13.23524,6.16,HR 5639,
230.22366,-18.15866,6.16,28 Lib,
241.85035,-56.19096,6.16,HR 5979,
249.71961,-60.99040,6.16,HR 6167,
252.67979,32.55367,6.16,HR 6259,
255.32062,60.64875,6.16,HR 6348,
263.10263,-34.27940,6.16,HR 6522,
266.14206,2.57944,6.16,61 Oph,
276.03830,83.17540,6.16,HR 7025,
298.01434,11.62833,6.16,HR 7569,
299.07933,56.68702,6.16,HR 7634,
301.11998,48.22966,6.16,HR 7684,
305.71819,14.55110,6.16,HR 7793,
324.41170,54.04219,6.16,HR 8275,
325.18044,54.87215,6.16,HR 8290,
331.31878,46.74484,6.16,HR 8421,
334.14022,-1.59639,6.16,HR 8495,
336.86041,39.81003,6.16,HR 8553,
346.57556,18.51777,6.16,HR 8788,
3.74272,-34.90422,6.17,HR 54,
21.16638,-15.66047,6.17,HR 405,
21.20283,-2.84859,6.17,HR 406,
22.91253,-45.57571,6.17,HR 443,
35.17296,47.31080,6.17,HR 679,
36.14100,-40.84046,6.17,HR 706,
37.63663,-22.54532,6.17,HR 735,
38.76723,7.47099,6.17,HR 751,
44.10271,64.33244,6.17,HR 861,
48.40810,-29.80413,6.17,HR 974,
49.00356,-5.91871,6.17,HR 983,
57.43137,23.71185,6.17,HR 1183,
78.26176,61.85004,6.17,HR 1675,
81.72633,35.45727,6.17,HR 1794,
86.03523,61.47654,6.17,23 Cam,
90.33408,85.18211,6.17,HR 1885,
97.31172,2.64619,6.17,HR 2355,
97.78984,11.25137,6.17,HR 2370,
99.41802,2.70416,6.17,HR 2430,
106.41586,52.75856,6.17,HR 2644,
110.86725,22.94535,6.17,58 Gem,
115.77258,0.18933,6.17,HR 2982,
117.69749,3.27725,6.17,HR 3050,
132.59016,-28.61762,6.17,HR 3516,
134.28450,17.14375,6.17,HR 3558,
153.83698,-36.51772,6.17,HR 4029,
164.07022,22.35168,6.17,HR 4269,
174.95973,-16.62023,6.17,HR 4491,
178.36175,-35.06665,6.17,HR 4553,
198.78943,-36.37141,6.17,HR 4999,
200.78597,-33.18988,6.17,HR 5043,
202.19505,-69.62715,6.17,HR 5066,
208.46709,-35.31436,6.17,HR 5224,
224.65225,-39.90717,6.17,HR 5572,
249.22913,63.07282,6.17,HR 6198,
250.21020,-60.44644,6.17,HR 6177,
255.41703,75.29750,6.17,HR 6379,
259.05942,2.18620,6.17,HR 6412,
261.27600,-24.24368,6.17,HR 6474,
261.73480,-51.94882,6.17,HR 6475,
268.26474,-10.89956,6.17,HR 6666,
274.91709,-63.88656,6.17,HR 6828,
283.24957,-46.58633,6.17,HR 7097,
283.25981,-48.36091,6.17,HR 7095,
295.17146,43.07782,6.17,HR 7492,
299.84435,1.37770,6.17,HR 7636,
305.08551,14.56926,6.17,HR 7778,
310.66537,60.60132,6.17,HR 7938,
314.62896,41.93993,6.17,HR 8036,
319.34659,42.68357,6.17,HR 8144,
322.86442,52.61986,6.17,HR 8242,
323.61442,51.69846,6.17,HR 8259,
324.73415,-79.44258,6.17,HR 8234,
326.90933,-5.91680,6.17,HR 8332,
328.83582,61.54181,6.17,HR 8374,
329.05853,-57.89959,6.17,π Ind,
331.85661,53.30744,6.17,HR 8443,
334.24931,-23.14025,6.17,HR 8497,
344.41974,39.30878,6.17,HR 8733,
344.56476,-2.39539,6.17,HR 8734,
350.17037,-5.90798,6.17,HR 8879,
0.12890,59.55968,6.18,HR 9079,
2.05039,-2.44771,6.18,HR 14,
2.99612,48.15240,6.18,HR 36,
7.61593,-40.93959,6.18,HR 119,
7.72665,77.01940,6.18,HR 112,
7.85505,66.51962,6.18,13 Cas,
9.27996,24.01414,6.18,HR 156,
10.62927,58.75341,6.18,HR 181,
21.39865,23.51152,6.18,HR 407,
24.18660,-58.27097,6.18,HR 468,
26.07475,57.53662,6.18,HR 499,
26.81958,-41.75993,6.18,HR 524,
46.96185,-27.83115,6.18,HR 943,
54.85730,16.53668,6.18,HR 1110,
57.07532,50.73677,6.18,HR 1160,
59.15805,-9.75084,6.18,HR 1225,
65.74137,59.61618,6.18,HR 1352,
67.66003,32.45777,6.18,HR 1419,
70.80732,24.08892,6.18,95 Tau,
71.60728,-28.08744,6.18,HR 1525,
81.44590,0.52024,6.18,HR 1803,
81.71367,33.26226,6.18,HR 1796,
81.80790,15.25763,6.18,HR 1809,
82.55804,-84.78510,6.18,HR 2059,
85.54826,-30.53544,6.18,HR 1972,
86.78252,-16.23808,6.18,HR 2000,
87.26944,62.80819,6.18,HR 1976,
90.29185,31.03452,6.18,HR 2110,
92.93216,-4.66544,6.18,HR 2202,
98.35956,-52.32923,6.18,HR 2416,
100.77756,3.03380,6.18,HR 2474,
114.80003,24.22253,6.18,HR 2931,
117.14016,23.14098,6.18,82 Gem,
121.33461,-46.97841,6.18,HR 3179,
125.05416,-0.90931,6.18,HR 3271,
127.83320,37.26494,6.18,HR 3348,
129.36322,-4.93400,6.18,HR 3411,
144.10587,-48.75118,6.18,HR 3831,
144.19308,-52.94367,6.18,HR 3837,
146.15247,64.98411,6.18,HR 3859,
149.24928,-69.10180,6.18,HR 3949,
150.74977,-60.17867,6.18,HR 3966,
153.78190,59.98554,6.18,HR 4008,
156.18563,-73.97173,6.18,HR 4105,
156.32174,-42.46740,6.18,HR 4093,
164.98740,77.77017,6.18,HR 4272,
174.54096,8.88379,6.18,HR 4478,
179.76390,0.53068,6.18,HR 4580,
183.68091,53.43463,6.18,HR 4654,
193.97186,-15.32703,6.18,HR 4911,
198.23212,-59.81661,6.18,HR 4980,
199.64532,-51.28578,6.18,HR 5016,
200.71878,-47.94322,6.18,HR 5038,
202.50033,7.17885,6.18,HR 5086,
206.39612,-15.76747,6.18,85 Vir,
210.63270,9.68610,6.18,HR 5270,
210.75717,-31.68404,6.18,HR 5268,
211.54545,-43.09170,6.18,HR 5286,
214.92063,0.38433,6.18,HR 5368,
216.85161,-6.12033,6.18,104 Vir,
222.75039,-0.25749,6.18,HR 5536,
226.98648,-65.27545,6.18,HR 5611,
227.68503,67.78104,6.18,HR 5672,
228.64067,-17.76857,6.18,26 Lib,
229.67209,-31.20935,6.18,HR 5688,
242.38227,-32.64901,6.18,HR 6006,
244.23042,-3.95335,6.18,HR 6067,
250.74348,55.69012,6.18,HR 6226,
252.36529,-15.66797,6.18,HR 6240,
252.41904,43.43044,6.18,HR 6256,
254.14990,-40.82345,6.18,HR 6283,
256.45197,-44.10504,6.18,HR 6338,
266.07186,14.41007,6.18,HR 6611,
266.94000,-22.47779,6.18,HR 6617,
268.16127,-6.14358,6.18,HR 6661,
268.72518,-24.88709,6.18,HR 6672,
270.39959,33.31127,6.18,HR 6737,
271.37558,21.64662,6.18,HR 6763,
274.35036,-28.65207,6.18,HR 6835,
280.87088,53.87177,6.18,HR 7060,
281.67234,18.70591,6.18,HR 7067,
288.99788,27.92630,6.18,HR 7308,
296.64589,32.88859,6.18,HR 7535,
300.10563,-49.35095,6.18,HR 7621,
301.29058,38.47846,6.18,HR 7683,
302.13030,-10.06259,6.18,HR 7694,
315.60084,44.79098,6.18,HR 8062,
316.93623,-17.45590,6.18,HR 8083,
317.83702,-72.54435,6.18,HR 8081,
318.54285,29.90096,6.18,HR 8126,
324.68817,25.49883,6.18,HR 8274,
326.76983,17.19404,6.18,HR 8330,
327.32922,61.27276,6.18,HR 8347,
329.25895,-37.74684,6.18,HR 8367,
332.57924,19.61634,6.18,HR 8455,
335.23249,8.18674,6.18,HR 8514,
335.75074,57.28461,6.18,HR 8535,
335.97588,38.57361,6.18,HR 8536,
345.63565,-6.57401,6.18,82 Aqr,
347.14818,-73.58612,6.18,HR 8794,
351.03273,-18.68801,6.18,HR 8900,
353.69475,38.02400,6.18,HR 8950,
359.17293,22.64809,6.18,HR 9055,
1.70866,-23.10754,6.19,HR 9,
4.44874,1.68873,6.19,HR 67,
13.81113,24.55706,6.19,HR 259,
38.41760,-20.00192,6.19,HR 745,
39.57432,37.72671,6.19,HR 768,
54.85585,-10.43728,6.19,HR 1117,
59.35992,24.46194,6.19,HR 1222,
82.56612,-63.92769,6.19,HR 1882,
83.41182,20.47422,6.19,HR 1860,
84.93216,75.04387,6.19,HR 1844,
86.80554,-54.36073,6.19,HR 2023,
97.74957,-40.91625,6.19,HR 2390,
100.32175,11.00320,6.19,HR 2458,
101.55063,-37.77533,6.19,HR 2510,
107.15102,37.44510,6.19,HR 2675,
109.51704,30.95587,6.19,HR 2757,
128.27019,-24.60696,6.19,HR 3381,
134.42509,9.38776,6.19,HR 3567,
134.91632,-19.20804,6.19,HR 3584,
137.48791,-52.08286,6.19,HIP 45002,
141.61857,-40.50171,6.19,HR 3746,
143.37650,36.48695,6.19,9 LMi,
157.53668,-66.98465,6.19,HR 4129,
163.67571,25.49072,6.19,48 LMi,
164.80887,-84.59389,6.19,η Oct,
187.91135,-5.05259,6.19,HR 4772,
198.21185,-42.69972,6.19,HR 4982,
207.52713,-29.08132,6.19,HR 5197,
208.74250,-8.05885,6.19,HR 5233,
212.21622,-43.47078,6.19,HR 5294,
214.33812,51.30737,6.19,HR 5360,
216.07612,8.08460,6.19,HR 5394,
228.39827,38.26470,6.19,HR 5673,
229.88222,-37.09716,6.19,HR 5689,
234.36874,-26.27986,6.19,HR 5801,
234.82738,-77.91800,6.19,HR 5757,
240.78899,59.41074,6.19,HR 5995,
255.87588,35.41405,6.19,61 Her,
256.17228,19.59911,6.19,HR 6352,
264.68688,-21.91266,6.19,HIP 86352,
267.68169,11.94655,6.19,HR 6650,
268.21898,-41.99652,6.19,HR 6649,
275.38070,-24.91528,6.19,HR 6861,
276.98534,-17.80036,6.19,HR 6919,
282.06834,23.51475,6.19,HR 7079,
283.00802,13.96565,6.19,HR 7109,
289.45077,2.03173,6.19,HR 7313,
291.35736,24.91277,6.19,HR 7386,
294.60807,-57.98334,6.19,HR 7434,
301.33959,56.34142,6.19,HR 7692,
307.26180,83.62542,6.19,HR 7930,
308.71002,51.85422,6.19,HR 7876,
308.88440,-16.52588,6.19,HR 7865,
324.36615,44.69655,6.19,HR 8272,
324.43185,6.61839,6.19,3 Peg,
327.92392,-18.62294,6.19,HR 8346,
331.55107,45.24869,6.19,HR 8429,
333.23952,-26.32779,6.19,HR 8464,
334.73417,37.76929,6.19,HR 8510,
342.12586,-10.55548,6.19,70 Aqr,
342.25313,68.57023,6.19,HR 8687,
347.95502,26.84731,6.19,60 Peg,
352.53086,49.13314,6.19,HR 8925,
1.82611,-17.38699,6.20,HR 10,
14.05396,57.99656,6.20,HR 260,
16.11509,29.65881,6.20,HR 303,
19.05264,87.14550,6.20,HR 306,
24.11335,48.72278,6.20,HR 454,
25.32653,25.74571,6.20,HR 484,
25.36380,-38.13283,6.20,HR 494,
25.97832,-4.76551,6.20,HR 507,
37.30700,23.46903,6.20,HR 723,
45.53865,-6.49454,6.20,HR 913,
50.82375,-7.79410,6.20,HR 1024,
53.48664,-31.08011,6.20,HR 1093,
75.70991,66.82297,6.20,HR 1594,
76.08995,21.27793,6.20,HR 1633,
76.70649,43.17471,6.20,HR 1644,
80.23590,19.81435,6.20,HR 1755,
82.41939,29.18646,6.20,HR 1822,
90.64089,-14.49716,6.20,HR 2136,
103.67518,-1.75649,6.20,HR 2577,
104.69759,26.08108,6.20,39 Gem,
105.47049,-1.34588,6.20,HR 2636,
111.07180,-22.91276,6.20,HR 2826,
114.63556,-38.78149,6.20,HR 2955,
115.72227,-58.23006,6.20,HR 3012,
128.34063,36.43643,6.20,32 Lyn,
131.27311,-58.72432,6.20,HR 3489,
132.20529,66.70808,6.20,HR 3470,
135.29757,-26.66372,6.20,HR 3597,
141.96507,75.09834,6.20,HR 3719,
150.41966,-53.36411,6.20,HR 3955,
150.49196,-57.34979,6.20,HR 3957,
151.69761,5.61149,6.20,14 Sex,
154.16728,-51.20464,6.20,HR 4045,
157.74484,-7.63755,6.20,HR 4122,
170.22388,67.10073,6.20,HR 4383,
179.26563,-33.31546,6.20,HR 4571,
183.57054,-64.40852,6.20,HR 4653,
185.11774,-65.84266,6.20,HR 4692,
187.70888,53.07661,6.20,HR 4767,
188.99498,-20.52748,6.20,HR 4797,
195.16133,18.37301,6.20,HR 4926,
196.97349,27.55596,6.20,HR 4956,
199.11936,68.40800,6.20,HR 5018,
200.14602,-59.77278,6.20,HR 5024,
209.63028,-65.80066,6.20,HR 5242,
211.44375,-54.66936,6.20,HR 5278,
219.24912,-12.30535,6.20,HR 5455,
224.98237,-75.03267,6.20,HR 5555,
232.65105,-20.72855,6.20,HR 5749,
237.90999,-14.13358,6.20,HR 5896,
257.76318,24.23769,6.20,63 Her,
258.96396,-30.21073,6.20,HR 6403,
261.75895,-12.51249,6.20,HR 6496,
282.01110,4.24142,6.20,HR 7076,
284.09442,-1.79986,6.20,HR 7143,
284.69412,40.67919,6.20,HR 7179,
287.84650,40.42909,6.20,HR 7284,
299.90283,76.48139,6.20,69 Dra,
303.09936,-42.78006,6.20,HR 7706,
304.87207,13.21677,6.20,HR 7771,
305.73134,42.98354,6.20,HR 7802,
307.06996,2.93716,6.20,HR 7824,
307.83807,52.30953,6.20,HR 7854,
312.33560,-18.03586,6.20,HR 7964,
312.49623,5.54456,6.20,HR 7975,
318.80987,-40.50606,6.20,HR 8117,
321.03104,25.31242,6.20,HR 8194,
324.99885,-52.35901,6.20,HR 8269,
327.77074,39.53666,6.20,HR 8349,
335.91480,20.84823,6.20,33 Peg,
343.64217,-7.20463,6.20,78 Aqr,
352.25277,-9.26610,6.20,HR 8921,
97.79208,17.46639,6.20,HR 2366,
2.17065,36.62712,6.21,HR 17,
20.65396,1.72633,6.21,HR 392,
21.01058,-8.00742,6.21,44 Cet,
34.79512,46.47226,6.21,HR 671,
37.72665,17.70386,6.21,27 Ari,
39.65335,3.44320,6.21,HR 775,
41.08555,-32.52472,6.21,HR 817,
52.35949,46.93787,6.21,HR 1047,
56.95671,-36.10578,6.21,HR 1186,
58.30388,-18.43445,6.21,HR 1206,
69.84645,25.21827,6.21,HR 1477,
76.05324,73.76389,6.21,HR 1587,
82.58301,4.20479,6.21,HR 1837,
85.33473,53.48106,6.21,HR 1925,
89.54880,-0.99402,6.21,HR 2097,
90.07358,-12.90003,6.21,HR 2118,
90.07878,44.59201,6.21,HR 2096,
100.80724,37.14737,6.21,HR 2464,
113.34244,-14.33831,6.21,HR 2897,
119.33362,-47.89070,6.21,HR 3118,
121.18876,18.84202,6.21,HR 3158,
121.40440,27.52974,6.21,HR 3164,
122.29245,-35.45502,6.21,HR 3199,
130.07622,31.94190,6.21,HR 3423,
130.75070,46.90084,6.21,HR 3436,
131.59901,-41.12539,6.21,HR 3488,
135.12834,37.60435,6.21,HR 3580,
140.91567,-46.90875,6.21,HIP 46067,
165.60188,-26.83150,6.21,HR 4302,
174.96302,-14.46853,6.21,HR 4490,
175.51470,-20.29417,6.21,HR 4506,
180.07836,80.85319,6.21,HR 4586,
184.09940,-72.61450,6.21,HR 4664,
185.54513,24.77387,6.21,HR 4705,
187.10708,-61.79484,6.21,HR 4747,
187.51223,51.53563,6.21,7 CVn,
200.37405,-19.48929,6.21,HR 5033,
205.06494,31.01204,6.21,HR 5143,
206.19029,-25.50093,6.21,HR 5166,
220.48315,-58.61583,6.21,HR 5465,
222.27961,-56.66783,6.21,HR 5515,
225.49201,-34.35887,6.21,HR 5587,
230.39711,-40.74948,6.21,HR 5696,
235.24266,-47.73609,6.21,HR 5821,
238.39529,16.07493,6.21,HR 5913,
238.87722,-31.08364,6.21,HR 5916,
240.22378,-40.43548,6.21,HR 5952,
243.10571,67.14418,6.21,HR 6069,
250.94036,-41.11920,6.21,HR 6206,
258.08282,-70.72108,6.21,HR 6357,
278.62968,-52.89152,6.21,HR 6954,
278.97175,16.97570,6.21,HR 6981,
279.18976,43.22181,6.21,HR 7003,
285.53547,-41.91051,6.21,HR 7177,
297.59064,-61.06112,6.21,HR 7527,
298.66853,-61.17079,6.21,HR 7558,
307.74230,20.60615,6.21,HR 7839,
307.74679,36.93584,6.21,44 Cyg,
309.32659,0.09698,6.21,HR 7878,
309.34825,38.32867,6.21,HR 7888,
315.14100,-4.73026,6.21,11 Aqr,
333.99928,8.54957,6.21,HR 8491,
346.98834,64.22253,6.21,HR 8811,
357.38171,-15.86128,6.21,HR 9021,
336.64458,-16.74242,6.21,53 Aqr,
161.26500,-59.68417,6.21,η Car,
0.33020,49.98156,6.22,HR 9083,
3.50951,33.20604,6.22,HR 44,
12.89079,51.57143,6.22,HR 241,
22.09548,7.96135,6.22,HR 426,
35.74010,-18.35498,6.22,HR 697,
43.52696,-50.87140,6.22,HR 871,
44.21107,51.26128,6.22,HR 864,
54.90978,-3.39301,6.22,HR 1116,
58.01853,31.16858,6.22,HR 1197,
64.53378,42.14116,6.22,HR 1328,
67.54169,-13.59237,6.22,HR 1431,
75.20417,-5.75368,6.22,HR 1614,
78.49979,-14.60687,6.22,HR 1710,
79.66801,40.46512,6.22,HR 1725,
85.15541,-2.82524,6.22,HR 1950,
85.42296,-16.72583,6.22,HR 1962,
86.76908,-28.63891,6.22,HR 2005,
88.23120,68.47154,6.22,HR 1994,
89.47706,1.22431,6.22,HR 2093,
94.78305,-8.58601,6.22,HR 2270,
96.98613,20.49632,6.22,16 Gem,
104.42763,-27.53750,6.22,HR 2611,
120.46137,8.91399,6.22,HR 3144,
122.74536,14.62947,6.22,HR 3198,
123.96894,-30.92594,6.22,HR 3251,
131.52864,-11.00677,6.22,HR 3480,
132.63429,33.28505,6.22,HR 3499,
146.48235,-58.79383,6.22,HR 3887,
154.01347,-59.90341,6.22,HR 4043,
164.82450,51.88236,6.22,HR 4275,
168.72552,-43.73370,6.22,HR 4364,
174.60029,-2.43590,6.22,HR 4484,
179.22189,61.54921,6.22,HR 4569,
182.10306,-60.84713,6.22,HR 4622,
188.87345,-61.84158,6.22,HR 4790,
189.71819,-67.19305,6.22,HR 4806,
190.39330,10.42627,6.22,27 Vir,
205.16285,28.06517,6.22,HR 5145,
214.26579,-18.58570,6.22,HR 5344,
215.77846,25.33817,6.22,HR 5387,
215.85678,-11.71404,6.22,2 Lib,
217.06851,36.19703,6.22,HR 5416,
225.99061,65.91971,6.22,HR 5629,
233.04031,16.05617,6.22,τ² Ser,12 Ser
235.04312,12.05293,6.22,HR 5831,
238.34556,-62.60658,6.22,HR 5884,
240.97792,-24.72631,6.22,HR 5973,
250.76485,-46.07029,6.22,HR 6197,
262.03279,-63.03624,6.22,HR 6471,
262.68153,57.87682,6.22,HR 6540,
265.84176,14.29517,6.22,HR 6604,
266.41764,31.50468,6.22,HR 6619,
267.08434,3.80422,6.22,HR 6633,
269.20218,45.35085,6.22,HR 6702,
270.00034,-20.33955,6.22,HR 6704,
270.62563,22.92323,6.22,97 Her,
271.79730,-21.44394,6.22,HR 6762,
275.76220,16.68800,6.22,HR 6887,
278.25375,-39.89202,6.22,HR 6948,
280.46511,-23.83342,6.22,26 Sgr,
281.34958,-56.88197,6.22,HR 7022,
282.89955,28.78367,6.22,HR 7112,
284.59877,6.23993,6.22,HR 7163,
287.01466,21.69893,6.22,HR 7263,
290.39805,76.55960,6.22,HIP 95154,
295.49007,40.25414,6.22,HR 7499,
297.83073,47.37724,6.22,HR 7577,
298.57397,-23.94107,6.22,HR 7578,
305.06342,39.40323,6.22,HR 7784,
309.47803,18.26858,6.22,HR 7886,
309.96556,-62.90780,6.22,HR 7872,
323.86264,24.45216,6.22,HR 8258,
324.39066,-0.39056,6.22,HR 8263,
324.51177,-64.82417,6.22,HR 8249,
338.97036,-57.88375,6.22,HR 8593,
345.15795,0.18587,6.22,3 Psc,
351.78791,-50.15724,6.22,HR 8910,
358.78247,7.07097,6.22,26 Psc,
14.59251,-60.69624,6.23,HR 281,
17.00552,32.01213,6.23,78 Psc,
19.26546,-66.39785,6.23,HR 380,
23.94351,14.66142,6.23,101 Psc,
39.27734,32.89109,6.23,HR 761,
40.86051,-66.71425,6.23,HR 823,
43.33779,48.56996,6.23,HR 849,
66.75291,2.07941,6.23,HR 1400,
81.52385,16.70016,6.23,113 Tau,
82.83705,-6.70838,6.23,HR 1848,
85.17520,31.92061,6.23,HR 1939,
85.83126,23.20437,6.23,HR 1961,
90.72986,32.63570,6.23,HR 2122,
91.39125,33.59905,6.23,HR 2139,
99.65911,1.61352,6.23,HR 2442,
103.48105,-24.53876,6.23,HR 2578,
104.32329,-35.50715,6.23,HR 2612,
104.67389,-45.76759,6.23,HR 2626,
107.33437,-10.34657,6.23,HR 2694,
107.53902,-18.68564,6.23,HR 2705,
110.57747,-2.97918,6.23,HR 2807,
112.19689,15.10982,6.23,HR 2858,
115.19660,13.77125,6.23,HR 2953,
117.37004,-13.35295,6.23,HR 3042,
118.92015,35.41268,6.23,HR 3083,
128.13935,53.11485,6.23,HR 3351,
148.63257,-22.48746,6.23,HR 3921,
151.25769,-51.31362,6.23,HIP 49394,
152.06624,31.60405,6.23,HR 3979,
152.82402,-7.31663,6.23,HR 4000,
153.33103,-27.02889,6.23,HR 4011,
171.97378,-1.69995,6.23,HR 4419,
173.92641,-61.28787,6.23,HIP 56550,
181.48612,-35.69393,6.23,HR 4612,
181.58304,-68.65140,6.23,HR 4614,
182.88147,-51.35933,6.23,HR 4637,
184.63171,30.24905,6.23,HR 4680,
186.96479,-4.61528,6.23,HR 4746,
210.29370,27.38659,6.23,11 Boo,
213.30524,-26.61231,6.23,HR 5314,
213.59814,41.51876,6.23,HR 5335,
232.58873,-41.91903,6.23,HIP 75915,
233.01747,-38.62254,6.23,HR 5751,
250.70175,-62.55393,6.23,HIP 81823,
289.90179,54.37599,6.23,HR 7351,
300.31376,37.09900,6.23,HR 7655,
305.12766,53.59569,6.23,HR 7791,
306.59647,17.31556,6.23,HR 7816,
307.03142,8.43745,6.23,HR 7820,
307.50300,72.53170,6.23,HR 7868,
309.80521,-2.41297,6.23,HR 7890,
313.64626,-50.72734,6.23,HR 7992,
314.07087,56.88752,6.23,HR 8029,
319.12341,42.25179,6.23,HR 8138,
325.80638,-19.62096,6.23,HR 8293,
333.66059,-41.38167,6.23,HR 8477,
339.59226,-7.89756,6.23,HR 8612,
342.54206,50.67692,6.23,HR 8692,
345.34851,-7.06115,6.23,81 Aqr,
356.12111,-26.24663,6.23,HR 8999,
358.33685,-24.22926,6.23,HR 9043,
0.85715,63.64052,6.24,HR 9097,
2.21721,25.46298,6.24,HR 19,
3.34968,26.98755,6.24,HR 40,
6.59063,-18.69363,6.24,HIP 2086,
17.30115,80.01158,6.24,HR 312,
18.24780,30.06423,6.24,HR 356,
24.40710,-9.40378,6.24,HR 466,
30.92754,18.25324,6.24,HR 609,
32.85424,31.52640,6.24,5 Tri,
38.47755,-51.09355,6.24,HR 755,
45.46793,5.33615,6.24,HR 908,
47.08795,18.79505,6.24,54 Ari,
63.39404,10.21246,6.24,HR 1307,
68.38770,18.01672,6.24,HR 1442,
70.93446,-41.06479,6.24,HR 1518,
77.74178,-2.25411,6.24,HR 1685,
81.50985,-5.51850,6.24,HR 1806,
83.51620,-1.03573,6.24,HR 1873,
83.84298,-4.42432,6.24,HR 1891,
86.51194,-4.26848,6.24,HR 1986,
89.39574,66.09610,6.24,HR 2041,
94.24461,23.74091,6.24,9 Gem,
94.66813,9.04718,6.24,HR 2259,
96.00951,8.88501,6.24,HR 2300,
96.37502,-35.06415,6.24,HR 2329,
97.11690,16.23839,6.24,HR 2340,
103.28157,44.83994,6.24,HR 2532,
103.50950,-50.61160,6.24,HR 2594,
111.21201,-19.01228,6.24,HR 2831,
112.71306,-5.22649,6.24,HR 2876,
134.81593,-28.80602,6.24,HR 3585,
141.43408,63.94094,6.24,HR 3722,
147.62534,4.34365,6.24,4 Sex,
152.48537,-12.09530,6.24,HR 3988,
155.91936,-41.95319,6.24,HR 4087,
160.63072,-13.97451,6.24,HR 4190,
168.01487,-58.42336,6.24,HIP 54708,
169.30008,-38.01437,6.24,HR 4372,
172.94816,-20.77647,6.24,HR 4440,
177.09786,-10.31311,6.24,HR 4529,
180.71526,-7.68362,6.24,HR 4598,
183.87715,-41.91328,6.24,HR 4658,
186.18637,-41.38429,6.24,HR 4718,
188.44755,33.38467,6.24,HR 4784,
196.20099,-41.19632,6.24,HR 4938,
210.98232,4.90097,6.24,HR 5275,
220.51334,61.26192,6.24,HR 5492,
236.68928,-6.12035,6.24,HR 5866,
245.66211,-2.07987,6.24,HR 6096,
259.14869,-74.53301,6.24,HR 6373,
268.55904,11.13056,6.24,HR 6676,
274.53215,18.13169,6.24,HR 6852,
281.48331,-50.87271,6.24,HIP 92072,
282.40497,0.83620,6.24,HR 7085,
283.44291,57.48656,6.24,HR 7153,
294.92409,-45.27855,6.24,HR 7461,
295.07787,-54.41779,6.24,HR 7459,
298.09068,18.67188,6.24,9 Sge,
301.18548,63.89021,6.24,HR 7695,
302.76475,21.13458,6.24,HR 7713,
302.83757,21.87494,6.24,HR 7716,
304.38138,29.14756,6.24,HR 7760,
306.72078,-37.40290,6.24,HR 7808,
310.49235,17.52149,6.24,HR 7923,
312.32182,-0.56334,6.24,HIP 102770,
315.76260,1.53206,6.24,HR 8056,
328.64964,-3.30127,6.24,HR 8363,
329.72910,-4.37311,6.24,HR 8382,
345.37799,57.10546,6.24,HR 8761,
349.28647,-28.43827,6.24,HIP 114969,
352.92518,-21.36946,6.24,100 Aqr,
355.16917,36.72077,6.24,HR 8977,
355.47733,57.25995,6.24,HR 8985,
0.43271,42.36714,6.25,HR 9086,
0.73951,-20.04588,6.25,HR 9095,
1.23330,26.64876,6.25,HR 9109,
3.73290,22.28422,6.25,HR 49,
5.60618,13.48249,6.25,42 Psc,
15.67875,-65.45610,6.25,HR 304,
22.37724,-46.75642,6.25,HR 435,
26.19234,57.08923,6.25,HR 502,
28.72407,40.70203,6.25,HR 551,
33.33780,74.02772,6.25,HR 626,
36.31679,56.60982,6.25,10 Per,
42.37808,57.08432,6.25,HR 825,
47.81970,-16.02497,6.25,HR 957,
48.75112,-26.10046,6.25,HR 980,
49.00773,34.68851,6.25,HR 976,
53.65612,-9.86826,6.25,HR 1091,
54.85455,75.73962,6.25,HR 1080,
62.34252,54.82886,6.25,HR 1276,
63.45765,12.75370,6.25,HR 1310,
65.89921,42.42791,6.25,HR 1371,
67.85042,40.01019,6.25,HR 1424,
67.85772,-13.64422,6.25,HR 1438,
74.32162,-1.06726,6.25,HR 1591,
83.62203,-0.01235,6.25,HIP 26149,
85.87574,-39.40691,6.25,HR 1981,
104.66214,7.62230,6.25,HR 2606,
115.84242,22.39947,6.25,HR 2978,
118.62195,47.38598,6.25,25 Lyn,
121.17889,-62.83635,6.25,HR 3186,
121.61422,-9.24446,6.25,HR 3174,
122.17686,13.64092,6.25,12 Cnc,
128.37615,-46.97066,6.25,HR 3390,
133.11912,28.25916,6.25,53 Cnc,
134.49443,30.23383,6.25,61 Cnc,
135.52665,-39.40216,6.25,HR 3602,
138.81099,-45.55550,6.25,HR 3680,
142.38507,-4.24664,6.25,HR 3762,
143.33293,-7.19020,6.25,HR 3805,
146.37902,78.13471,6.25,HR 3843,
152.14761,-15.61194,6.25,HR 3986,
155.80475,-30.16226,6.25,HR 4083,
158.55299,-60.98763,6.25,HR 4151,
160.35078,-1.74149,6.25,33 Sex,
161.08365,-70.85972,6.25,HR 4211,
177.78963,33.37501,6.25,HR 4545,
186.70140,-48.91319,6.25,HR 4734,
192.17425,48.46684,6.25,11 CVn,
193.45713,12.41842,6.25,41 Vir,
193.55457,33.53448,6.25,HR 4904,
197.42514,38.53388,6.25,15 CVn,
198.10605,80.47131,6.25,HR 5009,
210.90319,7.54617,6.25,HR 5274,
214.13687,20.12185,6.25,HR 5346,
215.81369,1.24157,6.25,HR 5384,
227.35636,-63.64293,6.25,HR 5623,
240.71880,-62.54159,6.25,HR 5951,
242.02065,17.05438,6.25,Marsic B,κ Her
247.76160,35.22507,6.25,HR 6157,
250.14383,-20.40865,6.25,HR 6190,
250.29810,-1.00031,6.25,HR 6201,
253.54419,-1.61230,6.25,HR 6277,
259.39939,23.09063,6.25,HR 6430,
261.11300,36.95193,6.25,HR 6491,
264.78543,2.02805,6.25,HR 6575,
267.54210,78.30654,6.25,HR 6717,
279.88764,40.93506,6.25,HR 7017,
285.40725,-22.69536,6.25,HR 7182,
285.58986,8.37354,6.25,HR 7208,
288.88842,-24.17935,6.25,Gumala,
289.11918,-69.19083,6.25,τ Pav,
289.75481,37.44535,6.25,HR 7338,
290.40463,-19.23445,6.25,HR 7339,
292.32511,0.24608,6.25,HR 7404,
294.89390,45.95744,6.25,HR 7487,
295.46675,50.51752,6.25,HR 7504,
296.14246,13.30278,6.25,ψ Aql,48 Aql
297.82388,9.62989,6.25,HR 7562,
303.14635,0.86705,6.25,HR 7717,
310.23176,-42.39669,6.25,HIP 102057,
315.79245,-27.73159,6.25,HR 8050,
317.38747,-20.55666,6.25,27 Cap,
323.82960,28.19761,6.25,HR 8257,
327.03500,36.58039,6.25,HR 8336,
346.94892,63.63347,6.25,HR 8808,
350.18375,44.11617,6.25,HR 8884,
353.42913,45.05810,6.25,HR 8941,
7.17948,-50.53286,6.26,HR 111,
8.20453,28.28024,6.26,HR 134,
20.14406,-3.24699,6.26,HR 387,
21.17466,-44.52857,6.26,HR 411,
37.56917,33.83371,6.26,HR 726,
40.06539,6.11194,6.26,HR 783,
42.23128,69.63429,6.26,HR 815,
56.34879,-71.65813,6.26,HIP 17543,
56.95426,32.19541,6.26,HR 1164,
76.25253,-54.40740,6.26,HR 1667,
76.53862,-73.03767,6.26,HR 1700,
78.86523,22.28486,6.26,108 Tau,
81.19287,-52.31625,6.26,θ Pic,
84.04288,-28.70801,6.26,HR 1915,
84.31683,66.69669,6.26,HR 1853,
92.14429,-44.35621,6.26,HR 2187,
96.23251,-63.82814,6.26,HR 2360,
96.30417,7.08571,6.26,HR 2310,
97.89561,-36.94003,6.26,HR 2393,
98.07728,17.78435,6.26,20 Gem,
99.47976,73.69564,6.26,HR 2365,
100.69187,-22.44859,6.26,HR 2481,
104.35662,11.90755,6.26,HR 2597,
104.66572,-55.72912,6.26,HR 2634,
104.91356,-21.60288,6.26,HR 2623,
112.00803,-26.83897,6.26,HIP 36264,
122.34606,42.43061,6.26,HR 3181,
124.56582,54.14370,6.26,HR 3246,
128.43769,13.25731,6.26,HR 3376,
130.58689,-55.77456,6.26,HR 3471,
133.83003,-45.04167,6.26,HR 3562,
142.45781,-23.34534,6.26,HR 3767,
143.49643,23.45392,6.26,HR 3804,
145.41036,25.91288,6.26,13 Leo,
161.11320,-72.44350,6.26,HR 4213,
161.57121,-60.60287,6.26,HR 4217,
163.33822,-58.89345,6.26,HIP 53231,
169.90236,-75.14245,6.26,HR 4387,
176.30268,-49.06984,6.26,HR 4516,
179.18313,-47.07238,6.26,HR 4570,
184.82997,23.03467,6.26,8 Com,
188.34271,-19.79255,6.26,HR 4778,
189.98284,-66.51114,6.26,HR 4814,
192.58125,-48.45954,6.26,HR 4871,
193.10249,-53.82993,6.26,HR 4882,
198.36182,-18.82641,6.26,54 Vir,
200.17320,2.94229,6.26,HR 5031,
217.92851,60.22564,6.26,HR 5437,
231.47196,19.48071,6.26,HR 5740,
233.28966,-24.49043,6.26,HR 5765,
234.04735,-33.09281,6.26,HR 5790,
238.91606,18.62074,6.26,HR 5931,
243.23577,-4.22081,6.26,HR 6041,
255.44745,-58.95824,6.26,HR 6304,
256.72178,-26.51302,6.26,HR 6354,
263.89583,-59.84611,6.26,HR 6525,
264.36216,-38.06636,6.26,HR 6557,
269.42807,-56.89625,6.26,HIP 87928,
270.78702,48.46427,6.26,HR 6753,
279.96499,7.35860,6.26,HR 7010,
281.23082,54.89718,6.26,HR 7071,
287.44084,65.97851,6.26,55 Dra,
292.69513,36.22850,6.26,HR 7419,
301.89618,-55.01601,6.26,HR 7674,
305.42147,-49.99942,6.26,HR 7766,
312.17808,51.91033,6.26,HR 7978,
314.90058,-19.03528,6.26,20 Cap,
315.18091,-53.73907,6.26,HIP 103693,
331.46341,48.23149,6.26,HR 8427,
336.41958,18.44432,6.26,HR 8543,
338.31993,70.37371,6.26,HR 8598,
351.81163,1.12261,6.26,9 Psc,
352.38367,-4.53275,6.26,HR 8924,
354.41557,16.82550,6.26,74 Peg,
355.36163,49.51241,6.26,HR 8981,
359.28397,-26.62345,6.26,HR 9058,
12.38930,-23.36214,6.27,HR 232,
13.44820,52.68929,6.27,HR 250,
19.12922,79.91001,6.27,HR 357,
21.77628,34.37755,6.27,HR 415,
23.15157,-49.72771,6.27,HR 447,
26.23262,20.08315,6.27,109 Psc,
31.55109,8.24811,6.27,HR 614,
41.74298,35.98352,6.27,HR 819,
61.48545,-8.85610,6.27,HR 1272,
72.42603,-13.76967,6.27,HR 1545,
83.40924,34.72557,6.27,HR 1854,
83.98125,27.66235,6.27,HR 1878,
92.44644,-26.70109,6.27,HR 2192,
94.75767,17.32526,6.27,HR 2258,
95.94226,-15.07126,6.27,HR 2303,
104.19042,-35.34133,6.27,HR 2604,
113.30484,-40.05852,6.27,HR 2907,
114.06957,-8.31130,6.27,HR 2920,
122.44873,-42.64080,6.27,HR 3205,
138.32778,-42.27329,6.27,HR 3668,
140.85572,-48.28694,6.27,HIP 46045,
142.25958,-1.25691,6.27,HR 3758,
142.88766,-66.71903,6.27,HR 3813,
147.59847,65.59323,6.27,HR 3885,
149.19520,-26.54967,6.27,HR 3931,
151.31367,-36.38438,6.27,HR 3972,
161.06063,19.75883,6.27,HR 4197,
161.28941,2.48797,6.27,36 Sex,
168.04256,-46.26676,6.27,HIP 54718,
172.93730,14.36450,6.27,88 Leo,
181.11875,85.58713,6.27,HR 4606,
183.83605,87.70011,6.27,HR 4686,
191.88927,-6.30175,6.27,HR 4856,
201.83607,-49.38129,6.27,HR 5063,
210.88479,10.78678,6.27,HR 5273,
218.41066,79.66043,6.27,HR 5479,
221.30712,32.78835,6.27,HR 5510,
222.96378,-18.35533,6.27,10 Lib,
226.55806,-36.26460,6.27,HR 5615,
228.25427,-61.74378,6.27,HR 5645,
230.16899,-67.48153,6.27,HR 5684,
241.40808,8.09625,6.27,HR 5992,
247.86783,72.61234,6.27,HR 6180,
254.26659,-19.53986,6.27,HR 6294,
254.37936,25.35284,6.27,57 Her,
255.38772,14.94972,6.27,HR 6326,
259.87714,-50.06376,6.27,HR 6423,
270.34633,-17.15687,6.27,6 Sgr,
276.24358,27.39478,6.27,HR 6904,
277.55957,-5.72417,6.27,HR 6940,
280.55988,-81.80811,6.27,HR 6912,
283.25754,-9.57552,6.27,HR 7110,
284.30962,-43.91701,6.27,HIP 93049,
288.82990,50.07113,6.27,HR 7311,
291.09196,16.93772,6.27,2 Sge,
293.88942,-12.25311,6.27,HR 7433,
295.98323,27.13540,6.27,HR 7508,
297.22952,-52.88811,6.27,HR 7521,
299.73507,-30.53838,6.27,HR 7617,
300.58410,64.63442,6.27,65 Dra,
304.76252,-63.23074,6.27,HR 7732,
305.13464,-55.05088,6.27,HR 7758,
316.89018,15.65866,6.27,HR 8088,
317.69557,-9.35407,6.27,HR 8096,
318.36994,15.98240,6.27,HR 8116,
323.32452,45.85401,6.27,HR 8248,
327.36195,20.46245,6.27,HR 8341,
328.07576,21.27316,6.27,HR 8350,
341.36740,19.36656,6.27,45 Peg,
345.34602,-22.79089,6.27,HR 8756,
0.07950,-44.29056,6.28,HR 9077,
7.23609,36.89969,6.28,HR 110,
12.23637,-46.69765,6.28,HR 229,
13.77171,48.67852,6.28,HR 256,
15.82377,-29.52585,6.28,HR 300,
16.54667,32.18149,6.28,76 Psc,
20.90602,34.24589,6.28,HR 396,
28.21137,51.47484,6.28,HR 538,
28.74022,37.12829,6.28,HR 552,
38.06148,-36.42731,6.28,HR 742,
41.76492,35.55468,6.28,HR 820,
47.16163,8.47107,6.28,HR 942,
66.05107,-57.07134,6.28,HR 1405,
66.75361,57.58529,6.28,HR 1382,
67.77996,15.10504,6.28,84 Tau,
69.21222,-30.71678,6.28,HR 1476,
73.27379,-72.40768,6.28,HR 1606,
84.22910,-66.56029,6.28,HR 1960,
87.85730,32.12469,6.28,HR 2018,
88.89737,-4.78859,6.28,HR 2071,
91.28886,75.58592,6.28,HR 2078,
92.66637,-45.28199,6.28,HR 2211,
92.94130,52.64719,6.28,HR 2172,
97.51254,-65.56824,6.28,HR 2408,
100.34142,16.39765,6.28,HR 2457,
100.56827,-38.39879,6.28,HR 2482,
101.04791,53.29594,6.28,HR 2463,
103.89423,8.32428,6.28,HR 2584,
105.17714,-28.48957,6.28,HR 2637,
113.52069,10.56808,6.28,HR 2893,
119.09467,-30.28457,6.28,HR 3099,
120.38157,-55.45466,6.28,HR 3161,
120.87338,-42.94833,6.28,HR 3166,
124.38188,8.86631,6.28,HR 3252,
125.82056,-38.28608,6.28,HR 3296,
126.13790,82.43076,6.28,HR 3197,
128.62189,-37.61117,6.28,HR 3399,
133.84533,17.23128,6.28,HR 3541,
139.88533,-55.18647,6.28,HR 3717,
148.24186,-27.33217,6.28,HR 3916,
153.01190,-28.60596,6.28,HR 4003,
166.52392,-51.21292,6.28,HR 4318,
172.81270,-61.27846,6.28,HR 4438,
175.43127,55.17201,6.28,HR 4500,
180.17594,-21.83750,6.28,HR 4588,
188.39259,24.28298,6.28,22 Com,
205.08921,57.20761,6.28,HR 5153,
210.55075,45.75346,6.28,HR 5271,
211.15595,2.29753,6.28,HR 5283,
216.37146,38.39305,6.28,HR 5402,
224.30712,-29.15768,6.28,HR 5565,
228.71082,-5.50256,6.28,HR 5669,
232.93087,-20.16492,6.28,HR 5756,
238.66782,8.58034,6.28,40 Ser,
253.49523,-41.99433,6.28,HR 6261,
255.46356,-18.88554,6.28,29 Oph,
256.27239,-45.50213,6.28,HR 6331,
259.58029,-16.31188,6.28,HR 6428,
260.71369,-2.38818,6.28,HR 6465,
265.51507,-50.51070,6.28,HR 6576,
269.23323,6.48773,6.28,HR 6690,
269.49079,-39.13652,6.28,HR 6683,
270.23863,15.09355,6.28,HR 6722,
276.17553,-7.07594,6.28,HR 6892,
277.02570,-26.75725,6.28,HR 6914,
280.79312,70.79285,6.28,HR 7082,
283.03021,41.38324,6.28,HR 7118,
283.11798,-26.65077,6.28,HR 7103,
284.99212,22.81452,6.28,HR 7183,
286.78468,-18.73817,6.28,HR 7241,
287.82839,-29.50229,6.28,HR 7270,
295.91456,57.04271,6.28,HR 7526,
304.01428,38.89801,6.28,HR 7752,
304.73322,-47.71077,6.28,HR 7745,
310.35273,-42.13378,6.28,HIP 102096,
311.76485,-2.48691,6.28,HR 7946,
321.06975,-69.73388,6.28,HR 8156,
324.77545,-33.67886,6.28,HR 8268,
326.12274,-38.55253,6.28,HR 8299,
326.59974,25.56350,6.28,HR 8325,
330.54937,-17.90347,6.28,HR 8394,
332.58795,-3.89409,6.28,HR 8451,
339.12209,-40.58269,6.28,σ¹ Gru,
339.20285,35.65242,6.28,HR 8609,
340.52511,-5.10197,6.28,HIP 112078,
341.82987,-34.16172,6.28,HR 8668,
344.38668,3.81024,6.28,HR 8730,
350.66880,20.82872,6.28,65 Peg,
359.58843,-15.84748,6.28,1 Cet,
19.54227,47.41971,6.29,HR 376,
31.62211,0.03538,6.29,HR 616,
35.96561,55.36486,6.29,HR 690,
39.61647,38.08914,6.29,HR 769,
44.30376,-29.85529,6.29,HR 884,
48.25620,-35.94369,6.29,HR 970,
51.82782,12.73529,6.29,HR 1039,
52.87227,49.20977,6.29,HR 1056,
54.12573,-78.32307,6.29,HR 1154,
54.58217,56.93271,6.29,HR 1094,
56.14116,-54.27403,6.29,HR 1168,
62.36488,59.90807,6.29,HR 1270,
75.05532,-78.30001,6.29,HR 1682,
82.68060,22.46225,6.29,HR 1831,
86.82786,-35.67408,6.29,HR 2009,
87.73464,51.51458,6.29,HR 2003,
94.90905,-22.10312,6.29,HIP 30062,
105.07515,-5.36716,6.29,Citalá,
109.38193,-6.68000,6.29,HR 2765,
113.66493,-51.47452,6.29,HR 2925,
130.11255,19.54481,6.29,Meleph,ε Cnc
132.00096,-52.85015,6.29,HR 3503,
148.76397,61.11612,6.29,HR 3911,
158.85330,-76.30899,6.29,HR 4170,
159.01878,-26.67548,6.29,HR 4157,
159.08924,36.32693,6.29,35 LMi,
161.65476,-43.19267,6.29,HIP 52709,
161.91001,-57.46741,6.29,HR 4226,
162.94542,-57.27231,6.29,HIP 53100,
172.43169,56.73757,6.29,HR 4424,
174.63468,33.62583,6.29,HR 4482,
174.68769,45.10842,6.29,HR 4486,
183.92293,72.55120,6.29,HR 4665,
186.32326,-65.76985,6.29,HR 4720,
188.26200,10.29567,6.29,20 Vir,
192.19612,24.84023,6.29,HR 4864,
193.11458,16.12250,6.29,HR 4886,
204.92019,-39.74759,6.29,HR 5135,
225.21782,22.04559,6.29,HR 5592,
226.17874,-40.86133,6.29,HR 5604,
227.68692,-61.42232,6.29,HR 5632,
230.59683,12.56752,6.29,7 Ser,
238.23383,17.40315,6.29,HR 5909,
239.05844,-31.78588,6.29,HR 5923,
244.78216,-20.21807,6.29,HR 6076,
252.65044,41.89650,6.29,HR 6264,
253.99062,-33.50687,6.29,HR 6282,
254.06973,73.12787,6.29,HR 6335,
256.18885,-20.49470,6.29,HR 6340,
256.54917,-21.56458,6.29,HR 6350,
274.35067,-9.75858,6.29,HR 6843,
274.51225,13.77704,6.29,HR 6851,
282.71039,-22.16219,6.29,30 Sgr,
284.39331,-39.82319,6.29,HR 7136,
286.72839,-50.32314,6.29,HIP 93860,
289.91253,37.33054,6.29,HR 7345,
292.64415,-55.11005,6.29,μ Tel,
295.80980,58.01662,6.29,HR 7522,
305.75329,-9.65471,6.29,HR 7788,
310.35110,-25.99991,6.29,HR 7910,
311.97057,52.40717,6.29,HR 7972,
320.05863,22.02619,6.29,HR 8158,
332.98674,59.08458,6.29,HR 8476,
336.54459,-23.68245,6.29,HR 8542,
338.97242,50.07079,6.29,HR 8606,
341.06865,-60.49962,6.29,HR 8646,
349.92289,48.38094,6.29,HR 8875,
358.26982,2.09063,6.29,25 Psc,
14.47713,13.69586,6.30,HR 276,
30.71558,-23.88663,6.30,HIP 9562,
35.54891,-43.19981,6.30,HR 698,
40.75773,48.26525,6.30,HR 792,
43.29873,16.48346,6.30,HR 856,
46.29706,-8.27425,6.30,HIP 14355,
48.94642,32.85671,6.30,HR 975,
49.09052,-5.73046,6.30,HIP 15230,
57.81612,13.04608,6.30,HR 1194,
72.95828,13.65516,6.30,HIP 22607,
75.97479,-41.74495,6.30,HR 1651,
81.16011,31.22391,6.30,HR 1775,
81.76985,-11.90096,6.30,HR 1817,
86.81118,42.52675,6.30,HR 1979,
88.56566,3.22564,6.30,HR 2051,
95.35737,2.26852,6.30,HR 2280,
95.75611,-63.68314,6.30,HR 2337,
96.18540,-40.28398,6.30,HR 2323,
96.36740,14.72199,6.30,HR 2308,
98.19531,-11.16638,6.30,HR 2392,
100.84731,-39.19312,6.30,HR 2488,
103.09525,-5.31628,6.30,HR 2552,
103.34334,10.99665,6.30,HR 2555,
109.23840,-30.89701,6.30,HR 2768,
111.34153,81.25746,6.30,HR 2709,
117.08125,-56.47107,6.30,HR 3056,
118.02996,3.27734,6.30,HR 3061,
119.91703,-60.20735,6.30,HR 3152,
120.20043,19.81622,6.30,HR 3125,
126.69612,26.93549,6.30,φ² Cnc,23 Cnc
127.66347,-44.73732,6.30,HR 3371,
134.79471,18.13487,6.30,HR 3577,
138.83857,84.18101,6.30,HR 3581,
140.23123,-15.61783,6.30,HR 3714,
140.86386,-60.30231,6.30,HR 3740,
141.23195,51.57390,6.30,HR 3725,
149.04063,-71.38930,6.30,HR 3944,
151.01172,-18.10141,6.30,HR 3963,
167.93232,14.40015,6.30,HR 4341,
169.11607,-45.88001,6.30,HR 4370,
172.60344,46.65753,6.30,HR 4430,
174.16970,-37.23719,6.30,HR 4470,
181.18863,-59.25329,6.30,HIP 58901,
181.47343,-65.54688,6.30,HR 4611,
186.95603,-16.63184,6.30,HR 4742,
205.62009,41.67428,6.30,HR 5160,
210.97120,-22.42160,6.30,HR 5272,
220.13652,-56.44076,6.30,HR 5461,
221.88375,-43.55681,6.30,HR 5509,
223.13805,-30.57725,6.30,HR 5542,
229.53921,-41.06116,6.30,HR 5682,
233.95497,38.37393,6.30,HR 5808,
235.85358,-15.04323,6.30,HR 5847,
239.37432,39.69509,6.30,HR 5950,
242.91500,33.34276,6.30,HR 6043,
243.55670,5.90185,6.30,HR 6057,
244.33725,-53.08638,6.30,HR 6059,
249.45004,13.68703,6.30,HR 6181,
250.18499,-51.47826,6.30,HIP 81650,
253.76388,-42.09083,6.30,HIP 82783,
254.03685,-50.67479,6.30,HR 6274,
257.62766,52.40877,6.30,HR 6395,
258.06901,-38.82254,6.30,HR 6382,
262.25360,-43.97392,6.30,HIP 85549,
265.17163,31.28748,6.30,HR 6591,
265.94592,-7.07961,6.30,HR 6601,
270.45125,-36.37786,6.30,HR 6708,
273.88534,45.20932,6.30,HR 6847,
274.66733,-42.28840,6.30,HR 6839,
274.98364,51.34782,6.30,HR 6880,
276.47753,-33.94572,6.30,HR 6893,
280.96347,-6.81812,6.30,HR 7034,
281.16789,23.58988,6.30,HR 7047,
283.30000,-51.93144,6.30,HR 7093,
286.00420,-57.95996,6.30,HIP 93629,
287.06067,-24.65737,6.30,HR 7246,
290.13772,35.18596,6.30,HR 7346,
291.90165,37.94120,6.30,HR 7403,
293.29194,60.15869,6.30,HR 7448,
298.25520,47.80772,6.30,HR 7600,
303.96086,-30.00528,6.30,HR 7725,
304.09501,-12.33712,6.30,3 Cap,
304.09837,-36.45358,6.30,HR 7728,
310.72065,-39.55883,6.30,HR 7915,
311.66082,46.53169,6.30,HR 7958,
321.08679,-46.61471,6.30,HR 8177,
332.71543,30.55300,6.30,HR 8460,
337.08117,64.08516,6.30,HR 8568,
339.27020,12.57682,6.30,HR 8608,
339.93407,-28.32566,6.30,HR 8619,
345.10264,-25.62685,6.30,HR 8746,
355.68275,16.33572,6.30,76 Peg,
0.96513,66.71218,6.31,HR 9099,
16.78938,53.49818,6.31,HR 318,
20.08099,77.57068,6.31,HR 375,
23.32615,8.20874,6.31,HIP 7243,
32.53226,53.84309,6.31,HR 621,
43.21142,-9.44124,6.31,HR 859,
57.92400,68.50749,6.31,HR 1166,
59.12627,71.82161,6.31,HR 1196,
60.15370,17.29666,6.31,HR 1237,
61.65257,54.00866,6.31,HR 1255,
63.71696,37.54267,6.31,HIP 19810,
63.94284,15.40070,6.31,48 Tau,
64.90590,10.12144,6.31,HR 1349,
75.16587,-2.06603,6.31,HR 1613,
85.78883,-1.61325,6.31,HR 1970,
95.81033,-31.79031,6.31,HR 2307,
97.85000,-32.86855,6.31,HIP 31086,
102.43333,-24.07607,6.31,HR 2528,
102.67626,-8.04100,6.31,HR 2534,
103.81332,45.82641,6.31,HR 2556,
104.25039,-8.17929,6.31,HR 2599,
107.05530,33.83239,6.31,HR 2673,
109.80703,-33.72717,6.31,HR 2794,
116.63925,-37.77257,6.31,HIP 37939,
116.91053,-15.99069,6.31,HR 3026,
120.52556,-37.05004,6.31,HR 3155,
122.23686,-11.33965,6.31,HR 3189,
124.81284,-10.16575,6.31,HR 3265,
127.85290,-39.06411,6.31,HR 3373,
128.22203,69.31990,6.31,HR 3332,
129.20320,74.72368,6.31,HR 3352,
138.35759,-38.61647,6.31,HR 3667,
141.28278,-43.97660,6.31,HIP 46194,
141.38542,16.58559,6.31,HR 3736,
144.94755,-10.57027,6.31,37 Hya,
151.29328,52.37130,6.31,HR 3958,
152.14332,83.91837,6.31,HR 3934,
154.65774,-36.80457,6.31,HR 4053,
154.99784,-9.05900,6.31,HR 4060,
163.15038,-0.20166,6.31,HR 4245,
166.61472,-50.95672,6.31,HR 4321,
178.45949,0.55211,6.31,HR 4555,
186.27656,63.80278,6.31,HR 4727,
190.52097,-69.40755,6.31,HR 4820,
191.75961,5.95037,6.31,HR 4854,
193.02268,-48.09429,6.31,HR 4880,
194.38805,-22.75350,6.31,HR 4918,
198.03504,24.25803,6.31,HR 4984,
201.77662,-49.14371,6.31,HR 5061,
205.09698,50.51941,6.31,HR 5148,
209.04363,32.03260,6.31,HR 5245,
213.91106,-45.00076,6.31,HR 5325,
228.38279,22.98340,6.31,HR 5665,
238.95683,58.91177,6.31,HR 5949,
239.26620,-48.16219,6.31,HR 5921,
239.62833,-37.50388,6.31,HR 5935,
247.18096,51.40774,6.31,HR 6150,
259.23853,89.03771,6.31,λ UMi,
259.99813,-5.91751,6.31,HR 6439,
267.11598,-26.97495,6.31,HR 6621,
271.72281,50.82282,6.31,HR 6790,
276.93231,-26.63484,6.31,HR 6909,
278.34619,-38.72003,6.31,κ² CrA,
279.28774,16.19830,6.31,HR 6995,
281.03310,-36.71834,6.31,HR 7026,
285.38966,-15.28262,6.31,HR 7186,
289.71981,9.61807,6.31,HR 7325,
290.76853,-7.40062,6.31,HR 7353,
291.34330,20.27173,6.31,HR 7384,
291.89128,14.28248,6.31,HR 7396,
295.51218,-9.19365,6.31,HIP 96917,
300.36156,-40.81434,6.31,HR 7639,
327.42092,-12.72287,6.31,HR 8337,
331.87485,18.00071,6.31,HR 8436,
337.28850,58.40410,6.31,HIP 110988,
341.98415,-25.91203,6.31,HR 8674,
344.32166,-4.81009,6.31,HR 8727,
344.79314,52.65453,6.31,HR 8744,
359.12478,-24.73722,6.31,HR 9054,
1.26592,-0.50304,6.32,HR 2,
2.25990,-54.00193,6.32,HR 23,
8.97836,13.20707,6.32,HR 145,
25.95894,32.19201,6.32,HR 503,
26.11053,46.13969,6.32,HR 504,
32.52000,-43.81557,6.32,HR 636,
40.62057,10.74173,6.32,HR 797,
44.90960,-32.50720,6.32,HR 903,
48.11000,47.72588,6.32,HR 949,
59.62149,38.84025,6.32,HR 1226,
63.87000,6.18686,6.32,HR 1322,
72.02913,55.60261,6.32,HR 1515,
76.10896,-35.70511,6.32,γ² Cae,
83.73931,-61.17605,6.32,HR 1936,
87.62010,-52.76788,6.32,HR 2044,
91.26076,37.96427,6.32,HR 2137,
91.28429,59.39321,6.32,HR 2121,
95.27264,-11.81732,6.32,HIP 30190,
95.35801,17.76350,6.32,HR 2277,
96.67775,-14.60343,6.32,HIP 30669,
97.17675,-41.07488,6.32,HR 2368,
98.87841,-22.10905,6.32,HIP 31469,
102.65400,-25.77839,6.32,HR 2544,
103.30581,38.43801,6.32,60 Aur,
103.61118,-42.36557,6.32,HR 2591,
105.03451,-20.15843,6.32,HR 2625,
108.48891,-30.33979,6.32,HR 2743,
110.99307,-35.83782,6.32,HR 2829,
111.42909,-31.73872,6.32,HR 2847,
117.36788,-44.75116,6.32,HR 3057,
120.43233,25.08947,6.32,ω² Cnc,4 Cnc
122.10268,-63.80082,6.32,HR 3217,
124.34638,-16.28511,6.32,21 Pup,
126.90329,45.65299,6.32,HR 3309,
129.66789,-19.73690,6.32,HR 3425,
138.85395,-15.02491,6.32,HR 3675,
138.89468,-57.57774,6.32,HR 3693,
143.97036,14.37959,6.32,7 Leo,
149.22540,-27.47515,6.32,HR 3933,
157.47679,65.62623,6.32,35 UMa,
161.09548,-59.99332,6.32,HIP 52526,
174.25508,-32.98818,6.32,HR 4473,
175.15419,-62.56810,6.32,HIP 56961,
175.25651,-83.09994,6.32,HR 4507,
180.25724,-1.76817,6.32,HR 4591,
185.17240,27.05455,6.32,HR 4698,
186.40948,-86.15061,6.32,HR 4709,
193.05106,17.07394,6.32,32 Com,
197.30933,-9.53810,6.32,HR 4959,
197.97114,-63.30299,6.32,HR 4972,
203.62071,-48.27216,6.32,HR 5103,
204.80011,-75.68379,6.32,HR 5115,
210.76698,-17.36701,6.32,HIP 68643,
214.45502,48.00200,6.32,HR 5363,
218.54872,32.53448,6.32,HR 5445,
228.13005,-48.21899,6.32,HR 5650,
232.33797,62.09953,6.32,HR 5768,
234.56588,-28.20667,6.32,HR 5809,
236.41461,0.89104,6.32,HR 5861,
239.06013,-14.39940,6.32,HR 5927,
241.76406,-14.07129,6.32,HR 5996,
241.96620,-24.46235,6.32,HR 5998,
243.66352,-18.53565,6.32,HR 6053,
246.22563,-45.34950,6.32,HR 6099,
252.59271,-2.65436,6.32,HR 6248,
259.12260,60.67061,6.32,HR 6448,
263.57029,-48.52679,6.32,HIP 85975,
269.30970,23.99589,6.32,HR 6697,
271.53095,-0.44613,6.32,HR 6757,
271.77622,49.71044,6.32,HR 6792,
274.50399,-68.22926,6.32,HR 6808,
275.75878,-10.21898,6.32,HR 6878,
280.72958,-19.28421,6.32,HR 7023,
284.74749,50.80914,6.32,HR 7196,
286.44637,29.92167,6.32,HR 7244,
289.65777,49.56946,6.32,HR 7341,
293.87419,-7.46028,6.32,HR 7432,
299.67420,70.36695,6.32,HR 7666,
301.22253,68.02716,6.32,HR 7704,
304.37108,42.72206,6.32,HR 7762,
306.43381,10.05600,6.32,HR 7810,
309.38241,31.57254,6.32,48 Cyg,
312.45108,7.86418,6.32,14 Del,
313.25480,-23.78320,6.32,HR 7989,
315.93115,46.86315,6.32,HR 8074,
319.50198,-64.68158,6.32,HR 8125,
323.57151,-42.92468,6.32,HR 8241,
329.46276,74.99671,6.32,HR 8395,
340.19981,-3.55424,6.32,HR 8629,
348.55987,50.61789,6.32,HR 8837,
349.86422,34.79318,6.32,HR 8873,
356.50516,-40.18256,6.32,HR 9001,
0.60069,8.95682,6.33,31 Psc,
4.67730,-43.23557,6.33,HR 73,
18.52043,28.52958,6.33,HR 363,
20.27175,64.65813,6.33,35 Cas,
25.33884,-79.14820,6.33,τ¹ Hyi,
25.74300,61.42107,6.33,HR 488,
25.81863,45.32265,6.33,HR 495,
26.94903,-37.15948,6.33,HR 528,
26.95005,46.22975,6.33,HR 518,
34.74383,-25.94569,6.33,HR 683,
47.01602,52.21351,6.33,HR 930,
51.54909,-41.63694,6.33,HR 1049,
63.21606,68.50115,6.33,HR 1282,
68.92734,19.88179,6.33,HR 1455,
71.60068,-2.95453,6.33,HR 1522,
74.06491,24.59222,6.33,HR 1575,
76.95753,-12.59266,6.33,HIP 23874,
78.44689,0.56042,6.33,HR 1703,
79.89702,-1.41189,6.33,HR 1748,
81.15042,2.35317,6.33,HR 1786,
82.58648,-7.43481,6.33,HR 1840,
94.57026,46.36044,6.33,43 Aur,
96.44640,-3.88903,6.33,HR 2317,
103.25126,-26.95763,6.33,HR 2567,
110.26293,42.65591,6.33,HR 2775,
113.84025,-74.27496,6.33,HR 2979,
116.77401,-39.33100,6.33,HR 3032,
119.81573,-73.24417,6.33,HR 3171,
126.81842,-31.67273,6.33,HR 3336,
129.03213,15.31363,6.33,HR 3394,
130.97637,-68.21158,6.33,HR 3491,
131.70517,-34.62295,6.33,HR 3490,
139.42623,-54.49483,6.33,HR 3700,
141.95477,-71.78110,6.33,HIP 46407,
143.89084,-19.58339,6.33,HR 3822,
145.55407,-66.91482,6.33,HIP 47591,
153.48568,-40.31077,6.33,HR 4019,
156.05490,2.36802,6.33,HR 4085,
156.65381,-0.98806,6.33,26 Sex,
159.84519,-64.11179,6.33,HIP 52160,
168.41706,41.08884,6.33,HR 4351,
171.60651,33.45061,6.33,HR 4412,
184.20614,86.43582,6.33,HR 4683,
185.48443,47.18220,6.33,HIP 60305,
186.60160,71.92983,6.33,HR 4740,
189.51840,3.28244,6.33,HR 4805,
191.10799,80.62102,6.33,HR 4852,
194.30280,-12.06695,6.33,HIP 63220,
206.73801,6.35037,6.33,HR 5183,
214.94889,38.79405,6.33,HR 5373,
216.55611,-42.31860,6.33,HR 5398,
221.49066,-15.45954,6.33,5 Lib,
227.08142,50.05495,6.33,HR 5648,
229.87521,32.51490,6.33,HR 5702,
234.83906,-23.15022,6.33,HR 5819,
240.33147,-31.88914,6.33,HR 5956,
242.26209,57.93788,6.33,HR 6036,
249.46998,78.91867,6.33,HR 6238,
249.91304,-9.55459,6.33,HR 6189,
253.07397,-67.68163,6.33,HR 6231,
254.00768,-16.80626,6.33,HR 6284,
255.49573,8.45067,6.33,HR 6329,
259.05582,-26.54615,6.33,HIP 84478,
260.66340,-37.80464,6.33,HR 6450,
264.16667,69.57073,6.33,HR 6598,
267.99770,-1.23681,6.33,HR 6659,
269.36244,11.04454,6.33,HR 6696,
272.81160,-19.84196,6.33,HR 6798,
283.38834,75.78737,6.33,HR 7199,
290.53974,-42.01603,6.33,HR 7334,
291.02292,-68.37108,6.33,HR 7320,
294.03480,22.58576,6.33,HR 7452,
294.95608,-23.42770,6.33,53 Sgr,
295.55338,12.19326,6.33,46 Aql,
299.64315,38.10569,6.33,HR 7642,
312.47769,46.66134,6.33,HR 7983,
315.75747,14.73003,6.33,HR 8057,
321.10235,10.17425,6.33,HR 8191,
325.14044,-55.73798,6.33,HR 8271,
329.55544,-5.42492,6.33,HR 8376,
337.89314,29.54276,6.33,HR 8584,
339.94589,19.68113,6.33,41 Peg,
341.84681,58.48303,6.33,HR 8677,
343.29740,40.16736,6.33,HR 8706,
346.78932,-49.60614,6.33,HR 8791,
349.41701,-11.71294,6.33,HR 8856,
350.88311,0.29133,6.33,HR 8897,
357.22475,59.97897,6.33,HR 9019,
2.46711,-62.29679,6.34,HIP 798,
3.77895,31.53572,6.34,HR 52,
21.44295,70.97989,6.34,HR 398,
21.53647,34.57970,6.34,HR 410,
25.14552,8.76077,6.34,HIP 7819,
36.24329,-2.78003,6.34,71 Cet,
61.44463,-20.51256,6.34,HR 1274,
64.08729,-60.94848,6.34,HR 1357,
65.99901,24.30099,6.34,62 Tau,
69.00697,-3.61164,6.34,HR 1462,
71.42694,23.62800,6.34,HR 1512,
74.54547,-2.21274,6.34,HR 1596,
80.08629,-34.69886,6.34,HR 1766,
80.87944,5.32309,6.34,HR 1777,
86.11832,-20.12657,6.34,HR 1980,
88.55844,-29.14721,6.34,HR 2068,
92.09640,41.05573,6.34,HR 2153,
104.83406,7.31697,6.34,HR 2613,
106.50203,-30.65571,6.34,HR 2680,
108.45161,-22.90578,6.34,HR 2733,
108.94707,-23.74028,6.34,HR 2755,
114.32053,-23.77540,6.34,HR 2933,
114.32415,40.02538,6.34,HR 2915,
117.41657,-14.08536,6.34,HIP 38206,
117.83475,-43.09523,6.34,HR 3074,
120.25326,23.58309,6.34,HR 3127,
120.47994,35.41307,6.34,HR 3130,
120.60820,-6.33713,6.34,HR 3150,
121.67337,-48.49739,6.34,HIP 39691,
127.87325,-54.39401,6.34,HR 3382,
129.74958,52.92508,6.34,HR 3405,
130.18141,-57.54549,6.34,HR 3455,
133.10076,5.34031,6.34,HR 3526,
137.98180,5.46863,6.34,HR 3649,
148.04994,0.07561,6.34,HR 3907,
149.48685,45.41430,6.34,HR 3929,
152.00690,-37.33344,6.34,HR 3984,
152.74571,40.66161,6.34,HR 3987,
155.54353,-58.26557,6.34,HIP 50785,
155.96102,-57.95393,6.34,HR 4091,
161.59378,57.36591,6.34,41 UMa,
161.70036,-69.20979,6.34,HIP 52730,
163.38710,-15.44582,6.34,HR 4252,
165.90223,-13.43492,6.34,HR 4308,
167.87318,-71.43619,6.34,HR 4349,
177.84126,-12.18781,6.34,HR 4547,
179.85676,-62.83095,6.34,HIP 58469,
182.44617,74.66137,6.34,HR 4627,
182.93709,57.05441,6.34,68 UMa,
183.30394,-34.12527,6.34,HR 4647,
183.40335,-33.79292,6.34,HR 4651,
183.48531,-78.57393,6.34,HR 4649,
191.11294,44.10300,6.34,HR 4843,
197.11597,-67.79676,6.34,HIP 64117,
199.70136,-79.97602,6.34,HIP 64951,
200.51640,43.90338,6.34,HR 5045,
201.99863,52.74559,6.34,HR 5076,
207.90213,-36.43328,6.34,HR 5208,
210.46119,68.67867,6.34,HR 5282,
212.23442,-59.27671,6.34,HR 5292,
220.49895,-77.01145,6.34,HIP 71870,
221.97895,-12.84001,6.34,HR 5518,
224.53668,-48.86301,6.34,HR 5566,
230.19591,-2.41333,6.34,HR 5706,
253.64982,-30.58734,6.34,HR 6273,
256.72066,-1.65619,6.34,HR 6361,
256.94452,40.51605,6.34,HR 6376,
257.93850,7.89476,6.34,HR 6390,
261.14084,15.60605,6.34,HR 6482,
261.15434,-18.44576,6.34,HR 6473,
265.29580,15.17838,6.34,HR 6589,
271.16754,23.94200,6.34,HR 6754,
272.14056,14.28472,6.34,HR 6784,
281.50477,-19.60636,6.34,HR 7045,
287.46498,-0.42811,6.34,HR 7269,
287.75795,-39.00471,6.34,HR 7268,
290.70146,9.91315,6.34,HR 7354,
292.33707,20.27974,6.34,7 Vul,
296.68610,68.43800,6.34,HR 7563,
302.15949,10.72587,6.34,HR 7700,
302.99124,-12.39240,6.34,ξ¹ Cap,1 Cap
309.15972,-63.12096,6.34,HIP 101684,
310.80702,57.11400,6.34,HR 7940,
311.58849,52.99530,6.34,HR 7962,
315.96723,41.62817,6.34,HR 8071,
316.18906,2.26977,6.34,HR 8068,
331.79017,58.84072,6.34,HR 8442,
342.49677,-32.80546,6.34,HR 8680,
348.26662,29.44152,6.34,HR 8831,
349.78567,-79.47241,6.34,HR 8849,
352.00287,-35.54449,6.34,HR 8914,
358.58919,-27.04291,6.34,HR 9044,
3.79401,27.28344,6.35,HR 53,
4.05790,76.95076,6.35,HR 55,
4.92318,40.72946,6.35,HR 75,
16.45512,4.90837,6.35,77 Psc,
20.62701,-19.08121,6.35,HR 394,
25.05462,53.86828,6.35,HR 470,
25.57372,58.62774,6.35,HR 482,
27.33089,-31.07246,6.35,HR 532,
33.65820,28.69119,6.35,HIP 10446,
37.01817,-64.29977,6.35,HR 734,
40.83431,-40.52790,6.35,HR 814,
40.96351,25.63834,6.35,HR 803,
43.21677,52.99735,6.35,HR 846,
55.04766,-15.22653,6.35,HR 1120,
58.39365,25.68288,6.35,HIP 18201,
59.91872,10.33040,6.35,HR 1233,
67.98728,36.74269,6.35,HIP 21144,
71.95656,-30.02037,6.35,ζ Cae,
80.24723,27.95726,6.35,HR 1750,
82.14489,13.67898,6.35,HR 1819,
85.36218,-33.40074,6.35,HR 1966,
85.51660,22.66033,6.35,HR 1954,
87.84624,-64.03357,6.35,HR 2073,
89.14070,28.94227,6.35,HR 2066,
91.11858,-45.03660,6.35,HR 2157,
96.18228,25.04871,6.35,HIP 30501,
96.21987,16.05713,6.35,HR 2302,
96.68688,-7.51194,6.35,HR 2328,
99.17110,-22.61473,6.35,HR 2433,
99.99117,44.01411,6.35,HR 2434,
101.84774,18.19345,6.35,HR 2499,
113.09280,-35.96119,6.35,HR 2895,
119.31789,1.12703,6.35,HR 3098,
119.80128,-49.97685,6.35,HR 3142,
121.13599,-25.69974,6.35,HIP 39514,
121.79144,43.26037,6.35,28 Lyn,
128.25045,24.08479,6.35,υ² Cnc,32 Cnc
128.85399,2.74345,6.35,HR 3392,
129.80508,-60.31729,6.35,HR 3443,
131.91831,-41.73679,6.35,HR 3497,
133.27474,59.05614,6.35,HR 3506,
154.92516,-65.13724,6.35,HIP 50562,
160.32300,-59.67692,6.35,HR 4188,
161.87754,-69.43773,6.35,HIP 52785,
165.23911,-15.79268,6.35,HR 4297,
168.06162,-32.43379,6.35,HR 4346,
169.64267,-79.66865,6.35,HR 4385,
171.45857,3.86011,6.35,80 Leo,
175.11431,57.97040,6.35,HR 4493,
186.87015,-58.31645,6.35,HIP 60780,
189.69284,40.87466,6.35,9 CVn,
211.11241,-14.97171,6.35,HR 5277,
213.10236,-24.36335,6.35,HR 5309,
214.77982,-27.14115,6.35,HIP 69977,
225.16134,47.27744,6.35,HR 5597,
226.64647,36.45606,6.35,HR 5630,
235.06471,-31.21377,6.35,HR 5822,
241.43565,-6.29113,6.35,HR 5989,
246.88446,2.87063,6.35,HIP 80610,
247.66259,77.44651,6.35,HR 6191,
253.11424,-40.72315,6.35,HIP 82554,
253.81662,13.61991,6.35,HR 6290,
254.42628,24.38126,6.35,HR 6307,
255.96942,19.69051,6.35,HR 6343,
257.22717,-3.88299,6.35,HR 6372,
260.38935,16.73123,6.35,HR 6463,
273.99138,-3.61799,6.35,HR 6830,
275.94987,53.30084,6.35,HR 6911,
280.59428,-64.64304,6.35,HR 6996,
281.32773,-21.00162,6.35,HR 7038,
284.54183,-83.42220,6.35,HIP 93117,
285.10338,-24.94217,6.35,HR 7168,
285.52932,52.26106,6.35,HR 7229,
287.87909,26.73587,6.35,HR 7280,
293.44179,5.46571,6.35,HIP 96204,
304.73974,39.00418,6.35,HIP 100155,
306.50665,13.91161,6.35,HIP 100781,
307.73667,-29.11267,6.35,HR 7832,
308.21816,-24.94383,6.35,HR 7842,
313.35399,-30.71895,6.35,HR 7991,
321.09639,24.52839,6.35,HR 8197,
323.47703,-82.68308,6.35,HR 8176,
338.19545,15.86326,6.35,HR 8587,
342.32274,-70.34798,6.35,HR 8672,
344.67761,7.34007,6.35,HR 8738,
349.32861,75.29903,6.35,HR 8867,
349.92977,-33.70805,6.35,HR 8871,
352.36245,-1.79121,6.35,11 Psc,
354.12714,32.90422,6.35,HR 8955,
0.18179,45.25333,6.36,HR 9080,
16.80382,-23.99633,6.36,HR 325,
19.35049,31.74462,6.36,HR 374,
20.83896,58.14299,6.36,HR 391,
29.47231,-65.42470,6.36,HR 584,
34.85319,-41.84837,6.36,HR 686,
38.86624,39.66438,6.36,HR 746,
42.69916,-39.93222,6.36,HR 853,
47.77202,-13.26428,6.36,HIP 14797,
50.56785,-25.58780,6.36,HR 1018,
61.03628,-16.58873,6.36,HR 1263,
63.39883,-40.35776,6.36,HR 1323,
64.76203,-33.90462,6.36,HR 1359,
72.65162,70.94153,6.36,HR 1510,
73.74316,19.48539,6.36,HR 1566,
78.64807,76.47276,6.36,HR 1650,
81.81417,2.34120,6.36,HIP 25505,
84.44085,33.55917,6.36,HR 1904,
90.42345,22.40100,6.36,HR 2116,
92.33415,-18.12638,6.36,HR 2182,
98.97516,-36.08863,6.36,HR 2431,
99.21364,-41.55714,6.36,HR 2445,
100.49679,6.34542,6.36,HR 2467,
100.90308,-73.11821,6.36,HR 2531,
103.97821,-31.79018,6.36,HR 2598,
104.53148,-27.16438,6.36,HR 2614,
108.49169,71.81658,6.36,HR 2681,
110.57160,59.90200,6.36,47 Cam,
112.16625,27.55294,6.36,HIP 36325,
118.15183,55.20944,6.36,HR 3039,
118.75179,-52.58333,6.36,HR 3100,
119.56897,43.97737,6.36,HR 3094,
122.15685,-37.68122,6.36,HR 3195,
127.40163,-55.19094,6.36,HR 3368,
128.24376,-34.63404,6.36,HR 3385,
128.25775,-45.75291,6.36,HIP 41941,
132.75611,15.35065,6.36,54 Cnc,
133.72517,-58.23966,6.36,HR 3568,
138.21091,-60.91677,6.36,HIP 45214,
145.67960,48.43100,6.36,HR 3854,
147.46397,-36.26846,6.36,HR 3897,
151.42050,15.75751,6.36,HR 3969,
153.53734,-23.81395,6.36,HIP 50142,
155.92399,29.61586,6.36,HR 4078,
160.21476,-35.74172,6.36,HR 4183,
163.11942,-79.55944,6.36,HR 4268,
164.14346,25.50024,6.36,50 LMi,
164.45079,-59.73219,6.36,HR 4276,
179.79453,-45.83222,6.36,HIP 58452,
184.43442,15.14470,6.36,HR 4676,
185.81083,-67.63155,6.36,HR 4710,
186.92533,8.61034,6.36,HR 4741,
199.37439,-0.67607,6.36,HR 5014,
203.39958,-65.63269,6.36,HR 5093,
209.95533,-3.54979,6.36,HR 5258,
210.40338,17.66839,6.36,HIP 68516,
213.58880,-5.94772,6.36,HR 5322,
216.41574,-66.17292,6.36,HR 5382,
216.70782,-39.87399,6.36,HR 5400,
217.40323,41.79591,6.36,HR 5423,
224.14898,-39.41602,6.36,HR 5561,
228.49662,-61.34298,6.36,HIP 74552,
230.27866,24.95802,6.36,HR 5711,
233.58690,-39.34921,6.36,HR 5773,
243.13404,75.21068,6.36,20 UMi,
249.17892,15.49746,6.36,HR 6176,
253.08019,-41.85451,6.36,HR 6249,
254.45908,42.51245,6.36,HR 6313,
259.58545,-32.55311,6.36,HR 6422,
260.14049,48.18879,6.36,HR 6467,
260.42318,-24.90610,6.36,HIP 84947,
262.44727,-5.91948,6.36,HR 6512,
263.42825,14.84160,6.36,HR 6543,
265.15645,43.47067,6.36,HR 6599,
265.95171,-13.50870,6.36,HR 6600,
269.10094,-65.72174,6.36,HIP 87822,
270.06531,0.62948,6.36,HR 6709,
270.22025,6.26829,6.36,HR 6719,
272.29260,30.46953,6.36,HR 6799,
273.17757,41.14684,6.36,HR 6824,
274.34892,-28.28898,6.36,HR 6836,
276.01495,-3.58316,6.36,HR 6890,
277.30363,-43.84594,6.36,HR 6915,
278.08607,-14.64427,6.36,HR 6956,
278.34462,-5.91172,6.36,HR 6963,
278.99851,-29.69910,6.36,HR 6972,
279.90366,5.26429,6.36,HR 7008,
289.54071,-53.38709,6.36,HR 7297,
294.70413,3.38152,6.36,HR 7471,
296.20439,40.71680,6.36,HR 7523,
302.78093,-57.52424,6.36,HR 7691,
303.93019,50.23290,6.36,HR 7755,
308.94921,-44.33761,6.36,HIP 101623,
310.04888,-23.77387,6.36,HR 7898,
313.28070,29.64910,6.36,HR 7999,
315.36675,-68.20959,6.36,HR 8019,
319.07136,44.23822,6.36,HIP 105017,
324.05827,30.05542,6.36,HR 8261,
328.57259,19.71812,6.36,HR 8364,
330.50572,10.97381,6.36,HR 8397,
331.14382,32.94174,6.36,HR 8412,
332.37066,-23.65911,6.36,HIP 109375,
332.56380,72.11127,6.36,HR 8473,
332.59182,14.62986,6.36,HR 8456,
337.57229,-14.58573,6.36,56 Aqr,
340.38044,30.96586,6.36,HR 8638,
342.08891,-61.68436,6.36,HR 8669,
343.87748,-20.13940,6.36,HIP 113204,
348.65202,24.10290,6.36,HR 8839,
357.29961,58.96320,6.36,HR 9020,
358.10299,75.54459,6.36,HR 9038,
20.49574,76.23880,6.37,HR 381,
22.42839,-25.61775,6.37,HIP 6971,
27.45360,-38.40280,6.37,HR 535,
29.03918,-49.83645,6.37,HIP 9022,
29.61117,-33.06679,6.37,HR 576,
33.99050,47.81194,6.37,HR 653,
46.16936,15.85602,6.37,HR 924,
47.64744,-23.73855,6.37,HR 953,
50.91246,4.88211,6.37,HR 1023,
52.58080,71.86390,6.37,HR 1032,
53.42182,57.86872,6.37,HR 1071,
59.11525,-13.59753,6.37,HIP 18428,
61.83917,-64.22229,6.37,HR 1294,
66.50562,4.37345,6.37,HIP 20698,
68.02004,5.41003,6.37,HR 1436,
68.65892,-24.04050,6.37,HIP 21324,
77.43550,64.91949,6.37,HR 1647,
79.82265,-18.51992,6.37,HR 1753,
89.14348,-23.21531,6.37,HR 2090,
92.75737,18.13047,6.37,HR 2184,
93.43875,-23.86194,6.37,HR 2225,
93.97488,1.16908,6.37,HR 2236,
96.18290,-28.78011,6.37,HR 2318,
101.05218,36.10926,6.37,HR 2471,
102.91407,3.04199,6.37,HR 2543,
106.28745,47.77504,6.37,HR 2645,
113.98326,43.03096,6.37,HR 2898,
114.55987,24.36044,6.37,HR 2926,
116.18278,-66.07193,6.37,HR 3036,
117.92037,-12.81940,6.37,8 Pup,
119.80650,-49.97377,6.37,HR 3143,
122.18158,-20.36317,6.37,HR 3190,
130.99908,4.33456,6.37,HR 3458,
136.53176,-64.49985,6.37,HR 3632,
137.80297,80.82891,6.37,HIP 45097,
145.08362,-10.76919,6.37,HR 3848,
157.15218,45.21221,6.37,HR 4103,
163.05705,1.02497,6.37,HR 4244,
177.73059,12.27904,6.37,HR 4543,
181.49922,-3.13159,6.37,HR 4613,
187.51990,-13.39318,6.37,HR 4758,
198.85712,-69.67928,6.37,HR 4994,
200.76084,-48.56279,6.37,HR 5039,
203.59110,38.78927,6.37,HR 5108,
219.85221,-49.05532,6.37,HR 5458,
257.52615,-61.67546,6.37,HR 6356,
260.38016,28.75810,6.37,HR 6466,
262.00974,-8.20837,6.37,HR 6504,
264.08925,27.56664,6.37,HIP 86153,
265.27285,24.51325,6.37,HR 6592,
268.00376,46.64357,6.37,HR 6674,
271.36150,-81.48657,6.37,HR 6646,
276.48012,14.96623,6.37,HR 6906,
282.68979,10.97639,6.37,HR 7099,
284.86158,-18.56643,6.37,HR 7164,
285.77916,-19.10302,6.37,HR 7205,
290.89168,33.22197,6.37,HR 7368,
292.33901,-7.04409,6.37,HR 7402,
292.80648,55.73184,6.37,HR 7428,
293.85471,2.91361,6.37,HR 7438,
294.06536,14.39107,6.37,HR 7449,
294.85557,16.57112,6.37,HR 7475,
294.96729,-66.68551,6.37,HR 7435,
295.79486,38.67171,6.37,HIP 97029,
301.36060,15.50041,6.37,HR 7680,
307.99254,25.80498,6.37,HR 7849,
315.85862,50.35191,6.37,HR 8072,
327.90521,65.75271,6.37,HR 8361,
332.17767,-33.12569,6.37,HR 8437,
338.96661,56.07057,6.37,HR 8607,
341.39371,30.44256,6.37,HIP 112368,
343.52352,-19.17515,6.37,HIP 113080,
345.68812,44.05875,6.37,HR 8768,
351.03696,41.61287,6.37,HIP 115530,
352.02163,-11.44975,6.37,HR 8917,
78.38875,-8.14778,6.37,HR 1704,
1.08465,-29.26882,6.38,HR 9102,
9.94871,82.49376,6.38,HR 158,
12.73894,51.50803,6.38,HR 238,
24.63261,45.39971,6.38,HR 465,
26.50438,-27.34883,6.38,HR 517,
32.13983,44.45943,6.38,HR 619,
32.87165,57.64554,6.38,5 Per,
42.98432,-30.81452,6.38,HR 858,
45.87564,28.26991,6.38,HR 916,
46.94725,47.30871,6.38,HR 933,
52.97352,-25.61415,6.38,HR 1082,
65.78232,-35.54481,6.38,HR 1386,
66.32964,-44.16090,6.38,HR 1404,
67.21662,30.36149,6.38,HR 1406,
77.05524,-15.09535,6.38,HIP 23908,
82.68783,39.82592,6.38,HR 1825,
85.92138,-45.83286,6.38,HR 1984,
87.39219,-44.87539,6.38,HR 2032,
90.72290,43.37833,6.38,HR 2115,
97.90598,15.90350,6.38,19 Gem,
109.26416,26.68949,6.38,HIP 35253,
111.61578,10.60807,6.38,HR 2836,
112.21419,-64.50980,6.38,HR 2888,
112.78660,11.20298,6.38,HIP 36553,
114.43760,-38.01042,6.38,HR 2945,
116.93837,-16.01448,6.38,HR 3027,
117.72263,0.07956,6.38,HIP 38306,
123.42113,-33.56953,6.38,HR 3238,
128.13900,-15.03014,6.38,HR 3374,
128.21504,-31.50085,6.38,HR 3384,
132.46818,-39.14160,6.38,HR 3517,
132.95848,-44.15093,6.38,HIP 43520,
138.33978,-29.66437,6.38,HIP 45249,
153.35322,-33.03172,6.38,HR 4013,
154.88477,-5.10615,6.38,HR 4059,
161.52367,6.37318,6.38,HR 4207,
165.27374,63.42111,6.38,HR 4286,
173.48458,36.81561,6.38,HR 4452,
175.72753,-79.30639,6.38,HR 4509,
178.68594,-66.37620,6.38,HIP 58085,
184.87310,28.15692,6.38,9 Com,
188.49650,-49.90981,6.38,HR 4782,
190.99444,-36.34915,6.38,HR 4838,
213.67067,21.87339,6.38,HR 5333,
214.10124,39.74471,6.38,HR 5347,
220.46349,-30.93316,6.38,HR 5474,
223.72520,-69.86096,6.38,HIP 72983,
225.53572,-7.57530,6.38,HIP 73571,
232.30049,16.39562,6.38,HIP 75810,
240.51867,-51.12077,6.38,HIP 78540,
252.03700,13.59030,6.38,HR 6239,
254.38350,13.88411,6.38,HR 6301,
256.54018,9.73387,6.38,HR 6358,
256.55437,10.45388,6.38,HR 6359,
261.50361,26.87873,6.38,HR 6499,
262.35670,-38.51692,6.38,HR 6503,
265.77315,44.08432,6.38,HR 6612,
271.25334,41.94629,6.38,HR 6767,
272.40612,38.45778,6.38,HR 6806,
272.43075,-13.93444,6.38,HR 6785,
272.48989,-59.04018,6.38,HR 6760,
291.61032,62.55714,6.38,HR 7413,
296.41523,36.09102,6.38,HR 7529,
299.72061,-68.76258,6.38,HR 7588,
301.27256,-11.59941,6.38,HR 7671,
305.51274,41.13214,6.38,HR 7795,
306.59780,56.63870,6.38,HR 7827,
309.46760,-25.10922,6.38,HR 7877,
311.94950,3.30647,6.38,HR 7954,
313.27332,-11.57366,6.38,HR 7994,
318.42696,64.40395,6.38,HR 8133,
318.65438,0.09226,6.38,HR 8121,
321.03303,-22.74710,6.38,HR 8184,
321.21531,-3.39836,6.38,20 Aqr,
327.55408,-16.84491,6.38,HR 8340,
331.26443,14.81592,6.38,HIP 109009,
331.55649,56.34340,6.38,HR 8434,
334.12353,27.80403,6.38,HR 8503,
335.46195,42.07816,6.38,HR 8528,
339.57250,45.18294,6.38,HR 8617,
344.59859,-1.41021,6.38,HR 8735,
346.77093,35.63649,6.38,HIP 114152,
350.61908,25.91848,6.38,HIP 115389,
354.51262,-15.09511,6.38,HIP 116624,
268.43958,-34.78611,6.38,HR 6660,
5.71576,-12.20944,6.39,9 Cet,
8.73069,13.37114,6.39,HR 141,
11.65970,69.32541,6.39,HR 200,
12.82635,3.38502,6.39,HR 243,
14.22936,68.77566,6.39,HR 261,
19.55787,57.80317,6.39,HIP 6093,
23.03157,34.79996,6.39,HR 438,
23.96895,41.07642,6.39,HR 452,
24.18136,7.83153,6.39,HIP 7505,
31.71687,-19.13887,6.39,HIP 9862,
36.36030,-66.49403,6.39,HR 722,
51.48265,-35.92088,6.39,χ¹ For,
53.63994,-31.87480,6.39,HR 1095,
60.31181,36.98948,6.39,HR 1234,
64.46600,80.53578,6.39,HIP 20039,
80.16953,66.74688,6.39,HIP 24955,
82.23713,-3.30743,6.39,HR 1826,
91.12128,51.57339,6.39,HR 2123,
94.09914,17.18161,6.39,HR 2235,
96.46803,11.12588,6.39,HIP 30602,
98.36113,-20.92396,6.39,HR 2403,
99.40373,10.85329,6.39,HR 2426,
103.53579,-5.85219,6.39,HR 2570,
105.20727,-33.46553,6.39,HR 2641,
111.67173,11.00883,6.39,HR 2840,
114.00670,-55.88771,6.39,HR 2941,
116.68630,-12.67531,6.39,HR 3019,
123.58747,13.04830,6.39,HR 3231,
127.79430,-47.86662,6.39,HR 3375,
130.02675,20.00779,6.39,39 Cnc,
133.17007,-52.12891,6.39,HR 3542,
133.98294,-23.81830,6.39,HR 3559,
135.41987,39.71352,6.39,HR 3586,
135.77224,-53.55037,6.39,HR 3611,
136.86214,22.98087,6.39,HR 3617,
144.48442,73.08039,6.39,HR 3806,
145.67230,-35.50171,6.39,HR 3867,
149.02224,-40.82455,6.39,HR 3930,
149.09124,-51.33616,6.39,HR 3935,
155.88608,-3.64285,6.39,HIP 50893,
166.60120,-64.83997,6.39,HR 4326,
168.14500,-21.74934,6.39,HR 4348,
180.93518,5.55775,6.39,HIP 58809,
185.90312,-39.30236,6.39,HR 4713,
185.94929,-30.33542,6.39,HIP 60468,
189.75909,22.65950,6.39,HR 4812,
189.82024,35.95196,6.39,HR 4816,
190.76733,61.15542,6.39,HR 4840,
207.74706,68.31530,6.39,HR 5227,
211.06067,-5.38142,6.39,HR 5276,
211.60484,-59.71590,6.39,HR 5281,
212.05952,-63.20795,6.39,HR 5289,
216.00825,27.41318,6.39,HIP 70385,
217.73592,-40.84512,6.39,HR 5417,
218.33445,36.95902,6.39,HR 5441,
218.82108,-60.01564,6.39,HR 5432,
219.02863,23.25036,6.39,HR 5454,
220.86726,-62.96667,6.39,HIP 72000,
224.15976,-62.36442,6.39,HIP 73118,
232.70496,-71.65414,6.39,HIP 75959,
232.84294,36.61660,6.39,HR 5769,
238.05337,-29.88655,6.39,HR 5893,
241.49922,-6.13975,6.39,HR 5990,
243.02727,39.05552,6.39,HIP 79385,
244.54081,68.55455,6.39,HR 6101,
268.61140,75.17131,6.39,HR 6735,
272.49984,-32.71963,6.39,HR 6777,
275.27977,49.72547,6.39,HR 6886,
281.95496,-77.86825,6.39,HR 6994,
285.45155,33.62126,6.39,HR 7212,
288.11682,-21.65838,6.39,HR 7276,
293.75514,52.50202,6.39,HIP 96316,
296.15905,34.41416,6.39,HR 7520,
299.00680,-81.34984,6.39,HR 7494,
300.70338,31.95883,6.39,HIP 98701,
302.02710,16.66439,6.39,HR 7696,
302.79200,-8.84234,6.39,HR 7709,
306.78239,34.32907,6.39,HR 7823,
309.96615,11.24965,6.39,HR 7907,
320.25594,40.34507,6.39,HR 8170,
322.10349,8.19565,6.39,HR 8219,
322.25049,-53.70591,6.39,HR 8211,
323.81648,-23.45431,6.39,HR 8247,
329.09994,21.23986,6.39,HR 8372,
330.46934,-77.66254,6.39,HR 8370,
330.60938,-16.96484,6.39,29 Aqr,
333.18279,-4.72068,6.39,HR 8467,
334.51780,-0.23766,6.39,HR 8507,
337.92216,-10.90556,6.39,58 Aqr,
338.95335,-17.46042,6.39,61 Aqr,
340.76799,47.16875,6.39,HR 8652,
343.64844,16.94183,6.39,HR 8714,
346.32346,1.30713,6.39,HR 8785,
350.05989,61.97013,6.39,HR 8881,
352.75476,-6.28808,6.39,HR 8928,
352.98986,-1.08588,6.39,13 Psc,
6.99362,19.51404,6.40,46 Psc,
9.32591,-54.39382,6.40,HR 162,
15.12880,70.98299,6.40,HR 278,
17.54978,-8.90614,6.40,32 Cet,
18.29097,61.70619,6.40,HR 354,
30.61778,-29.66564,6.40,HR 606,
32.34629,17.22420,6.40,HR 624,
35.48099,57.24292,6.40,HIP 11020,
39.50313,7.69528,6.40,HR 770,
41.07963,17.76393,6.40,36 Ari,
49.41690,31.12705,6.40,HIP 15323,
50.18834,-26.60651,6.40,HR 1013,
50.38929,-47.77666,6.40,HR 1021,
54.44929,15.43055,6.40,HR 1102,
55.63626,-85.26196,6.40,HR 1271,
69.33025,-41.87294,6.40,HIP 21525,
73.29078,52.84116,6.40,HR 1546,
77.68579,-25.91046,6.40,HR 1694,
80.11003,-5.36753,6.40,HR 1759,
83.89961,-3.25284,6.40,HR 1900,
84.81761,-17.84941,6.40,HR 1944,
85.33740,29.48742,6.40,HR 1945,
88.16527,39.57471,6.40,HR 2025,
94.46559,-52.73303,6.40,HR 2278,
96.49512,-7.89498,6.40,HR 2321,
104.86638,25.91417,6.40,40 Gem,
106.50510,59.80185,6.40,HR 2642,
110.55588,38.99594,6.40,HR 2792,
113.35345,37.18790,6.40,HIP 36740,
114.03088,-22.16051,6.40,HR 2923,
114.85081,-16.84729,6.40,HIP 37289,
115.54259,-58.63092,6.40,HR 3006,
116.05857,12.86007,6.40,HR 2987,
121.45680,-0.57332,6.40,HR 3172,
123.21482,-37.92447,6.40,HR 3233,
125.53971,74.82036,6.40,HIP 41011,
128.62377,-27.09816,6.40,HIP 42071,
139.46399,11.50115,6.40,HR 3689,
139.94973,-34.10334,6.40,HR 3710,
140.34835,45.37010,6.40,HIP 45888,
144.46461,-9.42445,6.40,34 Hya,
144.93807,-62.94292,6.40,HIP 47422,
151.89883,-48.26082,6.40,HIP 49619,
162.20778,65.13249,6.40,HR 4215,
163.86342,-43.02053,6.40,HIP 53411,
166.68345,17.73736,6.40,HIP 54319,
168.04546,68.27187,6.40,HR 4340,
172.72089,47.92892,6.40,HR 4435,
174.75183,-24.72109,6.40,HR 4489,
182.63179,16.80927,6.40,3 Com,
189.19425,-50.33539,6.40,HIP 61557,
201.81109,-40.16266,6.40,HR 5065,
202.42827,-23.28133,6.40,HR 5080,
206.79528,-62.58971,6.40,HR 5171,
213.83882,-53.50994,6.40,HR 5319,
217.21631,-47.99209,6.40,HIP 70809,
220.47597,21.12355,6.40,HR 5483,
226.73322,-52.02978,6.40,HIP 73966,
233.35133,-40.49085,6.40,HIP 76165,
239.97974,-78.02728,6.40,HIP 78360,
241.02584,-59.17618,6.40,HIP 78710,
243.43957,-24.42209,6.40,HR 6042,
244.24563,-53.69623,6.40,HIP 79787,
244.24667,-20.10409,6.40,HIP 79788,
250.31973,1.24544,6.40,HIP 81691,
254.10540,65.03912,6.40,20 Dra,
255.27927,-56.55508,6.40,HIP 83269,
264.03375,28.18509,6.40,HR 6564,
265.82379,-27.88398,6.40,HR 6593,
271.95154,-64.55018,6.40,HR 6740,
278.37275,-58.70878,6.40,HR 6939,
280.42692,-14.56424,6.40,HR 7014,
281.40861,79.94267,6.40,HR 7160,
289.71227,0.33902,6.40,24 Aql,
290.94554,20.26436,6.40,HR 7364,
309.03474,25.88265,6.40,26 Vul,
319.72582,-28.76582,6.40,HR 8142,
320.31916,-49.93825,6.40,HR 8152,
326.30166,52.26758,6.40,HIP 107398,
335.16467,50.98081,6.40,HR 8519,
340.80944,-6.96294,6.40,67 Aqr,
343.81208,-36.38858,6.40,HR 8713,
353.88363,-7.46443,6.40,HR 8951,
355.63095,61.67936,6.40,HR 8990,
2.13693,63.20404,6.41,HIP 695,
8.33010,70.98184,6.41,HR 129,
8.43255,-35.00208,6.41,HIP 2663,
11.67693,59.57454,6.41,HR 207,
16.75053,56.93497,6.41,HR 316,
17.53073,-57.69442,6.41,HR 350,
23.71488,-23.69968,6.41,HIP 7363,
44.38594,-38.19093,6.41,HR 893,
47.33388,20.76112,6.41,HIP 14649,
49.38139,65.65837,6.41,HR 967,
52.26585,3.24870,6.41,HIP 16226,
52.95432,49.40109,6.41,HR 1059,
54.50074,42.58284,6.41,HR 1097,
63.00114,-17.27473,6.41,HIP 19601,
67.03944,-41.95983,6.41,HR 1429,
81.66178,6.86866,6.41,HR 1807,
82.00389,33.76370,6.41,HIP 25580,
82.00613,1.29825,6.41,HR 1820,
85.41807,-2.89646,6.41,HR 1959,
90.53886,-60.09683,6.41,HR 2151,
95.29965,29.54082,6.41,HR 2272,
95.82705,3.76449,6.41,HR 2292,
103.18930,-59.34119,6.41,HR 2592,
104.68208,-30.99804,6.41,HR 2621,
115.34052,-44.63217,6.41,HR 2984,
120.18390,-2.88192,6.41,HR 3135,
128.63310,-32.59874,6.41,HR 3397,
131.33654,-2.60106,6.41,HR 3472,
132.68802,18.83218,6.41,HR 3504,
133.16124,-36.54534,6.41,HR 3534,
140.88243,25.18284,6.41,HR 3723,
144.40632,60.21368,6.41,HIP 47231,
150.70590,-62.15667,6.41,HR 3967,
157.66352,-61.35647,6.41,HR 4128,
165.10652,51.50210,6.41,HR 4283,
168.13494,35.81408,6.41,HR 4345,
170.01729,-71.99434,6.41,HR 4389,
180.61896,-71.48898,6.41,HR 4596,
186.11169,25.58240,6.41,HR 4719,
188.13672,-21.21212,6.41,HIP 61208,
190.86816,-58.90274,6.41,HR 4835,
204.53178,-58.41465,6.41,HR 5122,
213.72091,3.33588,6.41,HR 5331,
215.81399,-47.41696,6.41,HIP 70320,
223.34728,15.70517,6.41,HR 5550,
226.70442,-16.48436,6.41,22 Lib,
236.24826,-50.78546,6.41,HIP 77138,
236.85645,-40.19421,6.41,HR 5862,
237.00747,31.73561,6.41,HR 5877,
243.62036,-21.10764,6.41,HR 6051,
245.73540,32.33301,6.41,HR 6110,
254.76072,69.18625,6.41,HR 6345,
255.57127,31.88412,6.41,HR 6336,
266.78039,-38.11216,6.41,HR 6613,
267.47088,-61.71470,6.41,HIP 87264,
268.49223,-34.83105,6.41,HR 6663,
270.81068,19.61316,6.41,HR 6744,
275.98866,38.73921,6.41,HR 6901,
278.02870,3.65960,6.41,HR 6958,
280.42212,31.61761,6.41,HR 7030,
306.17398,1.36856,6.41,HIP 100672,
307.18162,-15.74150,6.41,HR 7819,
308.77632,-71.18878,6.41,HIP 101570,
311.83653,45.57993,6.41,HR 7966,
313.52738,-27.92524,6.41,HR 7997,
316.17350,2.94227,6.41,HR 8067,
319.30641,-13.27899,6.41,HR 8134,
322.39374,6.58138,6.41,HIP 106103,
323.67820,1.82916,6.41,HIP 106544,
328.98181,-30.60592,6.41,HR 8365,
329.29623,66.15615,6.41,HR 8384,
332.06786,49.79699,6.41,HR 8445,
335.15109,-57.50978,6.41,HR 8509,
337.50617,-12.91512,6.41,HR 8565,
337.52714,49.35641,6.41,HR 8575,
338.07794,54.03703,6.41,HR 8589,
346.79353,59.72739,6.41,HR 8803,
348.59049,29.77183,6.41,HR 8838,
350.14391,62.21326,6.41,HR 8886,
352.92930,28.40349,6.41,HR 8933,
353.12095,23.84361,6.41,HIP 116187,
357.16268,64.87645,6.41,HR 9017,
21.61395,-0.39903,6.42,HR 416,
21.86114,41.10116,6.42,HR 418,
27.90750,-6.87414,6.42,HIP 8664,
29.29003,-10.24243,6.42,HIP 9094,
47.53683,27.81977,6.42,HR 945,
53.16240,44.85576,6.42,HR 1072,
53.21463,-61.01687,6.42,HR 1096,
66.06034,12.15799,6.42,HIP 20558,
72.73554,-53.45970,6.42,ι Pic,
74.03738,7.90470,6.42,HIP 22938,
75.96719,-14.37023,6.42,HR 1640,
77.90964,29.90358,6.42,HIP 24193,
79.17101,1.94733,6.42,HR 1724,
83.43473,-54.90229,6.42,HR 1912,
84.86295,21.76293,6.42,HR 1929,
89.94094,55.32086,6.42,HR 2079,
91.66325,63.45384,6.42,HR 2126,
96.53979,-3.51569,6.42,HIP 30627,
102.88572,-48.29275,6.42,HR 2563,
108.83087,-0.16128,6.42,24 Mon,
110.50856,-8.97938,6.42,HR 2806,
112.21932,46.31462,6.42,HIP 36351,
115.92884,-38.20188,6.42,HR 3001,
117.38465,12.81425,6.42,HIP 38196,
119.52456,7.21353,6.42,HR 3103,
122.75702,-37.29237,6.42,HR 3219,
124.44230,-36.06759,6.42,HIP 40639,
124.56009,15.67792,6.42,HIP 40675,
125.68361,60.63124,6.42,HR 3263,
127.12147,-2.51713,6.42,HR 3337,
130.09203,19.66994,6.42,HR 3428,
130.73749,-35.94330,6.42,HR 3463,
132.06095,-28.63880,6.42,HIP 43215,
132.15605,-1.04484,6.42,HIP 43246,
133.46149,-40.44754,6.42,HR 3548,
139.98234,74.01660,6.42,HR 3666,
147.84007,-6.18193,6.42,HR 3901,
150.30000,-56.09656,6.42,HIP 49092,
151.09737,-39.97586,6.42,HR 3968,
153.33829,-61.65883,6.42,HR 4022,
154.74475,46.76078,6.42,HR 4044,
154.75296,24.71214,6.42,HR 4048,
157.01607,48.78490,6.42,HR 4098,
157.07613,-63.16457,6.42,HIP 51265,
157.26543,-65.17624,6.42,HIP 51327,
159.46778,34.07862,6.42,36 LMi,
162.37004,63.81003,6.42,HIP 52929,
168.92816,-57.35588,6.42,HIP 55003,
178.24230,37.71868,6.42,Groombridge 1830,
179.52994,32.27391,6.42,HR 4574,
179.72656,-25.90886,6.42,HR 4579,
191.96421,3.57272,6.42,35 Vir,
193.38381,19.48106,6.42,HIP 62904,
202.19091,50.71857,6.42,HR 5083,
202.31215,-1.36443,6.42,HR 5078,
206.30598,10.32531,6.42,HIP 67104,
206.56052,-54.68337,6.42,HIP 67199,
209.49531,-25.99808,6.42,HIP 68224,
212.88001,1.36240,6.42,HR 5307,
214.97168,-6.74617,6.42,HIP 70038,
216.09235,-82.84825,6.42,HR 5327,
240.29466,-63.77654,6.42,HR 5939,
248.85954,17.05734,6.42,HR 6169,
258.61523,-39.76665,6.42,HR 6392,
260.65815,-35.91070,6.42,HR 6454,
261.73041,-25.94346,6.42,HR 6490,
261.93366,8.44204,6.42,HIP 85450,
263.06200,11.93005,6.42,HR 6532,
270.11525,19.50579,6.42,HR 6720,
272.16078,-21.44956,6.42,HIP 88876,
278.34710,8.26825,6.42,HR 6967,
289.25218,-65.22770,6.42,HIP 94770,
290.65721,-51.23128,6.42,HIP 95239,
295.51727,55.46322,6.42,HR 7509,
297.21082,33.43728,6.42,HR 7551,
308.49969,4.89866,6.42,HIP 101489,
308.69745,-30.47347,6.42,HR 7856,
312.69645,-32.05460,6.42,HR 7970,
313.00162,32.84889,6.42,HR 7996,
319.32830,58.61149,6.42,HR 8153,
322.24965,17.90591,6.42,HR 8221,
323.01201,-84.81007,6.42,HR 8129,
323.72084,-29.69612,6.42,HR 8244,
335.68416,-45.94794,6.42,π¹ Gru,
339.15138,11.69664,6.42,HR 8605,
346.00324,6.61634,6.42,HR 8776,
0.09957,26.91811,6.43,HR 9078,
1.93380,-2.54868,6.43,HR 11,
3.97858,61.00017,6.43,HIP 1269,
5.76831,-15.94256,6.43,HIP 1821,
9.15674,-65.12444,6.43,HR 160,
9.37704,3.13535,6.43,HR 161,
9.70324,-25.10782,6.43,HIP 3056,
21.84712,-22.33823,6.43,HIP 6789,
23.96073,-39.94713,6.43,HIP 7443,
24.46695,-3.44068,6.43,HIP 7597,
28.83195,-60.31248,6.43,HIP 8957,
31.05195,-11.85977,6.43,HIP 9655,
33.42338,58.56059,6.43,HR 641,
33.47314,-9.06463,6.43,HIP 10396,
53.75426,60.04143,6.43,HR 1077,
56.51208,24.52790,6.43,22 Tau,
62.69113,-35.27379,6.43,HR 1299,
73.37705,-66.67541,6.43,HR 1598,
77.40272,69.63940,6.43,Mago,
80.18233,2.54478,6.43,HIP 24960,
84.57258,-50.64099,6.43,HIP 26515,
93.30208,10.62714,6.43,HR 2208,
96.89800,32.56295,6.43,HR 2319,
99.88117,24.60016,6.43,HR 2439,
101.21648,-27.34167,6.43,HR 2493,
107.52786,21.24698,6.43,HR 2692,
110.61799,0.70083,6.43,HIP 35751,
115.08756,-11.75255,6.43,HIP 37375,
117.75033,-24.52856,6.43,HR 3060,
123.96046,60.38060,6.43,HR 3221,
124.49283,-30.00370,6.43,HR 3261,
127.08245,-8.81628,6.43,HR 3338,
132.03657,-42.46345,6.43,HR 3501,
133.27215,-16.95247,6.43,HIP 43623,
136.19993,-57.85257,6.43,HR 3622,
143.07664,-28.62777,6.43,HR 3798,
143.28203,-39.12907,6.43,HR 3812,
149.43292,-1.94175,6.43,HIP 48839,
151.03513,3.20106,6.43,13 Sex,
152.90920,13.35511,6.43,34 Leo,
159.31716,-53.85526,6.43,HIP 51984,
161.13496,-70.85525,6.43,HR 4212,
167.99102,-26.80611,6.43,HIP 54703,
170.45549,57.07486,6.43,HR 4388,
170.48776,-77.60837,6.43,HR 4397,
173.74543,-4.36129,6.43,HIP 56500,
190.85941,-40.17785,6.43,HR 4836,
191.97354,-24.85166,6.43,HR 4857,
192.57204,22.86341,6.43,HR 4873,
196.20738,73.02498,6.43,HR 4950,
196.37832,-52.11566,6.43,HR 4939,
197.08541,-78.44603,6.43,HIP 64108,
199.13443,19.78529,6.43,HR 5010,
205.72765,-50.79024,6.43,HR 5152,
207.43723,36.63282,6.43,HR 5204,
207.58082,-39.90085,6.43,HR 5198,
207.83484,-24.39037,6.43,HR 5209,
211.73522,74.59378,6.43,3 UMi,
211.92007,-48.70403,6.43,HIP 69011,
216.17009,-44.31113,6.43,HIP 70451,
221.54535,-21.17597,6.43,HR 5504,
232.24443,-28.86689,6.43,HIP 75790,
242.35829,55.82897,6.43,HR 6038,
242.48031,-18.34062,6.43,HR 6012,
248.78231,-45.24437,6.43,HR 6160,
255.44315,-51.13103,6.43,HR 6312,
259.94376,2.13954,6.43,HIP 84780,
262.66753,38.88220,6.43,HR 6531,
262.94733,-33.70316,6.43,HR 6517,
267.99358,15.32637,6.43,HR 6665,
273.46758,2.39346,6.43,HIP 89347,
276.92550,59.54911,6.43,HR 6949,
280.00803,30.84947,6.43,HR 7016,
284.80122,39.21732,6.43,HR 7185,
294.29007,29.33370,6.43,HR 7466,
295.31104,22.45277,6.43,HR 7490,
296.17208,8.72654,6.43,HIP 97144,
301.95987,9.39983,6.43,HR 7693,
307.49967,45.92856,6.43,HR 7841,
310.18807,19.93554,6.43,HR 7914,
319.63512,61.18439,6.43,HIP 105193,
322.95897,23.84518,6.43,HIP 106306,
323.13858,-24.59042,6.43,HR 8235,
323.32340,-52.73777,6.43,HR 8233,
325.99212,22.81529,6.43,HIP 107297,
328.61061,80.30856,6.43,HIP 108133,
332.49108,-48.10766,6.43,HR 8440,
337.72404,-26.07375,6.43,ζ PsA,
338.14781,20.23002,6.43,39 Peg,
340.73103,37.80273,6.43,HR 8651,
341.20467,52.51721,6.43,HR 8661,
344.64616,9.35686,6.43,HR 8737,
345.54717,44.57286,6.43,HIP 113750,
345.83900,58.56385,6.43,HR 8778,
346.27620,16.56284,6.43,HR 8784,
347.45646,-14.51055,6.43,HR 8816,
348.05185,-80.91270,6.43,HR 8810,
351.64781,-21.74084,6.43,HIP 115709,
352.25340,-44.49807,6.43,HR 8920,
355.56113,44.99171,6.43,HR 8986,
6.87945,16.02548,6.44,HIP 2178,
7.08792,-20.33505,6.44,HR 108,
13.30190,-24.77688,6.44,HR 251,
14.33153,61.42189,6.44,HIP 4475,
16.13575,-33.53285,6.44,HIP 5042,
16.99860,1.99304,6.44,29 Cet,
18.43860,7.57826,6.44,Revati B,ζ Psc
19.69587,37.38627,6.44,HR 379,
21.59830,20.07080,6.44,HIP 6714,
23.71383,-3.52389,6.44,HIP 7362,
27.85982,-39.83593,6.44,HIP 8641,
27.94207,-15.64748,6.44,HIP 8688,
28.45205,55.59764,6.44,HR 540,
31.21254,7.73566,6.44,HIP 9706,
34.84461,48.95546,6.44,HR 673,
42.64706,36.94833,6.44,HIP 13257,
49.29772,40.48298,6.44,HR 979,
57.02725,24.98842,6.44,HIP 17759,
66.40548,15.94101,6.44,70 Tau,
81.40207,-1.49129,6.44,HIP 25368,
83.14060,57.22107,6.44,18 Cam,
84.78625,41.35856,6.44,HIP 26592,
89.20419,-31.97625,6.44,HR 2098,
94.07838,-59.21350,6.44,HR 2274,
97.54924,-19.21489,6.44,HIP 30988,
98.29266,-38.62519,6.44,HR 2407,
98.69299,7.57248,6.44,14 Mon,
99.36371,24.59085,6.44,HR 2417,
105.56449,-43.40387,6.44,HR 2658,
105.98940,-10.12377,6.44,HR 2656,
113.46466,51.31415,6.44,HIP 36779,
119.58936,-51.44847,6.44,HR 3133,
122.55462,25.84448,6.44,13 Cnc,
123.84691,-50.44922,6.44,HR 3256,
124.87298,-34.59014,6.44,HR 3273,
126.41401,-17.43941,6.44,HR 3317,
127.37419,-54.21176,6.44,HIP 41644,
128.80218,-39.97045,6.44,HR 3404,
136.67979,59.34452,6.44,HR 3608,
146.85819,11.56817,6.44,19 Leo,
163.13367,52.50361,6.44,HR 4242,
165.15117,-53.11183,6.44,HIP 53811,
165.81691,-31.96085,6.44,HR 4307,
165.86406,70.03074,6.44,HIP 54038,
166.89223,-48.63998,6.44,HIP 54380,
169.41195,-34.73735,6.44,HR 4373,
171.99446,-35.32885,6.44,HR 4420,
175.28511,-29.19627,6.44,HR 4498,
180.93554,-74.21410,6.44,HR 4601,
184.75843,26.00835,6.44,HR 4684,
194.57861,64.92553,6.44,HIP 63297,
196.27779,-47.11691,6.44,HIP 63849,
200.98785,-20.92459,6.44,HIP 65381,
201.12722,12.43183,6.44,HR 5053,
206.06671,-51.01245,6.44,HR 5158,
214.08909,-6.62154,6.44,HR 5341,
221.32848,-51.31493,6.44,HIP 72135,
222.87527,-77.17597,6.44,HIP 72670,
227.89503,-45.27746,6.44,HR 5642,
229.22917,-46.20235,6.44,HIP 74775,
231.63410,54.02029,6.44,HR 5748,
232.33032,-38.63500,6.44,HIP 75818,
247.52522,48.96109,6.44,34 Her,
249.69887,-8.61861,6.44,HIP 81499,
257.00289,31.20619,6.44,HIP 83834,
261.25246,67.30670,6.44,HR 6518,
261.49114,-1.65178,6.44,HR 6489,
265.77859,-33.05129,6.44,HR 6587,
267.32934,1.96141,6.44,HR 6639,
285.26792,-37.06155,6.44,HR 7170,
285.45596,22.26441,6.44,HR 7207,
287.21792,-55.72042,6.44,HR 7233,
287.41564,-39.82724,6.44,HR 7255,
291.02523,36.45209,6.44,HR 7376,
294.42007,35.02254,6.44,HIP 96546,
297.12714,10.69410,6.44,HR 7542,
297.47258,-66.81307,6.44,HR 7513,
299.48382,42.26077,6.44,HR 7638,
300.93463,-22.59559,6.44,HR 7658,
304.02503,4.58080,6.44,Chechia,
306.27086,59.60010,6.44,HR 7818,
306.80913,20.47649,6.44,HIP 100876,
313.49328,-6.88946,6.44,HR 7998,
317.49277,2.94368,6.44,HR 8095,
326.43541,35.85731,6.44,HR 8320,
332.50062,-28.29244,6.44,HR 8446,
335.77925,55.96323,6.44,HIP 110504,
345.43158,3.53091,6.44,HIP 113705,
346.63281,19.91085,6.44,HR 8792,
349.31937,45.16417,6.44,HR 8857,
353.98309,24.56101,6.44,HR 8953,
355.77102,51.93933,6.44,HIP 116991,
357.45664,-25.33134,6.44,HR 9026,
9.01315,-14.97303,6.45,HR 150,
26.18199,-6.76616,6.45,HIP 8143,
31.14620,-54.88169,6.45,HIP 9685,
34.18876,83.56141,6.45,HIP 10623,
34.74146,23.16782,6.45,HR 676,
36.08382,-25.84746,6.45,HR 703,
36.84747,10.19833,6.45,HIP 11427,
36.99970,1.96085,6.45,HR 719,
41.87981,44.27220,6.45,HIP 13036,
42.36214,37.32641,6.45,HR 831,
53.38416,58.76524,6.45,HR 1068,
56.02656,-40.66029,6.45,HR 1157,
56.40456,38.67626,6.45,HIP 17558,
62.98391,-8.83748,6.45,HIP 19590,
63.40896,-1.14974,6.45,HR 1312,
65.40631,-6.28417,6.45,HIP 20360,
69.76791,-51.67275,6.45,HR 1498,
75.50010,1.60886,6.45,HR 1619,
79.04400,-11.35255,6.45,HIP 24560,
80.84529,28.93676,6.45,22 Aur,
83.51029,-7.02375,6.45,HIP 26104,
84.73905,26.61807,6.45,HR 1921,
93.24822,6.01626,6.45,HIP 29509,
96.11076,-63.42893,6.45,HR 2354,
98.63666,55.35304,6.45,7 Lyn,
100.33707,28.19664,6.45,25 Gem,
101.67363,-54.69503,6.45,HR 2524,
109.45005,-26.79756,6.45,HR 2774,
110.02851,15.14293,6.45,HR 2780,
117.67713,-44.57995,6.45,HR 3069,
118.80771,-30.91764,6.45,HR 3096,
120.26418,-6.41920,6.45,HIP 39198,
123.71350,-46.48589,6.45,HIP 40397,
124.22481,84.05764,6.45,HR 3108,
124.77328,-48.19785,6.45,HIP 40749,
129.68673,-53.09038,6.45,HR 3435,
131.39527,4.66438,6.45,HIP 42981,
139.23771,-11.10311,6.45,HIP 45543,
141.15473,-70.07578,6.45,HIP 46143,
144.44141,-3.17064,6.45,HIP 47242,
146.34169,-30.20275,6.45,HR 3878,
147.75826,13.06624,6.45,23 Leo,
151.98597,-62.22142,6.45,HIP 49642,
153.15821,-19.15304,6.45,HR 4005,
155.06178,53.77939,6.45,HR 4051,
155.86821,-0.90224,6.45,24 Sex,
160.96776,-60.11778,6.45,HIP 52488,
163.38922,-56.42050,6.45,HIP 53260,
163.79821,-20.66496,6.45,HR 4261,
172.31309,-63.55394,6.45,HIP 56050,
173.76566,20.44155,6.45,Formosa,
193.40884,-4.22466,6.45,HR 4896,
203.14363,-29.56526,6.45,HR 5098,
207.61565,58.53946,6.45,HR 5216,
211.92307,-49.86761,6.45,HIP 69012,
212.25248,-10.33455,6.45,96 Vir,
213.64836,13.97545,6.45,HIP 69585,
215.03611,30.42913,6.45,HR 5374,
219.36861,2.27724,6.45,HIP 71510,
224.80803,-37.88123,6.45,HR 5579,
232.23676,55.19494,6.45,HR 5759,
232.59488,31.28593,6.45,HR 5760,
234.66701,-8.79149,6.45,HR 5816,
234.78967,57.92443,6.45,HR 5841,
235.04833,-70.22788,6.45,HR 5792,
243.41082,-1.47513,6.45,HIP 79522,
245.98633,-33.19940,6.45,HR 6097,
247.08815,67.04400,6.45,HIP 80682,
252.65034,-50.04495,6.45,HR 6236,
256.27059,43.81224,6.45,HR 6362,
270.39252,-85.21483,6.45,HR 6552,
274.53221,23.29691,6.45,HR 6854,
276.13803,-49.65288,6.45,HIP 90223,
280.05083,38.36720,6.45,HR 7019,
280.81905,39.30007,6.45,HR 7041,
284.11349,-31.68903,6.45,HIP 92972,
286.29100,49.92317,6.45,HR 7252,
297.47800,28.43967,6.45,HR 7556,
300.91165,22.94106,6.45,HIP 98772,
302.08531,-66.35469,6.45,HR 7663,
306.50486,19.86549,6.45,HR 7813,
308.73114,-38.08989,6.45,HR 7853,
309.75077,56.00485,6.45,HR 7916,
312.32247,64.04226,6.45,HR 7993,
316.93550,-45.37947,6.45,HIP 104296,
318.90490,47.97400,6.45,HR 8136,
319.07406,-9.21466,6.45,14 Aqr,
320.20853,32.45222,6.45,HR 8166,
321.46494,0.53434,6.45,HR 8203,
323.64156,22.75452,6.45,HR 8250,
326.75360,70.15088,6.45,HR 8342,
331.09932,-29.91653,6.45,13 PsA,
332.62577,20.97798,6.45,28 Peg,
335.70951,36.65905,6.45,HIP 110487,
340.76422,-8.31144,6.45,HR 8645,
341.26527,58.14705,6.45,HIP 112324,
352.27366,23.04808,6.45,HR 8922,
358.97782,15.23029,6.45,HIP 117986,
359.29215,-20.83364,6.45,HIP 118081,
253.54917,-41.85028,6.45,HR 6263,
0.78271,-24.14514,6.46,HR 9096,
4.38625,-19.05109,6.46,HR 66,
5.12886,48.96863,6.46,HIP 1639,
14.03801,13.95196,6.46,HIP 4382,
15.75635,47.37616,6.46,HR 289,
23.45231,89.01564,6.46,HR 286,
29.69166,-11.30096,6.46,HIP 9237,
33.20820,79.69154,6.46,HIP 10309,
42.94123,58.31429,6.46,HR 839,
48.95278,50.95589,6.46,HIP 15193,
57.33226,57.11827,6.46,HR 1161,
58.64147,-52.69043,6.46,HR 1227,
71.24128,-63.22971,6.46,HR 1540,
71.50179,76.61104,6.46,HR 1468,
75.09673,39.65465,6.46,6 Aur,
85.19247,-10.40866,6.46,HR 1957,
92.19876,-6.82137,6.46,HIP 29140,
101.74385,-87.02496,6.46,HR 2848,
103.48781,38.50502,6.46,ψ8 Aur,61 Aur
104.65158,-56.39485,6.46,HR 2638,
106.81784,-59.71642,6.46,HIP 34350,
108.20453,27.22482,6.46,HR 2711,
116.03181,2.40542,6.46,HR 2989,
116.81083,-36.07360,6.46,HIP 37996,
119.47835,-40.78435,6.46,HIP 38925,
122.58570,-49.23735,6.46,HIP 40016,
129.85232,8.01760,6.46,HR 3424,
130.54089,-11.96601,6.46,HR 3446,
136.02409,-47.44145,6.46,HIP 44509,
136.22952,32.37683,6.46,HR 3606,
138.51288,-14.69484,6.46,HIP 45305,
144.02826,74.31880,6.46,HR 3774,
154.11703,28.68248,6.46,24 LMi,
161.97309,-64.26284,6.46,HIP 52815,
169.30972,-41.93433,6.46,HIP 55133,
169.96171,-72.95829,6.46,HIP 55332,
174.58487,-63.37275,6.46,HIP 56769,
178.60778,-37.74894,6.46,HR 4557,
185.63349,5.30544,6.46,17 Vir,
188.01830,-32.53376,6.46,HR 4774,
189.81091,-75.37059,6.46,HR 4804,
199.05954,19.05173,6.46,HR 5007,
203.67833,76.54671,6.46,HR 5131,
203.68159,-33.31085,6.46,HR 5104,
204.75952,18.26532,6.46,HR 5137,
217.18125,-59.19755,6.46,HR 5403,
218.56594,57.06526,6.46,HR 5451,
229.21587,-47.86454,6.46,HIP 74769,
230.75744,-15.13404,6.46,30 Lib,
234.22259,29.99118,6.46,HR 5813,
235.98033,-60.28722,6.46,HR 5836,
241.08885,-53.71037,6.46,HIP 78731,
247.17632,0.05486,6.46,HIP 80708,
247.62507,-7.51445,6.46,HR 6144,
250.91135,-32.10594,6.46,HR 6211,
254.25441,-71.11164,6.46,HIP 82944,
257.07115,50.84227,6.46,HR 6383,
259.27308,-44.77860,6.46,HIP 84556,
260.21929,-10.69641,6.46,HR 6449,
261.35037,52.79068,6.46,HIP 85268,
269.23291,-40.30564,6.46,HR 6678,
271.53840,-51.74390,6.46,HIP 88675,
275.22994,-37.48765,6.46,HR 6856,
282.18921,-18.60115,6.46,HR 7072,
288.88902,18.51635,6.46,HIP 94646,
297.48255,27.08518,6.46,HIP 97573,
299.18820,50.90252,6.46,HR 7632,
302.26599,-47.06793,6.46,HIP 99270,
304.70695,46.32219,6.46,HR 7777,
305.21622,-35.67368,6.46,HR 7765,
309.77442,-4.92949,6.46,HIP 101911,
317.62899,47.69222,6.46,HR 8107,
320.95163,37.35148,6.46,HR 8193,
326.32797,-49.49876,6.46,HR 8303,
330.11126,33.00593,6.46,HR 8391,
334.36800,49.12696,6.46,HIP 110055,
335.16154,58.40990,6.46,HIP 110314,
335.25024,26.93516,6.46,HR 8517,
336.68982,37.44371,6.46,HR 8549,
339.68615,-28.74821,6.46,HR 8614,
343.21769,50.41228,6.46,HR 8705,
344.78751,59.81466,6.46,HR 8745,
345.64206,-36.42088,6.46,HR 8760,
351.01659,-21.77441,6.46,HIP 115522,
356.20159,55.79969,6.46,HR 9000,
1.25493,27.67478,6.47,HIP 410,
2.25068,28.24754,6.47,HIP 728,
4.67443,-8.05300,6.47,HR 72,
8.60374,66.75035,6.47,16 Cas,
11.42377,-16.42422,6.47,HR 206,
14.57873,21.40450,6.47,HR 277,
15.41102,-16.26557,6.47,HIP 4801,
34.83663,-2.97764,6.47,Mira,ο Cet
35.77749,-37.57614,6.47,HR 700,
41.79637,-22.48575,6.47,HR 827,
43.22769,-65.45529,6.47,HIP 13429,
47.22576,62.38460,6.47,HIP 14626,
50.90127,0.91009,6.47,HIP 15800,
51.64745,28.71509,6.47,HIP 16042,
57.23724,23.85713,6.47,26 Tau,
57.56735,-1.52257,6.47,HIP 17950,
60.85311,-20.14380,6.47,HR 1258,
63.49875,37.96715,6.47,HR 1301,
67.50954,10.26221,6.47,HR 1425,
76.79064,-19.39187,6.47,HIP 23818,
80.48046,-17.60363,6.47,HIP 25059,
86.25537,12.88833,6.47,HIP 27116,
86.75019,51.52087,6.47,HIP 27293,
87.99828,-29.44943,6.47,HR 2043,
95.77654,56.97635,6.47,HIP 30357,
95.94550,-58.54387,6.47,HR 2336,
101.05332,-54.69551,6.47,HIP 32269,
101.47583,12.69356,6.47,32 Gem,
103.19642,-43.97559,6.47,HR 2579,
106.31824,-50.36004,6.47,HR 2687,
106.55961,-68.83758,6.47,HR 2712,
106.85366,28.17669,6.47,HR 2669,
111.11520,15.51719,6.47,HR 2817,
111.85767,66.33157,6.47,HR 2809,
122.39659,29.09308,6.47,HIP 39958,
123.54642,17.67595,6.47,HR 3228,
124.48235,-59.16683,6.47,HR 3274,
129.79203,59.93913,6.47,HR 3401,
133.97703,-15.43954,6.47,HIP 43850,
137.01735,32.54040,6.47,HR 3620,
140.93698,-37.75690,6.47,HR 3735,
146.41929,-57.18604,6.47,HR 3883,
147.75333,-80.06106,6.47,HIP 48320,
153.77643,31.46807,6.47,22 LMi,
155.36944,-23.71083,6.47,HR 4071,
161.93469,-59.87526,6.47,HIP 52806,
167.06572,-29.97249,6.47,HR 4331,
178.80861,36.75638,6.47,HR 4562,
183.00422,28.53631,6.47,HR 4642,
185.20299,15.54099,6.47,HIP 60210,
185.81403,-4.97450,6.47,HIP 60418,
192.05973,13.55302,6.47,28 Com,
206.30486,55.87935,6.47,HR 5177,
212.19215,59.33765,6.47,HR 5302,
214.20306,-8.88447,6.47,HIP 69773,
214.50302,-7.54239,6.47,HR 5353,
214.73298,54.86375,6.47,HR 5372,
228.32254,-24.00832,6.47,HR 5655,
228.36955,-25.30935,6.47,23 Lib,
228.96124,50.93846,6.47,HIP 74690,
228.97319,6.46484,6.47,HIP 74695,
242.15214,8.61318,6.47,HIP 79086,
250.23504,-8.30963,6.47,HIP 81663,
250.62123,-37.07935,6.47,HIP 81803,
251.52655,-46.53200,6.47,HIP 82091,
256.14042,-68.27869,6.47,HIP 83556,
262.59439,11.92402,6.47,HR 6521,
263.82708,-22.04382,6.47,52 Oph,
266.78349,47.61224,6.47,HR 6641,
273.56808,-63.68968,6.47,HR 6796,
278.90205,4.93599,6.47,HIP 91142,
280.37785,-48.09469,6.47,HR 7005,
283.04975,-41.70920,6.47,HIP 92608,
284.22792,-62.80190,6.47,HR 7111,
284.36864,58.22503,6.47,HR 7184,
285.27264,19.30961,6.47,HR 7198,
288.43344,5.51560,6.47,HR 7288,
293.69310,63.43417,6.47,HIP 96297,
293.98311,50.23862,6.47,HR 7465,
294.48626,49.28442,6.47,HR 7477,
296.46764,-2.88345,6.47,HR 7516,
297.20905,-12.31942,6.47,HIP 97484,
297.86183,4.08863,6.47,HIP 97709,
298.27661,-14.60320,6.47,HR 7571,
298.77128,-33.04625,6.47,HR 7585,
301.55094,-4.07821,6.47,HR 7681,
302.03982,-52.57780,6.47,HIP 99188,
303.26841,-0.33080,6.47,HIP 99624,
303.38490,-47.71323,6.47,HIP 99666,
303.52032,36.60488,6.47,HR 7734,
304.11730,37.05640,6.47,HR 7757,
307.90110,34.33037,6.47,HIP 101268,
308.08506,2.13281,6.47,HIP 101339,
312.07673,-44.19683,6.47,HIP 102670,
314.85257,42.32447,6.47,HIP 103596,
317.34305,-36.70594,6.47,HIP 104441,
317.92224,-14.47238,6.47,HR 8102,
320.98289,-25.20248,6.47,HIP 105646,
323.33784,-80.03936,6.47,HR 8201,
323.69130,18.32893,6.47,HIP 106550,
323.85800,68.21929,6.47,HIP 106604,
325.91571,7.52866,6.47,HIP 107271,
341.22074,39.20103,6.47,HIP 112305,
342.93740,-59.88136,6.47,HR 8686,
347.43639,-67.87628,6.47,HIP 114367,
347.55051,-66.85764,6.47,HR 8809,
348.49732,19.63390,6.47,HIP 114686,
351.78105,-66.58089,6.47,HR 8908,
353.86908,1.31314,6.47,15 Psc,
357.20569,2.21441,6.47,HR 9015,
357.59246,51.62166,6.47,HR 9028,
359.38970,60.02360,6.47,HR 9063,
6.15898,14.31551,6.48,43 Psc,
15.36268,49.54422,6.48,HIP 4786,
15.57694,51.03494,6.48,HR 287,
29.49681,47.09552,6.48,HIP 9163,
32.39502,-24.34578,6.48,HR 630,
34.21548,57.05525,6.48,HR 654,
39.25215,24.64722,6.48,30 Ari,
39.60340,-37.99054,6.48,HR 780,
40.87047,-2.53145,6.48,HIP 12720,
41.68792,-21.63952,6.48,HR 826,
45.98645,47.84848,6.48,HIP 14264,
53.71834,-25.58282,6.48,HIP 16697,
76.38375,19.80672,6.48,HR 1642,
78.32278,37.33731,6.48,HIP 24332,
78.91170,-52.18218,6.48,HR 1742,
81.24762,73.70720,6.48,HIP 25322,
86.89445,25.56862,6.48,HIP 27353,
89.30988,-53.42569,6.48,HR 2114,
91.75781,-45.09151,6.48,HR 2178,
92.34762,-49.56283,6.48,HR 2204,
92.80675,60.45349,6.48,39 Cam,
96.78160,-37.89551,6.48,HR 2353,
97.06986,1.91268,6.48,HR 2347,
99.59546,-23.58032,6.48,HIP 31736,
100.40733,35.93193,6.48,HR 2452,
104.32710,37.39472,6.48,HIP 33453,
106.64985,-12.39395,6.48,HR 2679,
109.42770,38.87626,6.48,HIP 35317,
120.64917,57.27363,6.48,HR 3119,
122.82525,54.54024,6.48,HIP 40086,
123.02524,-43.40044,6.48,HIP 40160,
123.34073,-1.16589,6.48,HIP 40263,
128.16613,10.06601,6.48,34 Cnc,
128.33275,-38.37068,6.48,HR 3388,
131.83945,-17.05288,6.48,HIP 43152,
132.43726,-21.04844,6.48,HR 3507,
137.18552,-16.27732,6.48,HIP 44888,
137.43749,-49.42438,6.48,HR 3647,
137.44344,11.56438,6.48,HR 3635,
138.40526,21.28321,6.48,HR 3657,
143.79930,-35.82375,6.48,HR 3823,
147.92174,-11.34051,6.48,HIP 48375,
149.60853,27.75900,6.48,HR 3936,
153.34292,-56.58670,6.48,HIP 50069,
154.33411,-46.83494,6.48,HIP 50391,
154.63684,43.04845,6.48,HIP 50485,
159.00837,80.49463,6.48,HR 4121,
164.33419,-69.03805,6.48,HIP 53556,
165.55770,-41.11415,6.48,HIP 53940,
166.91544,23.32376,6.48,64 Leo,
175.56186,-75.22732,6.48,HIP 57092,
176.81597,-30.28651,6.48,HR 4525,
177.65494,-27.27794,6.48,HR 4542,
181.06965,-51.47252,6.48,HIP 58859,
182.75508,-68.26097,6.48,HIP 59389,
185.82861,-11.81212,6.48,HIP 60421,
192.84554,-10.33822,6.48,HR 4877,
194.24265,-54.58735,6.48,HIP 63204,
200.96725,-49.82281,6.48,HR 5046,
202.88823,-28.11274,6.48,HR 5090,
203.88927,10.20496,6.48,HR 5114,
204.16623,49.48665,6.48,HR 5126,
204.21072,-34.46784,6.48,HR 5117,
208.28516,40.33798,6.48,HIP 67778,
214.22983,-77.66422,6.48,HR 5306,
216.44904,-26.85224,6.48,HR 5399,
226.39127,-30.55086,6.48,HIP 73850,
226.51006,-48.88339,6.48,HIP 73881,
235.79388,13.66767,6.48,HR 5850,
243.18944,26.67058,6.48,HR 6052,
249.39066,5.27753,6.48,HIP 81404,
250.61571,49.93644,6.48,HIP 81800,
254.67317,-14.86967,6.48,HR 6302,
255.98655,-37.84414,6.48,HIP 83499,
261.00941,38.58278,6.48,HR 6488,
261.79118,-15.85336,6.48,HIP 85405,
263.92945,-37.43988,6.48,HR 6539,
265.18560,-67.85417,6.48,HIP 86510,
268.32585,-65.48860,6.48,HR 6634,
268.97904,-18.80215,6.48,HR 6679,
269.71794,45.47622,6.48,HR 6718,
278.69788,10.89201,6.48,HR 6976,
282.62988,-13.57226,6.48,HIP 92456,
283.84815,-37.38660,6.48,HIP 92866,
286.10064,-5.68484,6.48,HR 7220,
290.37394,-34.98349,6.48,HR 7330,
293.05846,-44.54639,6.48,HIP 96095,
310.85080,35.58780,6.48,HR 7932,
316.66600,3.80312,6.48,HIP 104202,
319.16447,-1.60776,6.48,HR 8132,
327.41706,41.14879,6.48,HR 8345,
337.04637,27.01881,6.48,HIP 110907,
344.10008,-31.56557,6.48,HR 8721,
349.48335,45.48892,6.48,HR 8861,
0.14299,-53.09771,6.49,HIP 50,
3.97886,-75.91161,6.49,HR 58,
10.11909,-16.51668,6.49,HR 172,
12.51568,-43.39492,6.49,HR 239,
17.87072,10.29191,6.49,HIP 5575,
24.44667,64.73936,6.49,HIP 7593,
32.45191,-40.86650,6.49,HIP 10096,
33.06570,2.74555,6.49,HIP 10273,
52.04800,-35.85343,6.49,χ³ For,
52.09824,60.25567,6.49,HR 1033,
53.70450,6.41769,6.49,HR 1089,
53.98853,-5.12495,6.49,HIP 16779,
55.30749,-11.80242,6.49,HR 1125,
56.21033,-48.06130,6.49,HR 1167,
61.79473,74.00036,6.49,HIP 19222,
62.42919,3.32270,6.49,HIP 19434,
69.31158,18.54303,6.49,HIP 21517,
70.95102,32.86546,6.49,HR 1501,
76.50384,35.93639,6.49,HR 1639,
78.38030,62.69113,6.49,14 Cam,
78.85362,-73.58848,6.49,HIP 24507,
79.84891,33.98542,6.49,18 Aur,
80.00965,44.42538,6.49,HR 1733,
80.33044,4.01195,6.49,HR 1761,
80.79998,-26.70543,6.49,HR 1785,
81.18667,36.19994,6.49,HIP 25301,
82.42342,-0.80251,6.49,HIP 25732,
84.87850,-9.70663,6.49,HR 1942,
86.88436,63.59885,6.49,HIP 27346,
90.68805,47.80953,6.49,HIP 28634,
95.14650,-23.63796,6.49,HIP 30141,
102.43452,37.51275,6.49,HIP 32746,
105.16390,-9.20297,6.49,HR 2627,
106.46514,70.73192,6.49,HR 2617,
111.15466,-71.47066,6.49,HIP 35946,
117.41985,-19.50552,6.49,HIP 38209,
117.71291,4.45951,6.49,HIP 38303,
117.81393,37.08208,6.49,HIP 38349,
123.44022,-46.57868,6.49,HIP 40299,
126.74074,-52.70495,6.49,HIP 41426,
128.16877,-47.04211,6.49,HIP 41905,
132.98165,-40.98658,6.49,HIP 43528,
133.10890,-32.50932,6.49,HR 3533,
134.86201,13.07439,6.49,HIP 44148,
138.07317,14.99604,6.49,π¹ Cnc,81 Cnc
143.29689,45.51376,6.49,HIP 46879,
146.12502,18.86349,6.49,HR 3869,
146.84248,23.64769,6.49,HIP 48023,
156.43724,35.42543,6.49,29 LMi,
158.91193,-18.56898,6.49,HR 4152,
171.68885,3.01310,6.49,83 Leo,
173.40144,2.49903,6.49,HIP 56388,
174.42630,77.59570,6.49,HIP 56716,
174.70470,64.34696,6.49,HR 4481,
179.78904,-10.47590,6.49,HIP 58450,
179.98910,34.03475,6.49,HR 4584,
181.52169,-32.96123,6.49,HIP 59021,
197.91334,-26.55172,6.49,HR 4978,
199.21265,17.01718,6.49,HIP 64797,
202.00784,-26.40224,6.49,HIP 65682,
202.10933,40.72965,6.49,HR 5077,
204.53286,14.30193,6.49,HR 5129,
204.81214,51.80421,6.49,HIP 66613,
209.38367,61.49286,6.49,HR 5256,
210.07263,-61.48103,6.49,HR 5252,
216.17022,-11.66970,6.49,HR 5393,
216.32331,-13.35316,6.49,HIP 70501,
218.71137,-20.43938,6.49,HR 5438,
219.30176,-53.06079,6.49,HIP 71494,
222.38490,51.37450,6.49,HR 5537,
226.98396,-61.12867,6.49,HIP 74044,
228.05005,-19.10648,6.49,HIP 74391,
230.85411,-46.14041,6.49,HIP 75324,
232.08597,-88.13301,6.49,HR 5491,
232.95930,-32.88111,6.49,HR 5753,
233.46962,17.13736,6.49,HR 5783,
236.55357,-28.06148,6.49,HR 5856,
247.20397,-8.12884,6.49,HR 6137,
253.63147,-49.71080,6.49,HIP 82723,
261.52017,58.65190,6.49,HR 6514,
277.02648,-84.38726,6.49,HIP 90509,
277.67355,20.81505,6.49,HR 6950,
278.83887,-20.84044,6.49,HR 6969,
279.51867,-14.00478,6.49,HR 6989,
279.59916,-3.19364,6.49,HR 6999,
280.53369,34.74631,6.49,HR 7033,
282.16455,-6.00431,6.49,HIP 92296,
284.79568,-39.53471,6.49,HR 7156,
284.87198,-70.46865,6.49,HIP 93238,
295.05498,60.50711,6.49,HR 7500,
297.57283,7.90242,6.49,HR 7554,
298.65859,-8.23705,6.49,57 Aql,
298.83125,-6.73478,6.49,HR 7599,
300.06399,26.18789,6.49,HIP 98458,
302.34318,56.02683,6.49,HIP 99294,
304.98351,46.83732,6.49,HR 7786,
305.36825,-66.74969,6.49,HIP 100379,
306.13483,53.55193,6.49,HR 7815,
308.54160,20.98519,6.49,HR 7862,
311.57751,-36.12015,6.49,HR 7935,
325.99620,-57.32525,6.49,HIP 107299,
327.28380,66.79203,6.49,HIP 107710,
341.61777,-49.68579,6.49,HR 8659,
341.89871,-65.56025,6.49,HIP 112533,
349.20765,-41.19440,6.49,HR 8847,
349.76373,-28.38785,6.49,HIP 115121,
355.01175,37.65264,6.49,HR 8973,
357.64848,-47.37694,6.49,HIP 117571,
0.41396,73.61185,6.50,HIP 128,
3.14226,44.70719,6.50,HIP 1009,
4.17643,-20.21006,6.50,HR 61,
20.64513,-0.44967,6.50,43 Cet,
21.46818,-3.92739,6.50,HIP 6687,
32.02370,-41.88042,6.50,HIP 9951,
33.38963,53.05859,6.50,HIP 10361,
34.91991,-4.34557,6.50,HR 684,
37.55716,-25.18644,6.50,HR 733,
47.75324,64.89627,6.50,HIP 14791,
51.15085,-51.06266,6.50,HIP 15884,
52.87622,40.75993,6.50,HIP 16425,
54.75026,20.91577,6.50,HR 1103,
55.54115,-45.95789,6.50,HIP 17298,
67.69497,16.14870,6.50,HIP 21053,
73.99313,5.39902,6.50,HR 1578,
82.95003,85.93853,6.50,HR 1616,
83.36418,32.80118,6.50,HR 1850,
86.37331,31.32483,6.50,HIP 27164,
90.76797,57.01831,6.50,HIP 28656,
96.75365,-4.35566,6.50,9 Mon,
100.23990,-71.77519,6.50,HR 2505,
106.45683,-10.66008,6.50,HR 2670,
107.94521,16.97634,6.50,HIP 34763,
114.86243,-26.86310,6.50,HR 2956,
115.83829,4.94576,6.50,HIP 37634,
116.61433,62.83052,6.50,49 Cam,
118.01614,45.93299,6.50,HIP 38403,
119.96408,36.08208,6.50,HIP 39094,
121.81669,-17.36874,6.50,HIP 39730,
125.12135,53.57409,6.50,HR 3258,
127.15017,-23.07098,6.50,HR 3344,
127.92207,18.98773,6.50,HIP 41833,
142.44913,55.74523,6.50,HR 3747,
143.32623,28.36794,6.50,HR 3792,
145.31977,55.86649,6.50,HIP 47521,
145.77908,54.36370,6.50,HR 3855,
148.25040,-55.37321,6.50,HR 3920,
150.14396,-56.94611,6.50,HR 3953,
151.53014,-52.18794,6.50,HR 3978,
155.28316,-17.98496,6.50,HR 4068,
159.68912,-59.26242,6.50,HIP 52103,
170.98563,-57.88044,6.50,HIP 55645,
183.77667,-29.23726,6.50,HIP 59742,
192.40851,48.74003,6.50,HIP 62600,
195.66849,59.71631,6.50,HR 4936,
198.39977,36.88758,6.50,HIP 64530,
201.50058,63.26127,6.50,HR 5070,
214.01000,45.56627,6.50,HIP 69704,
215.55836,29.36992,6.50,HIP 70236,
222.40440,-68.93619,6.50,HIP 72518,
224.26498,21.55542,6.50,HR 5574,
228.19655,10.70231,6.50,HIP 74441,
229.59432,0.93941,6.50,HIP 74895,
230.68836,-29.34193,6.50,HIP 75272,
242.49661,-62.96715,6.50,HIP 79208,
244.43065,1.49671,6.50,HIP 79834,
255.05937,-44.98855,6.50,HIP 83202,
259.71562,-62.87458,6.50,HIP 84700,
260.14297,-19.33375,6.50,HR 6441,
272.77983,60.40953,6.50,HR 6827,
276.67053,26.44922,6.50,HR 6924,
276.78695,-8.04041,6.50,HIP 90437,
282.74437,-41.06269,6.50,HIP 92487,
284.32224,62.39677,6.50,HR 7191,
288.78298,83.46275,6.50,HR 7425,
289.70171,19.61048,6.50,HR 7326,
291.25638,-4.88454,6.50,HR 7366,
294.57412,20.78339,6.50,HR 7472,
298.16298,-54.97644,6.50,HR 7549,
300.59210,22.15146,6.50,HIP 98661,
308.45230,41.77266,6.50,HR 7867,
311.13777,69.75181,6.50,HR 7967,
311.30467,-27.24728,6.50,HR 7931,
312.40701,50.12708,6.50,HIP 102804,
315.58733,39.50903,6.50,HIP 103822,
315.70257,45.84889,6.50,HR 8064,
315.74844,-0.92474,6.50,HR 8054,
324.02100,15.08199,6.50,HIP 106643,
329.01432,-52.46376,6.50,HIP 108268,
329.74870,19.02030,6.50,HIP 108513,
331.46019,45.11250,6.50,HR 8422,
333.29174,18.27981,6.50,HIP 109691,
333.57667,17.18934,6.50,HIP 109788,
352.88126,-4.08741,6.50,HR 8931,
4.19033,10.24478,6.51,HIP 1339,
4.49527,-13.45564,6.51,HIP 1444,
9.08375,27.25476,6.51,HR 149,
11.56270,55.30538,6.51,HR 204,
11.97843,20.92535,6.51,61 Psc,
30.07031,-55.01279,6.51,HIP 9362,
32.13249,-6.67799,6.51,HIP 9981,
32.88958,-17.74299,6.51,HIP 10233,
33.37400,5.01272,6.51,HIP 10356,
35.01857,30.18809,6.51,HR 680,
41.79031,60.57076,6.51,HIP 13004,
41.89065,-35.55062,6.51,η¹ For,
42.72004,35.39391,6.51,HIP 13275,
44.55228,-12.00582,6.51,HIP 13843,
48.47868,18.97334,6.51,HIP 15048,
50.93590,-32.70709,6.51,HR 1031,
51.44949,53.92152,6.51,HR 1020,
59.91657,38.82038,6.51,HR 1229,
60.06471,-51.56496,6.51,HR 1250,
67.58352,28.13189,6.51,HIP 21010,
70.82403,59.52113,6.51,HR 1486,
72.11523,2.71534,6.51,HIP 22319,
76.06743,45.77935,6.51,HIP 23585,
77.06140,-35.71828,6.51,HR 1680,
77.21013,19.85986,6.51,107 Tau,
77.23396,3.21872,6.51,HIP 23957,
78.10710,-81.54173,6.51,HR 1815,
81.97792,48.22664,6.51,HIP 25569,
93.07958,22.90851,6.51,6 Gem,
95.52546,-15.66343,6.51,HIP 30276,
96.44387,2.27168,6.51,HR 2315,
100.13312,6.37125,6.51,HR 2454,
101.54321,23.37122,6.51,HIP 32431,
103.58883,21.16133,6.51,HIP 33179,
107.76272,-3.89802,6.51,HIP 34688,
108.90735,45.40949,6.51,HIP 35113,
112.99688,12.66130,6.51,HIP 36631,
115.20423,4.07182,6.51,HIP 37405,
126.40574,-8.95606,6.51,HIP 41303,
126.66581,24.53417,6.51,24 Cnc,
129.37350,-33.74568,6.51,HR 3419,
140.71189,-9.83880,6.51,HR 3724,
146.48073,63.65331,6.51,28 UMa,
148.75048,-16.19387,6.51,HIP 48630,
157.71416,-26.48377,6.51,HR 4125,
160.95454,18.31299,6.51,HIP 52484,
162.17288,-47.74990,6.51,HIP 52865,
166.67302,-13.00283,6.51,HIP 54315,
166.97697,-30.17457,6.51,HR 4328,
168.91571,-12.59257,6.51,HIP 54999,
169.01655,52.77316,6.51,HR 4363,
174.24946,-22.94808,6.51,HIP 56654,
176.29760,14.26333,6.51,HIP 57320,
177.80414,-61.84615,6.51,HIP 57808,
179.15684,65.24291,6.51,HIP 58232,
180.90168,-39.00907,6.51,HIP 58799,
186.88809,41.35506,6.51,HIP 60791,
196.54272,29.02923,6.51,HR 4948,
198.14963,18.75178,6.51,HR 4987,
200.21268,43.99019,6.51,HIP 65135,
202.49016,6.01353,6.51,HR 5087,
204.42888,50.71484,6.51,HR 5133,
205.97598,-5.49893,6.51,HR 5163,
205.98902,-59.23599,6.51,HIP 67008,
206.55732,30.89701,6.51,HIP 67195,
218.52096,46.78649,6.51,HIP 71235,
219.40231,-43.11130,6.51,HIP 71520,
219.57364,-49.90113,6.51,HIP 71577,
230.62232,-74.39946,6.51,HIP 75243,
231.12870,37.34730,6.51,Alkalurops B,μ² Boo
234.07387,-65.61329,6.51,HR 5766,
234.11745,15.10142,6.51,τ⁴ Ser,17 Ser
234.14046,-0.56153,6.51,14 Ser,
235.27881,-39.98279,6.51,HIP 76824,
239.99102,-40.65311,6.51,HR 5945,
240.61878,-56.85446,6.51,HIP 78562,
242.28769,-56.05794,6.51,HIP 79133,
245.36265,-48.18862,6.51,HIP 80142,
246.63350,47.95761,6.51,HIP 80538,
247.98525,9.41442,6.51,HIP 80964,
253.02021,14.97421,6.51,49 Her,
259.71994,6.08545,6.51,HR 6434,
264.99042,-0.63925,6.51,HIP 86463,
266.08247,-72.22092,6.51,HR 6565,
266.49354,39.32254,6.51,HR 6626,
266.78076,-59.99433,6.51,HIP 87043,
266.98628,36.55514,6.51,HIP 87114,
268.21626,-56.15481,6.51,HIP 87522,
268.53151,-11.33754,6.51,HIP 87642,
269.92020,-41.48706,6.51,HIP 88109,
271.43041,12.00385,6.51,HR 6758,
271.83742,2.48167,6.51,HIP 88770,
272.99234,-28.90153,6.51,HR 6802,
273.23436,-50.55883,6.51,HIP 89264,
273.68332,29.20731,6.51,HR 6831,
273.86951,86.65775,6.51,HIP 89465,
274.67400,-25.60479,6.51,HR 6846,
278.62865,51.78226,6.51,HIP 91061,
286.32737,-1.51220,6.51,HR 7231,
286.57098,41.41378,6.51,HR 7258,
290.84911,50.27129,6.51,HR 7381,
293.64142,-23.85883,6.51,HIP 96274,
294.23604,38.38383,6.51,HR 7467,
302.48603,20.91503,6.51,θ Sge,17 Sge
303.26307,11.85085,6.51,HIP 99623,
304.25190,8.96320,6.51,HIP 99985,
308.03772,22.82433,6.51,HIP 101318,
309.38631,31.52191,6.51,HR 7887,
310.14955,-26.64514,6.51,HR 7902,
310.25151,39.08232,6.51,HR 7922,
310.43262,-75.35080,6.51,μ² Oct,
321.45229,-23.82210,6.51,HIP 105815,
325.44257,-25.10152,6.51,HR 8282,
328.05408,79.55177,6.51,HIP 107952,
329.25927,48.66857,6.51,HR 8377,
331.66201,2.43946,6.51,HIP 109155,
337.47280,52.41661,6.51,HIP 111058,
340.92789,10.93937,6.51,HR 8653,
342.23031,-63.71840,6.51,HIP 112655,
345.14330,45.37481,6.51,HR 8755,
345.68288,55.23638,6.51,HR 8770,
347.05172,44.56185,6.51,HR 8806,
348.94287,28.24790,6.51,61 Peg,
349.76000,45.13675,6.51,HR 8870,
354.27240,-31.87114,6.51,HR 8956,
96.20083,-52.80639,6.51,HR 2341,
3.28960,16.92146,6.52,HIP 1057,
4.22484,49.46191,6.52,HIP 1352,
7.53620,4.86011,6.52,HIP 2358,
10.29948,9.35506,6.52,HIP 3236,
16.59477,62.76139,6.52,HR 309,
19.24585,-2.27916,6.52,40 Cet,
23.64024,68.94814,6.52,HIP 7339,
29.14431,-32.13833,6.52,HIP 9049,
29.49754,-2.05948,6.52,58 Cet,
31.16623,65.10350,6.52,HR 598,
37.35395,55.53620,6.52,HR 716,
40.01031,-30.63368,6.52,HR 786,
40.50039,10.54481,6.52,HIP 12599,
51.28911,41.25730,6.52,HR 1026,
52.07594,44.37724,6.52,HIP 16165,
60.23674,23.20149,6.52,HIP 18748,
63.38021,8.89029,6.52,HR 1308,
65.20449,9.22482,6.52,HR 1361,
73.61657,-3.22592,6.52,HIP 22812,
81.63008,2.93591,6.52,HIP 25443,
83.46662,-29.84922,6.52,HR 1888,
84.12573,25.94017,6.52,HR 1889,
93.19304,-17.76323,6.52,HR 2213,
93.38950,-29.39574,6.52,HR 2226,
97.19610,-0.57241,6.52,HIP 30863,
103.16511,-42.50442,6.52,HR 2575,
103.34202,-24.68441,6.52,HIP 33081,
106.58721,-43.61075,6.52,HIP 34276,
112.04757,-58.07287,6.52,HIP 36287,
125.33451,-1.60203,6.52,HR 3278,
126.86481,-55.01121,6.52,HR 3349,
129.58449,-6.66232,6.52,HR 3416,
138.51346,71.65584,6.52,HR 3633,
141.69606,-59.57878,6.52,HIP 46333,
142.41853,-26.59424,6.52,HIP 46558,
146.93313,-49.94330,6.52,HIP 48054,
155.39942,-22.52851,6.52,HR 4073,
158.30236,-13.40424,6.52,HIP 51656,
158.43245,53.49739,6.52,HR 4131,
158.95551,-58.22428,6.52,HIP 51866,
159.29793,-11.74862,6.52,HR 4160,
171.47500,-13.75132,6.52,HIP 55795,
172.55361,54.36223,6.52,HR 4427,
179.27121,-52.10028,6.52,HIP 58275,
184.83431,14.54164,6.52,HIP 60089,
185.69416,-52.29305,6.52,HIP 60374,
187.15897,26.22696,6.52,HR 4750,
197.45915,62.22912,6.52,HR 4974,
198.36738,67.28796,6.52,HIP 64522,
203.31018,-77.56939,6.52,HR 5082,
217.31259,44.26214,6.52,HIP 70844,
220.85766,-9.69974,6.52,HIP 71997,
223.26548,78.17666,6.52,HIP 72819,
226.78413,-71.90495,6.52,HR 5598,
228.71515,68.94573,6.52,HR 5693,
232.61592,36.80456,6.52,HR 5761,
233.58670,-5.69509,6.52,HR 5779,
240.66330,47.24036,6.52,HIP 78574,
242.87401,9.71203,6.52,HR 6032,
248.95569,-71.89425,6.52,HIP 81259,
250.40649,-27.80968,6.52,HIP 81731,
254.37466,-60.60012,6.52,HIP 82985,
255.79353,14.51134,6.52,HR 6339,
258.05673,-25.25515,6.52,HR 6386,
259.06619,-15.22373,6.52,HIP 84481,
263.00426,34.27115,6.52,HR 6538,
263.59164,13.16095,6.52,54 Oph,
263.94761,19.84377,6.52,HIP 86101,
269.28108,-23.93925,6.52,HIP 87880,
271.17998,40.08418,6.52,HR 6764,
274.36899,-18.46345,6.52,HR 6841,
281.74611,46.31492,6.52,HR 7080,
284.68773,19.79439,6.52,HR 7171,
284.71926,69.53129,6.52,HR 7224,
284.84925,-19.27936,6.52,HIP 93224,
287.61510,-30.00712,6.52,HIP 94184,
289.94225,64.39081,6.52,HR 7361,
292.77173,2.01174,6.52,HIP 95987,
295.11802,20.47707,6.52,HR 7482,
298.06493,10.35159,6.52,HR 7572,
298.34420,4.40039,6.52,HR 7580,
299.80023,11.30557,6.52,HIP 98377,
302.12169,-15.03198,6.52,HIP 99216,
314.41744,-44.12937,6.52,HIP 103458,
322.26558,-31.23856,6.52,5 PsA,
326.56917,43.06077,6.52,HR 8329,
326.63270,-2.21276,6.52,HIP 107516,
336.26398,51.25588,6.52,HIP 110661,
341.38503,-25.23693,6.52,20 PsA,
342.66306,19.14120,6.52,HR 8691,
348.93631,-29.84755,6.52,HIP 114842,
355.58725,64.51539,6.52,HR 8989,
358.23433,36.95426,6.52,HIP 117762,
358.84591,25.95499,6.52,HR 9051,
0.05331,38.30405,6.53,HIP 19,
2.98365,-42.17214,6.53,HIP 966,
5.02154,48.86545,6.53,HR 76,
6.78051,80.05214,6.53,HIP 2142,
13.42223,-4.52559,6.53,HIP 4207,
14.12784,42.97879,6.53,HIP 4411,
16.19498,51.00978,6.53,HR 302,
23.96021,33.83533,6.53,HIP 7439,
30.73988,11.01876,6.53,HIP 9569,
31.26597,55.62226,6.53,HIP 9723,
34.29351,23.76783,6.53,HR 665,
35.30735,-19.91535,6.53,HIP 10963,
43.69648,-0.04824,6.53,HIP 13567,
54.16591,29.22403,6.53,HIP 16835,
54.43395,56.73939,6.53,HIP 16917,
54.93820,56.38303,6.53,HIP 17098,
59.04868,59.64189,6.53,HIP 18413,
65.44027,-37.78184,6.53,HIP 20372,
67.33264,27.40422,6.53,HIP 20933,
70.07391,-58.94391,6.53,HR 1504,
71.61217,42.34856,6.53,HIP 22196,
79.82630,-18.50956,6.53,HR 1754,
82.35692,77.97751,6.53,HR 1745,
83.28061,-1.71736,6.53,HR 1863,
84.52877,-27.21075,6.53,HIP 26495,
87.64118,56.91894,6.53,29 Cam,
88.54492,-50.36255,6.53,HR 2083,
94.39440,46.42395,6.53,42 Aur,
95.62895,-60.21865,6.53,HIP 30314,
95.80434,-34.99684,6.53,HIP 30372,
96.42804,21.64502,6.53,14 Gem,
98.42773,33.02404,6.53,HR 2383,
100.28924,8.98472,6.53,HIP 31996,
101.26065,-30.58640,6.53,HR 2497,
105.08068,-22.11906,6.53,HR 2628,
105.08716,67.33061,6.53,HIP 33722,
105.85251,-52.42534,6.53,HIP 34006,
113.30551,-43.08620,6.53,HR 2908,
114.41168,-14.44076,6.53,HR 2932,
115.74559,-17.06160,6.53,HIP 37608,
116.26989,-37.88787,6.53,HR 3016,
116.28889,20.31604,6.53,79 Gem,
117.30960,-40.70106,6.53,HIP 38165,
117.80823,-47.21641,6.53,HIP 38345,
122.37543,-51.84275,6.53,HIP 39947,
123.09242,14.00412,6.53,HR 3214,
123.19127,-29.91077,6.53,HR 3230,
124.32693,4.21917,6.53,HIP 40597,
129.33354,-40.14767,6.53,HR 3421,
135.81087,6.81598,6.53,HIP 44437,
137.59584,-23.17670,6.53,HR 3646,
140.65244,-39.77529,6.53,HR 3729,
141.18891,19.78663,6.53,HIP 46155,
141.81100,-9.22371,6.53,29 Hya,
142.82904,-47.95251,6.53,HIP 46709,
147.28721,-43.48283,6.53,HIP 48172,
151.30310,-42.17230,6.53,HIP 49413,
152.28192,63.95243,6.53,HIP 49724,
153.55711,-39.10372,6.53,HIP 50149,
154.50482,73.07351,6.53,HR 4016,
154.54381,27.41548,6.53,HR 4041,
162.99421,-55.13833,6.53,HIP 53113,
163.64736,29.63008,6.53,HIP 53345,
164.92122,11.70587,6.53,HR 4281,
173.93868,-72.84194,6.53,HIP 56558,
183.94460,-23.35390,6.53,HR 4661,
188.37429,38.06904,6.53,HIP 61283,
208.93516,-31.28498,6.53,HR 5237,
219.74845,-59.14105,6.53,HIP 71629,
230.73772,-26.68876,6.53,HIP 75288,
231.91989,62.27568,6.53,HR 5754,
235.50736,-64.18029,6.53,HIP 76894,
236.86188,1.54596,6.53,HIP 77354,
236.88311,59.56862,6.53,HIP 77362,
239.27170,-16.03441,6.53,HIP 78120,
242.99136,-54.35293,6.53,HIP 79372,
250.19754,-72.29961,6.53,HIP 81653,
251.73139,-68.10197,6.53,HIP 82147,
254.56466,-65.20454,6.53,HIP 83053,
260.05305,-70.04537,6.53,HR 6400,
260.84443,57.01172,6.53,HIP 85086,
264.82049,3.55524,6.53,HIP 86400,
266.47384,38.88139,6.53,HR 6625,
272.34375,-36.67253,6.53,HR 6772,
278.63650,-24.22239,6.53,25 Sgr,
281.39841,21.98468,6.53,HR 7058,
285.07943,40.68400,6.53,HR 7201,
291.09392,28.08757,6.53,HR 7374,
297.22224,11.68511,6.53,HIP 97489,
301.35974,-12.66516,6.53,65 Sgr,
301.38345,-32.99984,6.53,HR 7668,
301.79772,50.22960,6.53,HR 7702,
308.87352,6.94708,6.53,HIP 101607,
315.13606,-5.47735,6.53,10 Aqr,
317.37001,63.29567,6.53,HR 8109,
317.43356,-44.20982,6.53,HIP 104469,
317.76570,36.29958,6.53,HR 8105,
320.45459,-29.16607,6.53,HIP 105476,
320.64974,2.91851,6.53,HIP 105548,
329.61388,14.02219,6.53,HIP 108471,
343.99318,62.43227,6.53,HIP 113249,
344.21445,11.84834,6.53,HR 8724,
347.69415,-29.52514,6.53,HR 8823,
349.11271,61.96295,6.53,HR 8854,
352.32051,-54.50141,6.53,HIP 115930,
352.87554,28.66617,6.53,HIP 116102,
353.88018,32.19787,6.53,HIP 116427,
359.70515,32.38170,6.53,HR 9068,
4.48461,12.77147,6.54,HIP 1439,
18.09714,-30.80213,6.54,HR 358,
20.46643,50.12198,6.54,HIP 6371,
22.26291,7.29409,6.54,96 Psc,
27.82052,64.85495,6.54,HIP 8626,
30.46004,15.06709,6.54,HIP 9470,
39.33682,39.89610,6.54,HR 760,
40.98152,-7.91249,6.54,HIP 12754,
43.44260,9.33582,6.54,HIP 13495,
51.76341,18.75655,6.54,HR 1036,
56.83317,-29.90173,6.54,HR 1179,
59.51308,34.81397,6.54,HR 1223,
64.60266,9.48716,6.54,HR 1334,
72.80564,68.16878,6.54,HIP 22552,
80.16318,46.96378,6.54,HR 1736,
83.42961,32.74893,6.54,HIP 26077,
86.55821,-23.64436,6.54,HIP 27229,
86.95059,-72.70225,6.54,λ Men,
90.10117,16.29896,6.54,HIP 28447,
95.21715,11.75622,6.54,HR 2276,
96.39480,-2.99145,6.54,HIP 30575,
96.94402,20.78951,6.54,15 Gem,
102.49043,-45.45041,6.54,HR 2546,
105.45630,-11.30092,6.54,HIP 33868,
107.21844,33.93391,6.54,HIP 34497,
111.70944,21.53564,6.54,HR 2835,
112.09577,-37.81017,6.54,HR 2869,
113.21095,22.88761,6.54,HR 2879,
113.66593,80.89670,6.54,HR 2797,
115.49181,-38.52835,6.54,HR 2986,
117.43860,-20.20763,6.54,HR 3048,
120.61288,-44.66696,6.54,HIP 39329,
121.13547,-17.66554,6.54,HIP 39513,
122.58454,69.72508,6.54,HIP 40015,
123.11405,-36.98923,6.54,HIP 40181,
129.52155,9.57461,6.54,37 Cnc,
131.04223,36.91834,6.54,HR 3451,
132.86590,-42.50450,6.54,HR 3530,
140.12271,52.45098,6.54,HIP 45813,
142.38810,-62.36091,6.54,HIP 46546,
143.58159,46.90208,6.54,HR 3797,
143.71140,-12.12955,6.54,HIP 47007,
144.14028,-24.70282,6.54,HR 3828,
145.66387,-72.19080,6.54,HIP 47623,
150.70542,-30.57752,6.54,HR 3956,
152.19022,-10.88480,6.54,HR 3985,
153.70929,-41.72607,6.54,HIP 50196,
155.81088,5.69426,6.54,HR 4079,
161.91635,-64.54718,6.54,HIP 52799,
166.01212,-54.19776,6.54,HIP 54087,
168.97369,-47.92086,6.54,HIP 55019,
170.13018,-10.29453,6.54,HIP 55389,
172.79277,48.78957,6.54,HR 4436,
173.54145,11.02386,6.54,HR 4454,
178.77394,46.47685,6.54,65 UMa,
179.23428,-13.75456,6.54,HIP 58264,
183.00318,-64.51041,6.54,HIP 59488,
185.57708,-15.55541,6.54,HIP 60338,
188.03672,-56.12954,6.54,HIP 61179,
189.21894,70.18472,6.54,HIP 61564,
207.64415,-19.89789,6.54,HR 5202,
211.57405,-8.89162,6.54,94 Vir,
211.62333,16.97023,6.54,HIP 68913,
212.53680,68.86338,6.54,HIP 69207,
214.59902,-33.22055,6.54,HR 5348,
223.58631,-28.34820,6.54,HIP 72930,
238.23625,-65.15250,6.54,HR 5876,
244.71597,-57.89979,6.54,HR 6062,
258.96146,-33.73701,6.54,HIP 84444,
275.02148,-7.98133,6.54,HIP 89846,
276.03558,79.22270,6.54,HIP 90179,
279.63169,-48.72078,6.54,HIP 91406,
280.33764,-50.47266,6.54,HIP 91647,
281.02145,38.53308,6.54,HIP 91898,
281.74627,-50.09464,6.54,HR 7037,
282.33612,43.73439,6.54,HIP 92352,
283.59136,10.80833,6.54,HIP 92779,
287.40152,-36.16481,6.54,HR 7256,
288.06546,47.37499,6.54,HIP 94351,
288.56675,-8.71909,6.54,HIP 94521,
288.98735,27.45593,6.54,HR 7305,
295.70184,22.85163,6.54,HIP 96985,
295.70461,29.33176,6.54,HR 7501,
301.24410,23.21038,6.54,HR 7677,
302.81580,-43.66229,6.54,HIP 99465,
308.47376,10.05973,6.54,HR 7857,
311.61282,-50.80553,6.54,HIP 102506,
314.56486,30.39594,6.54,HIP 103510,
316.67284,-20.18026,6.54,HIP 104204,
317.98691,30.61914,6.54,HIP 104653,
318.92129,-57.63135,6.54,HIP 104965,
319.46895,-48.71826,6.54,HIP 105133,
324.37129,4.68246,6.54,HIP 106755,
327.50808,-47.72513,6.54,HIP 107775,
327.64773,-8.98256,6.54,HIP 107820,
329.64565,-44.06261,6.54,HIP 108484,
332.37444,-7.54865,6.54,HIP 109378,
332.67648,-75.88143,6.54,HR 8420,
335.47014,40.66642,6.54,HIP 110412,
338.39423,40.81902,6.54,HIP 111355,
338.52756,-9.60849,6.54,HIP 111398,
339.44890,-39.85711,6.54,HIP 111718,
344.45045,73.13350,6.54,HIP 113387,
347.48793,14.42655,6.54,HIP 114378,
356.34078,10.17984,6.54,HIP 117173,
5.42679,67.82301,6.55,HIP 1725,
5.80253,-31.03578,6.55,HR 89,
10.39362,-25.19656,6.55,HIP 3266,
11.16307,-65.64952,6.55,HIP 3497,
14.54116,39.47537,6.55,HIP 4542,
17.71044,67.78010,6.55,HIP 5531,
18.12768,2.47158,6.55,35 Cet,
24.83975,-33.56478,6.55,HIP 7721,
26.42721,8.55924,6.55,HIP 8210,
26.64708,17.41270,6.55,HR 515,
26.91180,-20.84517,6.55,HIP 8347,
33.86796,-9.46653,6.55,HR 658,
38.49329,71.29426,6.55,HIP 11930,
39.88212,-64.28172,6.55,HR 798,
43.59515,51.16694,6.55,HIP 13540,
44.06652,29.16407,6.55,HIP 13684,
54.93948,-40.35221,6.55,HIP 17099,
57.32961,-1.45326,6.55,HIP 17856,
61.15411,55.06647,6.55,HIP 19030,
66.23521,-34.75748,6.55,HR 1398,
68.85040,85.52703,6.55,HIP 21386,
72.86261,-51.72556,6.55,HIP 22570,
73.39209,23.31566,6.55,HIP 22743,
74.28983,59.12031,6.55,HIP 23033,
79.20109,-17.14234,6.55,HR 1731,
81.30390,34.85504,6.55,HR 1779,
81.33394,-12.55409,6.55,HIP 25353,
81.37950,-0.54395,6.55,HR 1800,
83.36968,42.10896,6.55,HR 1846,
86.98466,35.15928,6.55,HIP 27380,
88.34522,-42.92133,6.55,HR 2069,
89.26931,49.02969,6.55,HR 2054,
92.19597,8.66943,6.55,HR 2167,
96.96232,47.40493,6.55,HR 2314,
99.00043,4.49803,6.55,HR 2413,
105.32089,32.41456,6.55,HR 2620,
112.57735,-40.98922,6.55,HIP 36474,
112.61916,-50.60897,6.55,HIP 36489,
113.69254,2.72550,6.55,HR 2904,
117.24574,4.33370,6.55,HR 3033,
119.07747,80.26554,6.55,HR 2997,
128.83103,19.59006,6.55,35 Cnc,
131.34717,0.19776,6.55,HIP 42957,
144.02172,-64.95024,6.55,HR 3841,
146.31137,23.47456,6.55,HIP 47853,
149.13062,32.38466,6.55,HIP 48742,
154.32351,41.46743,6.55,HIP 50389,
156.69531,-4.38834,6.55,27 Sex,
159.33572,56.43134,6.55,HIP 51992,
160.82469,-31.75972,6.55,HIP 52447,
172.00860,11.97309,6.55,HIP 55958,
177.27961,5.18337,6.55,HIP 57636,
181.54618,-73.55679,6.55,HIP 59031,
182.61329,-7.77398,6.55,HIP 59346,
188.30083,-52.08284,6.55,HIP 61257,
194.24181,67.24286,6.55,HIP 63203,
198.48986,1.45645,6.55,HIP 64556,
198.79263,18.91890,6.55,HIP 64654,
222.89565,-17.79037,6.55,HIP 72677,
227.46375,-23.98597,6.55,HIP 74206,
233.76909,1.66922,6.55,HR 5791,
238.05486,-45.28436,6.55,HIP 77730,
243.54975,-31.66365,6.55,HIP 79578,
250.05385,-33.74357,6.55,HIP 81620,
251.24994,6.08816,6.55,41 Her,
266.72163,36.08748,6.55,HIP 87024,
267.80844,40.07246,6.55,HR 6669,
268.02168,1.11117,6.55,HIP 87448,
268.23237,-35.01889,6.55,HR 6652,
269.15810,18.61243,6.55,HIP 87834,
269.30507,-55.38125,6.55,HIP 87892,
278.34600,30.89209,6.55,HR 6971,
282.23178,24.05587,6.55,HIP 92319,
283.07764,14.53550,6.55,HIP 92620,
283.89881,42.06028,6.55,HIP 92891,
286.78762,0.64098,6.55,HR 7245,
287.48479,35.66100,6.55,HIP 94156,
288.04075,-37.58311,6.55,HR 7273,
292.57218,33.72845,6.55,HIP 95908,
293.86344,15.61058,6.55,HIP 96353,
294.50610,35.25899,6.55,HIP 96579,
299.20462,-30.57018,6.55,HIP 98152,
299.24041,-57.92564,6.55,HR 7586,
299.42203,-38.05885,6.55,HR 7605,
304.11019,-35.19847,6.55,HR 7729,
305.38353,22.84885,6.55,HIP 100390,
306.70175,81.43415,6.55,HIP 100843,
307.25289,-17.87541,6.55,HIP 101040,
313.12462,18.02733,6.55,HIP 103036,
313.59331,28.52200,6.55,HR 8007,
313.78446,-1.37303,6.55,HR 8006,
315.28472,-13.52999,6.55,9 Aqr,
315.64677,-9.99562,6.55,HIP 103851,
320.84592,37.40655,6.55,HR 8189,
327.22677,-56.27401,6.55,HIP 107690,
328.98072,-46.92796,6.55,HIP 108258,
329.35080,66.13908,6.55,HIP 108378,
333.65925,-15.81853,6.55,HIP 109822,
335.02604,56.91801,6.55,HIP 110266,
335.17641,14.03229,6.55,HIP 110323,
338.47140,61.77813,6.55,HIP 111379,
341.37336,-88.81829,6.55,HR 8294,
341.58776,46.21508,6.55,HIP 112428,
342.38391,10.47862,6.55,HR 8681,
359.69348,46.41318,6.55,HR 9070,
359.91936,-5.89305,6.55,HIP 118298,
3.01258,-13.81318,6.56,HIP 973,
10.71979,16.66246,6.56,HIP 3371,
14.45923,-1.76598,6.56,HIP 4511,
42.97033,44.89421,6.56,HIP 13360,
43.58664,-64.43558,6.56,HR 880,
53.80125,73.34693,6.56,HR 1055,
58.28487,-6.63374,6.56,HIP 18169,
59.13167,-10.85314,6.56,HIP 18440,
69.62296,26.93926,6.56,HR 1470,
82.11002,34.69745,6.56,HIP 25624,
83.87949,-4.36405,6.56,HR 1898,
84.06261,-5.64792,6.56,HR 1906,
86.79290,58.78553,6.56,HIP 27314,
90.53699,-5.13696,6.56,HIP 28595,
94.24352,7.05258,6.56,HR 2248,
95.75613,-3.27698,6.56,HIP 30351,
96.16236,35.25503,6.56,HIP 30497,
97.21816,0.12796,6.56,HIP 30874,
99.00934,56.38607,6.56,9 Lyn,
99.70585,4.70061,6.56,HR 2441,
101.35855,-52.20092,6.56,HR 2513,
103.19594,-54.09034,6.56,HR 2587,
105.09841,-49.13506,6.56,HIP 33728,
110.32002,-8.87790,6.56,HR 2798,
112.98185,38.89607,6.56,HR 2872,
113.73921,3.27660,6.56,HIP 36882,
115.77906,-49.99300,6.56,HR 3005,
115.91296,-25.50383,6.56,HR 2992,
116.63931,-40.05951,6.56,HR 3025,
120.46358,-44.59991,6.56,HIP 39272,
122.08067,-23.61779,6.56,HIP 39834,
123.42372,23.13773,6.56,HR 3224,
123.52142,-44.57579,6.56,HIP 40330,
126.45153,1.57432,6.56,HIP 41315,
128.38965,-16.10962,6.56,HIP 41992,
131.21170,-44.54260,6.56,HIP 42922,
134.20704,-17.43340,6.56,HIP 43920,
134.57621,18.30828,6.56,HIP 44056,
155.31060,-13.78653,6.56,HIP 50705,
156.68313,-47.65982,6.56,HIP 51130,
162.77498,-18.33221,6.56,HIP 53037,
162.97223,-49.15756,6.56,HIP 53106,
174.39207,-60.90323,6.56,HIP 56702,
183.56440,-5.71660,6.56,HIP 59676,
185.33807,-62.28163,6.56,HIP 60259,
189.05111,-52.41772,6.56,HIP 61513,
201.52608,-16.85849,6.56,HIP 65532,
202.84378,-42.46475,6.56,HIP 65955,
203.75712,12.51396,6.56,HIP 66275,
207.22974,-35.70418,6.56,HR 5189,
210.01949,-8.16164,6.56,HIP 68398,
211.30839,-16.33599,6.56,HR 5284,
213.82084,52.53592,6.56,HR 5345,
222.71154,-53.36832,6.56,HIP 72617,
225.25938,-64.57605,6.56,HIP 73483,
233.26965,16.01204,6.56,HIP 76136,
234.66645,-8.79471,6.56,HR 5815,
245.11755,-12.91104,6.56,HIP 80060,
249.63558,48.86229,6.56,HIP 81483,
258.63946,26.05190,6.56,HIP 84340,
275.00714,-48.76524,6.56,HIP 89840,
280.96456,10.90114,6.56,HIP 91882,
284.48856,77.05083,6.56,HR 7247,
290.10914,-31.81760,6.56,HR 7323,
290.22626,22.19879,6.56,HIP 95109,
299.35305,-6.69791,6.56,HIP 98210,
300.65093,-45.19602,6.56,HIP 98682,
300.80247,4.73026,6.56,HIP 98730,
303.79566,55.65646,6.56,HIP 99818,
305.11615,-29.19722,6.56,HR 7764,
306.96578,65.75578,6.56,HIP 100933,
317.54167,-43.38273,6.56,HIP 104508,
319.94027,-26.35288,6.56,HR 8148,
320.58876,77.09026,6.56,HIP 105526,
322.17613,25.92134,6.56,HIP 106036,
328.00189,55.79197,6.56,HIP 107929,
331.02799,44.34512,6.56,HIP 108933,
337.01463,44.12058,6.56,HIP 110896,
337.43349,35.72563,6.56,HR 8569,
338.16432,13.04454,6.56,HIP 111282,
341.68194,-46.93945,6.56,HR 8662,
345.63905,31.78160,6.56,HR 8765,
345.64656,16.23243,6.56,HIP 113787,
356.37219,20.41544,6.56,HIP 117182,
357.98780,77.59938,6.56,HR 9034,
359.23179,55.84034,6.56,HIP 118057,
5.22747,10.97690,6.57,HR 81,
5.97187,60.96141,6.57,HIP 1892,
7.76637,55.70262,6.57,HIP 2440,
14.69061,-5.88282,6.57,HIP 4592,
21.47990,-8.50439,6.57,HIP 6690,
21.74207,-32.54318,6.57,HR 423,
21.99768,-22.03693,6.57,HIP 6835,
25.83928,59.63276,6.57,HIP 8052,
30.53299,28.40021,6.57,HIP 9493,
32.28281,71.55201,6.57,54 Cas,
33.57888,-76.35754,6.57,HIP 10422,
34.76856,57.13550,6.57,HIP 10805,
35.52759,22.87359,6.57,HIP 11035,
42.71754,-67.52238,6.57,HIP 13274,
48.78148,73.86814,6.57,HIP 15135,
56.96945,33.59987,6.57,HR 1163,
60.89115,-25.84790,6.57,HIP 18939,
62.05462,43.19114,6.57,HIP 19298,
64.20288,16.21439,6.57,HIP 19960,
77.89932,-37.39528,6.57,HR 1699,
80.15967,71.71468,6.57,HIP 24948,
83.84110,-4.49417,6.57,HR 1890,
84.45036,-34.68969,6.57,HIP 26466,
85.47818,23.32623,6.57,HR 1951,
86.45630,40.50724,6.57,HR 1974,
88.64457,-4.06471,6.57,HR 2058,
91.73265,16.36671,6.57,HIP 28978,
92.45476,2.86947,6.57,HIP 29236,
95.17527,72.14596,6.57,HIP 30153,
95.92818,-16.46719,6.57,HIP 30414,
96.81574,14.88923,6.57,HIP 30722,
97.23490,26.96746,6.57,HR 2339,
97.52332,9.02971,6.57,HR 2362,
100.69776,-4.14088,6.57,HIP 32146,
103.66573,15.83794,6.57,HIP 33205,
106.08406,1.48849,6.57,HR 2654,
108.44680,-31.08363,6.57,HR 2741,
110.09569,-56.29465,6.57,HIP 35567,
112.82233,-1.12588,6.57,HIP 36565,
118.99416,-12.60819,6.57,HIP 38748,
126.88865,-20.84396,6.57,HR 3335,
128.22408,-47.60551,6.57,HIP 41928,
133.06829,8.06292,6.57,HIP 43557,
140.31394,15.37135,6.57,HR 3711,
140.95739,-35.24753,6.57,HIP 46081,
142.55875,-24.27407,6.57,HIP 46609,
142.66773,-28.76648,6.57,HIP 46646,
154.19116,-20.66968,6.57,HR 4040,
155.14221,-31.81367,6.57,HIP 50641,
157.90107,2.84477,6.57,HIP 51538,
160.65618,3.58311,6.57,34 Sex,
166.23987,-59.85890,6.57,HIP 54179,
169.88227,32.82513,6.57,HIP 55302,
173.80763,-60.89455,6.57,HIP 56519,
173.93091,10.91128,6.57,HR 4464,
180.43449,22.09430,6.57,1 Com,
184.53988,-3.94878,6.57,HR 4678,
188.77650,18.37707,6.57,24 Com,
198.38316,72.79910,6.57,HR 5003,
205.15690,-44.33023,6.57,HIP 66722,
207.07494,-6.83738,6.57,88 Vir,
207.96582,10.13593,6.57,HIP 67674,
210.07866,-46.12725,6.57,HIP 68414,
211.67352,-14.20489,6.57,HIP 68937,
212.06608,24.31505,6.57,HIP 69067,
214.07640,-33.24132,6.57,HR 5337,
216.79701,-66.56803,6.57,HIP 70661,
221.46574,13.10141,6.57,HIP 72183,
230.37540,-38.21869,6.57,HR 5697,
231.29663,-47.21743,6.57,HIP 75482,
232.29934,80.44860,6.57,HR 5829,
232.73097,8.57909,6.57,HR 5758,
233.07447,-10.43875,6.57,HIP 76079,
239.97010,-31.16845,6.57,HIP 78352,
242.51631,26.74275,6.57,Kamuy,
244.06967,23.12273,6.57,17 Her,
245.07588,36.97558,6.57,HIP 80042,
250.66245,-61.78502,6.57,HIP 81814,
253.66761,-11.79246,6.57,HR 6278,
255.12249,6.58371,6.57,HR 6317,
255.29012,27.19653,6.57,HR 6328,
257.91604,45.32445,6.57,HIP 84106,
258.99540,27.13413,6.57,HIP 84455,
261.97839,-47.02622,6.57,HIP 85467,
267.53069,-64.30510,6.57,HIP 87286,
268.61808,3.73215,6.57,HIP 87675,
278.58155,20.46641,6.57,HR 6975,
279.30258,11.42151,6.57,HR 6992,
281.32803,-35.85677,6.57,HIP 92017,
283.99996,-80.72789,6.57,HIP 92928,
286.21917,19.14428,6.57,HIP 93705,
287.18424,-18.95279,6.57,HIP 94040,
289.33323,39.12108,6.57,HIP 94799,
289.90590,-51.57260,6.57,HIP 94975,
290.11281,-1.30976,6.57,HIP 95055,
292.05776,29.45027,6.57,HIP 95728,
296.00750,9.51763,6.57,HIP 97101,
302.53247,8.44340,6.57,HIP 99367,
303.66507,36.75207,6.57,HIP 99777,
304.35491,39.59354,6.57,HIP 100013,
304.61229,-72.97933,6.57,HIP 100103,
307.58326,49.78017,6.57,HIP 101164,
308.05635,65.39922,6.57,HIP 101325,
311.15188,47.29691,6.57,HIP 102377,
314.07606,-3.56169,6.57,HR 8014,
314.57796,23.04634,6.57,HIP 103516,
317.19862,-76.21247,6.57,HR 8052,
321.23102,49.32313,6.57,HR 8206,
322.49823,-19.14783,6.57,HR 8222,
326.48526,25.58342,6.57,HIP 107462,
328.40015,-10.31162,6.57,HR 8355,
332.07825,24.15678,6.57,HIP 109281,
345.22812,38.70784,6.57,HR 8758,
346.74154,-30.04814,6.57,HIP 114139,
348.84785,-56.69188,6.57,HIP 114810,
348.99117,24.77095,6.57,HR 8845,
350.84198,-55.55340,6.57,HIP 115462,
352.96524,-41.75238,6.57,HIP 116131,
352.98329,-25.74414,6.57,HIP 116141,
354.04018,-26.87631,6.57,HIP 116482,
358.25383,17.89977,6.57,HIP 117770,
359.11494,83.19112,6.57,HR 9056,
207.22980,-35.70495,6.57,HR 5189,
288.02369,49.85492,6.57,HR 7294,
3.00571,23.47175,6.58,HIP 969,
6.66441,56.64121,6.58,HIP 2101,
8.79007,36.83223,6.58,HIP 2753,
19.05022,-42.00972,6.58,HIP 5927,
24.34248,74.30096,6.58,HR 449,
40.16678,-69.23300,6.58,HIP 12485,
42.60846,31.97289,6.58,HIP 13241,
42.89977,-63.54067,6.58,HIP 13333,
43.86761,73.37113,6.58,HIP 13621,
44.20188,-35.37779,6.58,HIP 13727,
50.88667,58.72202,6.58,HIP 15795,
55.34329,-19.58439,6.58,HR 1128,
56.83218,-50.75402,6.58,HIP 17688,
62.14108,-45.86480,6.58,HR 1291,
68.40870,16.32334,6.58,HIP 21257,
70.04594,40.78901,6.58,HIP 21749,
82.25459,42.27052,6.58,HIP 25674,
83.48994,1.40765,6.58,HR 1871,
86.90474,54.49466,6.58,HIP 27355,
90.21263,-42.87046,6.58,HIP 28489,
90.57127,1.69405,6.58,HR 2127,
91.74398,-6.20272,6.58,HIP 28985,
93.38856,18.68035,6.58,HR 2207,
94.72677,23.60328,6.58,10 Gem,
97.63837,-12.08105,6.58,HIP 31020,
97.87290,-21.40555,6.58,HIP 31092,
100.13075,61.92253,6.58,41 Cam,
102.88915,-6.96651,6.58,HIP 32923,
103.07522,-5.17371,6.58,HIP 32984,
104.53554,-10.31571,6.58,HIP 33534,
105.44671,-35.54792,6.58,HIP 33864,
105.52805,-3.75483,6.58,HIP 33891,
111.03930,-58.49195,6.58,HIP 35910,
111.78798,11.95500,6.58,HIP 36189,
112.29720,12.76002,6.58,HIP 36371,
112.32845,6.58211,6.58,HIP 36389,
115.94964,-40.30933,6.58,HIP 37675,
124.24200,59.18936,6.58,HIP 40570,
126.50442,-10.51658,6.58,HIP 41336,
128.62079,-51.09313,6.58,HIP 42069,
129.50683,-11.74373,6.58,HIP 42348,
130.82533,-38.88238,6.58,HIP 42808,
131.66660,28.76506,6.58,ι Cnc,48 Cnc
135.93750,-17.49660,6.58,HIP 44478,
141.51588,-1.23494,6.58,HIP 46273,
145.87755,-20.36584,6.58,HIP 47698,
151.74954,-71.47803,6.58,HIP 49546,
159.07245,-10.58340,6.58,HR 4155,
166.78483,-32.58703,6.58,HR 4324,
170.67396,40.17547,6.58,HIP 55549,
179.43876,-8.54871,6.58,HIP 58331,
180.02155,-78.19293,6.58,HIP 58520,
185.44429,-49.94896,6.58,HIP 60291,
190.52707,-54.76086,6.58,HIP 61982,
195.13975,-33.05133,6.58,HIP 63491,
205.43986,-33.59738,6.58,HR 5147,
206.57501,-62.45160,6.58,HIP 67206,
214.98909,-73.96844,6.58,HIP 70042,
223.27759,-38.25700,6.58,HIP 72823,
228.46206,-1.35139,6.58,HIP 74537,
229.11884,-44.50370,6.58,HIP 74740,
237.64525,-26.28962,6.58,HIP 77606,
240.19531,-72.46290,6.58,HIP 78434,
244.59805,-73.04340,6.58,HIP 79887,
251.07249,-27.45624,6.58,HR 6216,
251.47361,-83.23988,6.58,HR 6138,
254.04006,15.38367,6.58,HIP 82870,
255.13485,-45.45176,6.58,HR 6303,
257.69063,12.46698,6.58,HR 6385,
259.00322,-87.56628,6.58,HR 6133,
264.70650,32.73936,6.58,HR 6579,
266.09989,-22.19490,6.58,HIP 86819,
267.56252,25.29100,6.58,HIP 87297,
273.86115,-48.85158,6.58,HIP 89460,
278.04742,52.11554,6.58,HR 6974,
281.38005,19.96990,6.58,HIP 92032,
283.03488,-21.92153,6.58,31 Sgr,
283.63516,-49.87907,6.58,HR 7108,
287.21769,-2.28719,6.58,HIP 94053,
289.13652,-33.52232,6.58,HR 7296,
291.05295,-62.99818,6.58,HIP 95385,
293.11880,-30.86947,6.58,HIP 96111,
298.77709,30.19490,6.58,HR 7607,
300.23318,-74.01256,6.58,HIP 98522,
303.41897,24.23902,6.58,HR 7723,
307.33810,20.08770,6.58,HR 7833,
314.98014,40.25882,6.58,HIP 103641,
316.84113,-0.76513,6.58,HIP 104265,
317.23922,-5.58188,6.58,HIP 104395,
323.07114,48.44383,6.58,HIP 106346,
327.51034,52.69732,6.58,HIP 107777,
329.84524,57.65852,6.58,HR 8389,
339.73165,-38.47734,6.58,HIP 111815,
351.55131,-27.42459,6.58,HIP 115681,
354.49332,46.19944,6.58,HR 8964,
0.80547,17.55227,6.59,HIP 258,
4.04790,-79.85118,6.59,HIP 1292,
7.45418,-32.11598,6.59,HR 116,
18.19875,-6.78338,6.59,36 Cet,
19.12198,42.93942,6.59,HIP 5944,
20.96195,17.81834,6.59,92 Psc,
21.72314,3.53564,6.59,HR 419,
21.94536,40.33580,6.59,HR 422,
22.18124,-33.76397,6.59,HR 431,
25.95022,74.60450,6.59,HIP 8082,
27.94657,18.29000,6.59,HIP 8689,
35.05359,64.33695,6.59,HR 668,
38.04736,-32.60633,6.59,HIP 11794,
43.32594,-22.09078,6.59,HIP 13458,
43.87340,-25.30466,6.59,HIP 13626,
57.87983,-21.28111,6.59,HIP 18052,
61.85517,-42.91678,6.59,HR 1285,
62.88186,-0.42250,6.59,HIP 19569,
64.30129,50.86581,6.59,HIP 19986,
67.24903,16.15909,6.59,HIP 20916,
72.26982,-56.66658,6.59,HIP 22381,
76.15381,32.32027,6.59,HR 1627,
77.37396,-2.13502,6.59,HIP 23995,
84.68276,41.83922,6.59,HIP 26546,
87.71415,14.04806,6.59,HIP 27618,
88.63444,11.76320,6.59,HR 2050,
89.40559,45.90134,6.59,HIP 28208,
93.13416,-61.47405,6.59,HIP 29468,
93.50209,33.24428,6.59,HIP 29581,
94.01663,59.21504,6.59,HIP 29763,
94.38881,14.05868,6.59,HR 2250,
97.25070,11.01921,6.59,HR 2351,
97.98189,-18.06226,6.59,HIP 31131,
98.59026,-3.07410,6.59,HIP 31344,
99.98712,-38.15900,6.59,HR 2465,
102.94700,86.68434,6.59,HIP 32948,
105.48025,5.55715,6.59,HR 2633,
108.10074,-27.47476,6.59,HR 2724,
110.22122,-22.85043,6.59,HR 2799,
114.43667,-35.27716,6.59,HR 2942,
117.77623,-18.24729,6.59,HIP 38331,
120.15180,12.64180,6.59,HIP 39164,
120.65630,-36.40123,6.59,HIP 39353,
129.96132,19.54082,6.59,HIP 42497,
129.97310,-17.30298,6.59,HIP 42502,
133.65936,-11.37744,6.59,HIP 43746,
134.53419,1.54159,6.59,HR 3573,
137.88631,-57.96840,6.59,HIP 45121,
144.79480,43.14417,6.59,HIP 47380,
145.46790,-30.30338,6.59,HIP 47564,
149.10936,54.24377,6.59,HIP 48735,
149.31379,-64.48935,6.59,HR 3948,
153.75336,-44.46781,6.59,HIP 50210,
162.65237,23.40629,6.59,HIP 53005,
172.58613,-25.79861,6.59,HIP 56130,
173.05221,36.24725,6.59,HIP 56274,
176.78259,61.40186,6.59,HIP 57498,
178.07595,-51.31477,6.59,HIP 57885,
181.00144,-10.29612,6.59,HIP 58830,
182.86911,-44.28285,6.59,HIP 59433,
202.44618,1.09535,6.59,HIP 65839,
205.00242,-70.78779,6.59,HR 5125,
207.02127,42.04747,6.59,HIP 67338,
207.50634,78.99569,6.59,HIP 67512,
208.58906,-17.18012,6.59,HIP 67896,
213.45609,11.99775,6.59,HIP 69517,
218.53321,-42.09926,6.59,HR 5431,
219.23268,42.83116,6.59,HIP 71466,
220.67685,14.70858,6.59,HIP 71931,
222.31218,-59.40736,6.59,HIP 72482,
224.93784,-43.81134,6.59,HIP 73383,
225.62490,-7.84043,6.59,HIP 73587,
225.77740,44.64452,6.59,HR 5612,
225.90205,34.56576,6.59,HR 5613,
226.77861,2.36261,6.59,HIP 73977,
229.58437,26.84037,6.59,HIP 74893,
229.87112,-71.79205,6.59,HIP 74999,
234.63600,-39.16070,6.59,HR 5805,
242.56635,-26.90913,6.59,HIP 79235,
243.67600,7.85824,6.59,12 Her,
248.39968,-53.20022,6.59,HIP 81079,
248.42428,38.09106,6.59,HIP 81085,
252.31368,29.96471,6.59,48 Her,
254.45925,-39.11572,6.59,HIP 83014,
256.11599,-28.58268,6.59,HIP 83541,
257.29314,-68.84674,6.59,HIP 83925,
258.28927,-37.95238,6.59,HIP 84238,
259.50254,-24.28411,6.59,ο Oph,39 Oph
259.52970,-24.07302,6.59,HIP 84636,
263.61348,16.50437,6.59,HR 6551,
269.06700,-32.47500,6.59,HIP 87810,
270.64441,30.55551,6.59,HIP 88356,
273.29167,-4.01161,6.59,HR 6813,
277.97222,-19.12507,6.59,HR 6947,
282.32151,-34.74916,6.59,HR 7070,
287.00824,24.72604,6.59,HIP 93974,
288.38931,-62.92258,6.59,HIP 94460,
290.35575,57.76681,6.59,HR 7365,
295.08875,-5.44752,6.59,HIP 96783,
298.91920,40.17290,6.59,HIP 98058,
305.31451,15.10429,6.59,HIP 100365,
309.06622,16.81473,6.59,HIP 101645,
316.05872,-50.43536,6.59,HIP 103998,
328.59361,-85.03356,6.59,HIP 108129,
333.12448,-40.20316,6.59,HIP 109631,
333.29463,86.22136,6.59,HIP 109694,
333.29787,25.94057,6.59,HIP 109696,
336.74653,56.43356,6.59,HR 8554,
337.53495,31.21579,6.59,HIP 111075,
347.38529,29.66963,6.59,HIP 114348,
349.48578,-13.79517,6.59,HIP 115038,
349.69185,-47.43538,6.59,HIP 115098,
350.49275,26.60890,6.59,HR 8888,
354.70461,62.13496,6.59,HIP 116687,
357.43631,-62.83949,6.59,HR 9023,
358.70532,74.41009,6.59,HIP 117893,
0.42868,24.25311,6.60,HIP 136,
4.98449,16.25087,6.60,40 Psc,
7.62209,-39.51855,6.60,HIP 2392,
17.79408,46.18385,6.60,HIP 5551,
20.35254,-50.93693,6.60,HIP 6336,
22.10149,17.07926,6.60,HIP 6869,
23.19879,35.84268,6.60,HIP 7201,
23.26469,-9.01466,6.60,HR 444,
24.89985,45.87777,6.60,HIP 7734,
28.59230,8.78105,6.60,HIP 8883,
40.08725,49.56025,6.60,HIP 12453,
43.88151,2.01827,6.60,HIP 13629,
45.37112,32.41273,6.60,HIP 14081,
50.02891,69.73131,6.60,HIP 15534,
53.33724,47.95008,6.60,HIP 16570,
57.67475,1.56395,6.60,HIP 17988,
60.18188,-71.16680,6.60,HIP 18729,
61.65378,-18.05081,6.60,HIP 19174,
65.39497,14.40979,6.60,HIP 20357,
68.38182,-6.98808,6.60,HIP 21249,
76.36369,46.91638,6.60,HIP 23684,
76.47255,26.42993,6.60,HIP 23712,
80.15393,-43.53395,6.60,HIP 24943,
82.32216,-62.31426,6.60,HR 1867,
89.01427,13.92491,6.60,HR 2067,
91.19463,-48.45830,6.60,HR 2162,
91.65984,-16.51839,6.60,HIP 28948,
92.92959,-18.18608,6.60,HIP 29399,
93.24748,10.28741,6.60,HIP 29508,
93.84857,-11.90444,6.60,HIP 29699,
96.46411,0.81274,6.60,HIP 30601,
96.66336,13.10117,6.60,HIP 30665,
106.86591,-52.20455,6.60,HIP 34370,
108.34897,13.76297,6.60,HIP 34913,
110.39430,-5.89719,6.60,HIP 35669,
112.74462,-10.10753,6.60,HIP 36539,
113.34087,-68.76853,6.60,HIP 36735,
115.21916,-31.66117,6.60,HR 2974,
118.60634,-28.10534,6.60,HIP 38615,
122.37729,-59.54158,6.60,HIP 39949,
124.22595,-21.32065,6.60,HR 3255,
126.97368,-26.13296,6.60,HR 3339,
130.05557,6.56564,6.60,HIP 42528,
131.68979,-18.75784,6.60,HIP 43108,
131.77236,-45.07475,6.60,HIP 43128,
131.78037,28.16180,6.60,HIP 43129,
142.34377,-43.19025,6.60,HIP 46526,
146.53746,-45.91796,6.60,HIP 47940,
151.03059,-81.56549,6.60,μ² Cha,
151.36057,-34.88267,6.60,HIP 49428,
152.31196,6.17090,6.60,16 Sex,
152.84403,49.45424,6.60,HIP 49908,
154.06686,17.74034,6.60,HR 4028,
168.28153,67.32293,6.60,HIP 54801,
169.74958,14.26860,6.60,HIP 55254,
179.31089,40.34374,6.60,HR 4572,
184.98033,-26.73693,6.60,HIP 60132,
188.87441,-61.74081,6.60,HIP 61444,
205.37858,-23.44981,6.60,HR 5146,
205.52658,65.27308,6.60,HIP 66857,
206.65247,-62.90962,6.60,HIP 67232,
207.43398,8.40864,6.60,HIP 67481,
217.20065,-5.21869,6.60,HIP 70802,
218.39791,65.39543,6.60,HIP 71192,
224.25801,-51.44725,6.60,HR 5560,
225.62778,31.68385,6.60,HIP 73589,
225.68696,-3.03139,6.60,HR 5599,
230.15210,-5.11974,6.60,HIP 75084,
251.37573,-19.13693,6.60,HIP 82038,
254.02679,50.03888,6.60,HR 6306,
256.18134,-25.64535,6.60,31 Oph,
264.94982,49.77985,6.60,HIP 86446,
267.25953,54.19438,6.60,HIP 87210,
268.13004,16.90051,6.60,HIP 87485,
277.73444,-48.01481,6.60,HIP 90743,
277.81211,65.43602,6.60,HR 6979,
279.22526,3.78989,6.60,HIP 91259,
280.59373,-47.76097,6.60,HIP 91732,
283.32705,40.99519,6.60,HIP 92700,
289.76559,33.38881,6.60,HR 7335,
290.67045,37.58122,6.60,HIP 95245,
291.44485,58.02732,6.60,HR 7401,
292.56205,-32.09140,6.60,HR 7399,
292.78436,58.58601,6.60,HIP 95995,
294.13507,43.70611,6.60,HIP 96449,
294.98133,-39.43289,6.60,HR 7464,
304.68178,-61.90671,6.60,HIP 100128,
304.95134,37.13251,6.60,HR 7782,
312.30025,35.56356,6.60,HIP 102755,
317.49429,45.50256,6.60,HR 8103,
318.86345,42.02638,6.60,HIP 104941,
319.68333,-61.35280,6.60,HIP 105214,
327.89052,0.77055,6.60,HIP 107886,
337.93851,-35.29045,6.60,HIP 111206,
338.96706,39.62815,6.60,8 Lac,
343.57536,17.79500,6.60,HIP 113105,
344.27857,-3.24522,6.60,HIP 113331,
345.17673,31.08296,6.60,HR 8753,
351.58728,61.08685,6.60,HIP 115691,
358.94040,-13.15258,6.60,HIP 117978,
0.00502,38.85928,6.61,HIP 3,
1.22906,58.53217,6.61,HIP 398,
11.14731,-78.08219,6.61,HIP 3490,
13.97067,-53.19254,6.61,HIP 4360,
15.39243,-38.21477,6.61,HIP 4794,
16.61070,-35.66067,6.61,HR 323,
19.10205,48.08225,6.61,HR 369,
30.38910,23.39545,6.61,HIP 9452,
37.86261,58.02479,6.61,HIP 11733,
43.35158,31.64469,6.61,HIP 13464,
43.58286,-55.87921,6.61,HIP 13536,
44.57820,32.46088,6.61,HIP 13851,
48.88233,-8.77009,6.61,HIP 15173,
49.32252,-23.52027,6.61,HIP 15291,
52.83647,27.57182,6.61,HR 1065,
55.11684,5.12587,6.61,HIP 17155,
57.51443,37.87388,6.61,HIP 17930,
62.67650,18.42325,6.61,HIP 19504,
63.20016,-23.82118,6.61,HIP 19666,
69.53157,-58.20381,6.61,HIP 21585,
73.48252,1.56937,6.61,HR 1565,
87.75457,65.75407,6.61,HIP 27634,
88.62348,-8.41265,6.61,HIP 27920,
90.02517,27.27219,6.61,HIP 28417,
90.31293,65.52541,6.61,HIP 28523,
93.67476,-73.62651,6.61,HIP 29635,
93.92229,18.29749,6.61,HIP 29731,
94.91739,16.01325,6.61,HIP 30067,
94.94979,-39.48649,6.61,HIP 30079,
95.02527,-48.74109,6.61,HR 2290,
95.94857,-19.78539,6.61,HR 2306,
96.95256,-62.14993,6.61,HIP 30760,
98.26671,78.97953,6.61,HIP 31231,
98.72367,16.20578,6.61,HIP 31396,
99.06279,58.10678,6.61,HIP 31552,
101.02173,62.96299,6.61,HIP 32252,
101.12628,82.11533,6.61,HR 2350,
105.48721,63.67693,6.61,HIP 33880,
106.74996,-26.65675,6.61,HR 2688,
110.97681,-30.21701,6.61,HR 2824,
112.92793,-35.88781,6.61,HR 2889,
114.60008,-39.99195,6.61,HR 2952,
117.01425,5.40981,6.61,HIP 38062,
118.11823,-13.86279,6.61,HIP 38436,
120.67059,-49.95046,6.61,HIP 39355,
122.84028,38.73131,6.61,HR 3193,
124.62027,54.56384,6.61,HIP 40699,
126.28875,-55.47283,6.61,HIP 41266,
126.82195,-6.40972,6.61,HR 3325,
127.21692,-42.58747,6.61,HIP 41599,
130.04772,19.97113,6.61,40 Cnc,
136.71324,38.27844,6.61,HIP 44728,
136.82787,-57.46373,6.61,HIP 44757,
138.37989,-49.09454,6.61,HIP 45264,
138.58939,-32.55694,6.61,HIP 45335,
139.74513,17.70535,6.61,83 Cnc,
139.81401,26.25184,6.61,HIP 45723,
144.45791,24.67028,6.61,9 Leo,
147.36852,36.74739,6.61,HIP 48192,
155.82314,-13.37715,6.61,HIP 50874,
156.10529,2.39325,6.61,HIP 50958,
156.70541,-73.16795,6.61,HIP 51141,
157.25664,29.72752,6.61,HIP 51325,
159.72723,16.12742,6.61,50 Leo,
162.32198,-4.02393,6.61,40 Sex,
169.68234,-58.18641,6.61,HIP 55238,
169.84432,-1.65489,6.61,HIP 55288,
173.88296,11.18861,6.61,HIP 56535,
175.90433,-80.48348,6.61,HIP 57192,
180.77788,-48.19494,6.61,HIP 58765,
182.76215,-45.42287,6.61,HR 4636,
183.98160,-54.05681,6.61,HIP 59811,
186.08919,-47.37294,6.61,HIP 60517,
186.21655,-72.60390,6.61,HIP 60561,
187.25250,-83.80267,6.61,HIP 60912,
188.96982,-12.06913,6.61,HIP 61486,
189.28175,8.79687,6.61,HIP 61579,
190.94872,-12.01422,6.61,HIP 62109,
192.55848,-62.64130,6.61,HIP 62651,
199.34157,-11.48353,6.61,HIP 64828,
202.31696,-45.53777,6.61,HIP 65798,
208.63209,-22.24504,6.61,HIP 67908,
212.76038,-48.78244,6.61,HIP 69299,
217.13315,-10.00429,6.61,HIP 70784,
220.08032,-45.79384,6.61,HIP 71727,
221.59764,56.61640,6.61,HIP 72238,
224.55588,-11.15476,6.61,17 Lib,
240.17713,31.56824,6.61,HIP 78429,
241.85466,-48.42244,6.61,HIP 78991,
242.55125,1.60109,6.61,HIP 79231,
242.60118,43.81764,6.61,14 Her,
244.24486,-21.30413,6.61,HR 6066,
247.93576,-64.47341,6.61,HIP 80948,
253.58208,-41.81987,6.61,HR 6265,
259.62456,25.80800,6.61,HIP 84663,
263.17212,74.22736,6.61,29 Dra,
263.92732,-6.12033,6.61,HIP 86097,
266.96691,34.27787,6.61,HIP 87105,
267.85730,-53.83879,6.61,HIP 87386,
271.95147,13.07111,6.61,HR 6776,
272.03019,2.21865,6.61,HIP 88841,
275.10553,28.98353,6.61,HIP 89878,
276.31331,-13.97842,6.61,HIP 90281,
281.51607,-27.49900,6.61,HIP 92086,
283.36884,42.90261,6.61,HIP 92713,
285.92701,21.26835,6.61,HR 7222,
288.70918,31.86035,6.61,HIP 94576,
289.09332,-75.80010,6.61,HIP 94714,
293.28235,5.02939,6.61,HIP 96159,
293.40181,38.76197,6.61,HR 7436,
294.68066,-10.15666,6.61,HIP 96622,
300.48144,31.11757,6.61,HIP 98630,
302.64042,48.23118,6.61,HIP 99405,
304.71112,26.99124,6.61,HIP 100145,
306.93435,-30.86784,6.61,HIP 100925,
308.21803,43.19157,6.61,HR 7861,
309.57057,48.07011,6.61,HIP 101839,
309.84636,45.66691,6.61,HR 7912,
310.05216,-2.65511,6.61,HIP 101998,
314.05327,51.07502,6.61,HR 8022,
314.97845,-13.05163,6.61,8 Aqr,
316.88698,-0.16385,6.61,HIP 104279,
319.56756,-75.34676,6.61,HR 8111,
319.66470,24.65946,6.61,HIP 105205,
322.05811,-11.56828,6.61,HR 8212,
326.10591,46.86283,6.61,HIP 107339,
328.33257,53.99718,6.61,HIP 108039,
328.59180,12.75106,6.61,HIP 108127,
335.26597,-62.54830,6.61,HIP 110355,
336.79539,61.91221,6.61,HIP 110828,
338.95706,20.27433,6.61,HIP 111541,
351.08709,86.41779,6.61,HIP 115550,
353.23529,46.12368,6.61,HIP 116228,
355.27909,-24.16048,6.61,HR 8978,
358.88583,52.73558,6.61,HIP 117954,
0.42345,-40.14870,6.62,HIP 133,
1.50223,28.27695,6.62,HIP 502,
11.26002,62.52860,6.62,HIP 3532,
22.87450,-29.98498,6.62,HIP 7100,
29.47104,75.33607,6.62,HIP 9147,
29.75298,-22.91980,6.62,HIP 9258,
44.90163,-7.17995,6.62,HIP 13944,
45.60838,26.60924,6.62,51 Ari,
48.79606,-64.44388,6.62,HIP 15140,
52.97475,48.73515,6.62,HIP 16450,
57.34062,24.38096,6.62,HIP 17862,
60.91414,-47.86189,6.62,HIP 18950,
63.03864,0.73559,6.62,HIP 19611,
68.44432,13.25188,6.62,HIP 21267,
69.15806,36.95279,6.62,HIP 21468,
70.93493,-52.26329,6.62,HIP 21999,
76.15818,27.69602,6.62,HR 1632,
77.86479,30.80533,6.62,HIP 24172,
80.22177,9.72465,6.62,HIP 24971,
80.46246,-13.75568,6.62,HR 1769,
81.74652,-2.36065,6.62,HIP 25480,
83.31472,32.28935,6.62,HIP 26034,
84.46724,71.65437,6.62,HIP 26474,
85.84507,29.20022,6.62,HIP 26969,
86.99199,-40.65297,6.62,HR 2017,
88.54974,-64.48224,6.62,HR 2104,
89.06024,51.80399,6.62,HR 2045,
89.90729,-1.44406,6.62,HR 2109,
93.18580,-2.50482,6.62,HR 2210,
93.77517,-71.70277,6.62,HR 2283,
94.72443,35.20795,6.62,HIP 30002,
101.51341,-39.54026,6.62,HR 2507,
102.56949,-17.29198,6.62,HIP 32801,
104.92305,-33.47572,6.62,HIP 33669,
105.04071,-31.14169,6.62,HIP 33705,
106.07124,37.56397,6.62,HIP 34103,
107.46737,-16.23473,6.62,HIP 34589,
111.66951,-23.71261,6.62,HR 2850,
113.88990,-26.62865,6.62,HIP 36934,
117.06278,-54.71428,6.62,HIP 38081,
120.08139,-45.45695,6.62,HR 3146,
121.26377,-33.59132,6.62,HIP 39565,
123.62355,-40.82587,6.62,HIP 40366,
127.69341,-41.51501,6.62,HIP 41746,
128.15670,-14.41797,6.62,HIP 41899,
129.48365,-74.57394,6.62,HIP 42342,
139.89123,-11.31496,6.62,HR 3702,
139.96325,5.21605,6.62,HIP 45758,
142.63803,-45.57056,6.62,HIP 46630,
149.41532,-16.52213,6.62,HIP 48830,
150.84811,-33.23829,6.62,HIP 49264,
151.43865,-30.89167,6.62,HIP 49450,
156.34885,-29.19384,6.62,HIP 51021,
157.59339,-57.07739,6.62,HIP 51444,
160.78930,-61.16853,6.62,HIP 52436,
168.33220,33.44374,6.62,HIP 54819,
174.31124,-69.67422,6.62,HIP 56673,
177.80476,-43.93306,6.62,HIP 57809,
178.32008,-36.57736,6.62,HIP 57960,
179.07161,35.44817,6.62,HIP 58208,
181.39601,-5.84588,6.62,HIP 58981,
194.11067,-0.95459,6.62,HIP 63155,
194.74056,-21.54676,6.62,HIP 63359,
195.97676,-3.66314,6.62,48 Vir,
199.71302,3.68763,6.62,HR 5021,
201.82731,-74.69176,6.62,ι² Mus,
202.99080,-65.32185,6.62,HIP 66005,
213.36577,51.78787,6.62,κ¹ Boo,17 Boo
214.34431,-9.02276,6.62,HIP 69823,
214.35631,-55.76515,6.62,HIP 69825,
221.77230,0.97089,6.62,HIP 72298,
224.43740,18.98690,6.62,HIP 73211,
228.01686,22.31343,6.62,HIP 74385,
229.96880,62.47426,6.62,HIP 75030,
236.01708,-31.60334,6.62,HIP 77059,
249.49890,-46.15462,6.62,HIP 81434,
252.95874,28.66639,6.62,HIP 82510,
253.88558,-21.56951,6.62,HIP 82822,
259.29233,13.13421,6.62,HIP 84560,
265.64661,-4.84976,6.62,HIP 86677,
266.20731,35.21767,6.62,HIP 86859,
274.27017,1.00573,6.62,HR 6844,
283.87668,14.38497,6.62,HIP 92879,
284.58545,-24.87686,6.62,HR 7155,
289.41649,-15.96714,6.62,HIP 94823,
290.90379,-53.94613,6.62,HIP 95322,
293.36305,33.20186,6.62,HIP 96185,
294.05256,6.00742,6.62,HIP 96423,
299.04412,-38.32654,6.62,HIP 98099,
299.25176,20.99829,6.62,HR 7616,
300.87250,36.02514,6.62,HIP 98753,
300.92600,21.49650,6.62,HIP 98780,
305.06038,-34.58530,6.62,HIP 100266,
308.02132,-5.24238,6.62,HIP 101308,
309.43287,-41.22763,6.62,HIP 101787,
314.30455,35.31173,6.62,HIP 103422,
314.96187,16.82434,6.62,HR 8037,
315.67896,3.35025,6.62,HIP 103863,
318.99840,-13.20269,6.62,HIP 105002,
319.60890,-20.33548,6.62,HIP 105181,
328.08853,-3.17466,6.62,HIP 107962,
332.86318,-43.84253,6.62,HIP 109550,
333.70238,22.52342,6.62,HIP 109843,
334.58502,76.48803,6.62,HR 8525,
335.43829,66.70627,6.62,HIP 110405,
337.57794,57.22545,6.62,HIP 111088,
341.51968,-55.06360,6.62,HIP 112408,
350.08676,60.27476,6.62,HIP 115228,
350.70274,20.55895,6.62,HIP 115417,
351.06861,3.71551,6.62,HIP 115544,
358.51679,39.28251,6.62,HIP 117844,
3.20007,46.09540,6.63,HIP 1026,
3.30285,62.04088,6.63,HIP 1063,
3.58671,-62.77195,6.63,HIP 1146,
3.66858,-14.80524,6.63,HIP 1176,
10.71143,-9.92169,6.63,HIP 3369,
16.72931,70.93140,6.63,HIP 5233,
25.42170,-50.03864,6.63,HR 501,
31.94151,18.02944,6.63,HIP 9924,
34.90531,39.83495,6.63,HR 677,
41.98300,-12.46065,6.63,HR 832,
42.67750,19.16048,6.63,HIP 13269,
44.29314,0.44780,6.63,HIP 13765,
44.49395,64.41912,6.63,HIP 13828,
47.66354,-57.80979,6.63,HIP 14765,
59.51122,72.72457,6.63,HIP 18545,
60.61679,-78.63311,6.63,HIP 18847,
67.46635,69.37831,6.63,HIP 20974,
68.41035,-8.25566,6.63,HIP 21258,
77.41755,62.47971,6.63,HIP 24009,
78.66432,31.40193,6.63,HIP 24447,
80.32225,54.25254,6.63,HIP 25008,
86.61657,-53.21932,6.63,HIP 27244,
87.47586,-30.62115,6.63,HIP 27537,
88.72995,14.21983,6.63,HIP 27961,
89.72042,25.77700,6.63,HIP 28301,
92.28020,7.51353,6.63,HIP 29166,
93.94589,4.28364,6.63,HR 2232,
94.08782,1.08035,6.63,HR 2246,
96.38580,23.44214,6.63,HIP 30569,
97.50957,7.92111,6.63,HIP 30970,
112.14309,-10.04375,6.63,HIP 36320,
120.87377,-49.49856,6.63,HIP 39421,
123.85507,-52.06030,6.63,HIP 40438,
125.25195,-52.22797,6.63,HIP 40916,
128.63836,5.50394,6.63,HIP 42076,
129.34212,28.29440,6.63,HIP 42294,
136.27748,-29.01818,6.63,HIP 44596,
141.91003,-35.00741,6.63,HR 3756,
144.50530,14.34727,6.63,11 Leo,
146.90210,-33.24369,6.63,HIP 48042,
147.17854,-26.41444,6.63,HIP 48125,
149.02512,52.26898,6.63,HIP 48710,
151.94013,-7.63077,6.63,HIP 49633,
152.07552,-58.19858,6.63,HIP 49662,
153.43266,50.49652,6.63,HIP 50097,
155.55904,8.96437,6.63,HIP 50792,
161.11710,-23.98543,6.63,HIP 52536,
163.04216,50.26546,6.63,HIP 53134,
165.57354,58.66640,6.63,HIP 53951,
168.18520,54.89429,6.63,HR 4344,
168.65718,-1.27082,6.63,HIP 54910,
181.65776,-37.86010,6.63,HIP 59055,
182.52414,-17.53739,6.63,HIP 59313,
184.69470,-88.41492,6.63,HIP 60041,
187.18570,25.89932,6.63,HR 4751,
192.44033,-15.88305,6.63,HIP 62610,
194.10792,65.99439,6.63,HIP 63152,
197.87673,-35.12991,6.63,HIP 64362,
199.43603,-47.58993,6.63,HIP 64867,
200.62895,-6.20215,6.63,HIP 65265,
210.09763,39.02994,6.63,HIP 68418,
216.37455,-19.96999,6.63,HR 5397,
220.55471,-32.77031,6.63,HIP 71890,
223.41590,6.24180,6.63,HIP 72869,
227.08085,65.78869,6.63,HIP 74082,
235.04561,-56.91459,6.63,HIP 76734,
238.21380,-50.61582,6.63,HR 5890,
244.82166,-35.49090,6.63,HIP 79962,
245.10238,52.03903,6.63,HIP 80051,
248.80767,-35.72464,6.63,HIP 81208,
254.93463,-18.24834,6.63,HIP 83163,
264.87987,3.39264,6.63,HIP 86424,
275.99980,43.90773,6.63,HIP 90170,
277.31995,-38.85130,6.63,HR 6921,
277.34161,-25.25661,6.63,HR 6929,
284.05992,-18.70946,6.63,HIP 92950,
284.72082,-48.50592,6.63,HIP 93188,
286.54482,-9.63221,6.63,HIP 93801,
288.84288,-6.04976,6.63,HIP 94627,
293.74892,-81.75295,6.63,HIP 96314,
296.22624,-10.57288,6.63,HIP 97157,
305.04143,11.46938,6.63,HIP 100262,
305.10894,-6.36173,6.63,HR 7772,
308.24602,49.84122,6.63,HIP 101398,
308.82510,41.89017,6.63,HIP 101588,
312.65440,18.05129,6.63,HR 7981,
313.22325,24.91458,6.63,HIP 103062,
320.69514,38.63428,6.63,HR 8186,
322.66820,-14.29121,6.63,HIP 106199,
328.89242,-70.06830,6.63,HIP 108232,
330.63736,-32.13375,6.63,HIP 108809,
334.44705,26.93652,6.63,HIP 110073,
341.53321,-48.97882,6.63,HR 8658,
346.13605,63.24067,6.63,HIP 113947,
350.04845,23.09115,6.63,HIP 115214,
354.68198,-62.88549,6.63,HIP 116679,
355.77360,53.15260,6.63,HIP 116993,
355.77474,-46.31213,6.63,HIP 116994,
359.33130,61.02620,6.63,HIP 118090,
3.73235,-3.02741,6.64,HIP 1192,
9.51892,-0.50353,6.64,15 Cet,
12.47898,-0.22414,6.64,HIP 3889,
16.61538,-39.85628,6.64,HIP 5198,
30.53867,75.50217,6.64,HIP 9494,
31.76060,-8.60636,6.64,HIP 9875,
35.03735,50.95810,6.64,HIP 10890,
35.83400,52.08310,6.64,HIP 11138,
38.93253,68.36775,6.64,HIP 12083,
45.22296,52.35204,6.64,HR 891,
45.47166,38.87823,6.64,HIP 14107,
46.03821,61.70583,6.64,HIP 14286,
47.10711,57.01292,6.64,HIP 14592,
49.04711,-30.82747,6.64,HR 990,
52.76661,-0.48120,6.64,HIP 16389,
61.16496,17.51760,6.64,HIP 19036,
61.40020,34.23916,6.64,HIP 19089,
65.82019,11.37792,6.64,HIP 20472,
69.16966,15.86933,6.64,HIP 21474,
69.56270,60.88420,6.64,HIP 21601,
70.42513,-12.47579,6.64,HIP 21837,
73.41552,61.48172,6.64,HIP 22754,
75.50408,-5.50105,6.64,HIP 23422,
77.26830,49.12190,6.64,HIP 23964,
82.45887,-47.07629,6.64,HIP 25746,
88.20495,-34.56056,6.64,HIP 27788,
88.98585,41.32332,6.64,HIP 28054,
92.27831,-8.30157,6.64,HIP 29163,
97.88159,37.17800,6.64,HIP 31096,
97.91408,11.79228,6.64,HR 2374,
101.19415,44.50550,6.64,HIP 32315,
102.92174,-2.40271,6.64,HIP 32936,
104.25723,-19.43900,6.64,HIP 33423,
104.31153,-22.20286,6.64,HR 2603,
105.42269,4.81810,6.64,HR 2629,
105.43836,69.64642,6.64,HIP 33858,
105.45799,-10.88236,6.64,HIP 33869,
106.44687,31.39328,6.64,HIP 34229,
107.40741,60.79209,6.64,17 Lyn,
108.19308,-57.49073,6.64,HIP 34855,
109.32414,6.68098,6.64,HR 2760,
113.35262,15.63913,6.64,67 Gem,
113.62018,-26.11685,6.64,HR 2912,
114.01452,-57.29588,6.64,HIP 36980,
115.08117,-78.38738,6.64,HIP 37372,
116.05228,-50.45673,6.64,HIP 37718,
118.30675,-34.93853,6.64,HIP 38512,
120.73215,-48.32500,6.64,HIP 39371,
122.27774,-30.32286,6.64,HR 3196,
122.97232,-35.77303,6.64,HIP 40144,
123.67786,-73.80718,6.64,HIP 40386,
125.95575,-28.97028,6.64,HIP 41154,
130.25676,-9.05200,6.64,HR 3437,
134.85133,45.73843,6.64,HIP 44142,
142.82245,27.38724,6.64,HIP 46704,
144.67476,75.20542,6.64,HIP 47330,
145.59732,-0.27942,6.64,HIP 47604,
147.55777,39.63171,6.64,16 LMi,
148.64120,-58.42127,6.64,HIP 48589,
152.78566,20.69615,6.64,HIP 49882,
153.78117,-55.54927,6.64,HIP 50221,
155.20132,-47.56591,6.64,HIP 50664,
156.37739,36.20455,6.64,HIP 51029,
156.80097,11.31709,6.64,HIP 51179,
157.70532,-86.09068,6.64,HIP 51472,
161.42101,-47.45981,6.64,HIP 52622,
165.97589,-19.64996,6.64,HIP 54075,
170.56482,-58.38604,6.64,HIP 55518,
180.62079,43.08408,6.64,HIP 58708,
181.28586,-61.17958,6.64,HIP 58942,
184.96094,28.46435,6.64,10 Com,
190.30719,-27.90819,6.64,HIP 61908,
190.57399,33.68858,6.64,HIP 61995,
191.14574,-57.28692,6.64,HIP 62179,
191.34795,-48.17047,6.64,HIP 62241,
196.25862,-64.44159,6.64,HIP 63839,
200.77289,47.00199,6.64,HIP 65309,
201.76943,64.73553,6.64,HR 5074,
202.22886,-62.10228,6.64,HIP 65760,
203.28831,5.85308,6.64,HIP 66113,
204.53763,-50.34992,6.64,HIP 66524,
204.80793,10.50967,6.64,HIP 66610,
208.93382,-41.99494,6.64,HIP 68019,
212.71606,-32.07570,6.64,HIP 69271,
216.86455,41.02491,6.64,HR 5411,
221.05700,-8.25193,6.64,HIP 72047,
222.35898,10.04416,6.64,HIP 72499,
224.52195,-17.36420,6.64,HIP 73238,
225.11445,71.76546,6.64,9 UMi,
229.56234,45.61983,6.64,HIP 74885,
235.78640,-13.05631,6.64,HIP 76982,
239.92206,-7.30206,6.64,HIP 78333,
241.89482,-36.71966,6.64,HIP 79000,
242.54117,-24.58242,6.64,HIP 79229,
250.15770,-35.68718,6.64,HIP 81639,
252.29001,12.90914,6.64,HIP 82316,
254.10060,80.85958,6.64,HIP 82894,
254.77322,-48.87512,6.64,HIP 83116,
258.55936,-26.98442,6.64,HIP 84314,
259.85262,-44.22303,6.64,HR 6427,
260.99010,-65.70213,6.64,HIP 85138,
261.42039,16.38397,6.64,HIP 85289,
262.18327,-82.77960,6.64,HIP 85530,
265.34731,67.15200,6.64,HIP 86564,
265.65310,29.41890,6.64,HIP 86679,
265.88787,-57.02215,6.64,HIP 86747,
266.60367,1.04435,6.64,HIP 86969,
270.04809,-24.28430,6.64,5 Sgr,
278.58216,29.74177,6.64,HIP 91042,
279.57916,-1.11299,6.64,HR 7000,
280.42050,40.71783,6.64,HIP 91674,
282.43368,31.62946,6.64,HR 7098,
283.17369,-30.73406,6.64,HR 7105,
284.01583,17.99534,6.64,HR 7147,
285.64227,-10.72178,6.64,HIP 93502,
287.14760,14.43522,6.64,HIP 94027,
287.53445,-71.54853,6.64,HIP 94168,
291.62750,20.25898,6.64,HIP 95584,
293.68302,43.94586,6.64,HIP 96292,
293.73377,33.79549,6.64,HIP 96310,
295.16492,23.71795,6.64,HR 7485,
297.06434,59.42290,6.64,HIP 97438,
299.91305,31.82650,6.64,HIP 98402,
305.67151,-78.96091,6.64,HIP 100491,
306.56388,2.95716,6.64,HIP 100797,
309.30281,52.97307,6.64,HIP 101728,
312.73332,34.75402,6.64,HIP 102910,
314.96374,44.99645,6.64,HIP 103637,
315.22152,-36.05397,6.64,HIP 103705,
315.55296,-43.00215,6.64,HR 8042,
316.45224,15.32722,6.64,HIP 104128,
324.92699,-42.44559,6.64,HIP 106955,
328.19534,73.70227,6.64,HIP 107995,
332.28837,2.73402,6.64,HIP 109349,
332.63238,-10.82039,6.64,37 Aqr,
332.77005,48.67738,6.64,HIP 109514,
336.16330,-41.44034,6.64,HIP 110629,
340.26605,36.26350,6.64,HIP 111990,
343.13697,3.55223,6.64,HIP 112950,
344.35710,43.01282,6.64,HIP 113354,
345.73659,-47.84832,6.64,HIP 113821,
350.06604,-3.91914,6.64,HIP 115220,
353.05281,-11.54455,6.64,HIP 116163,
358.41631,-65.94713,6.64,HIP 117815,
1.51773,40.41853,6.65,HIP 508,
17.39577,57.35000,6.65,HIP 5440,
17.41313,23.79424,6.65,HIP 5444,
20.01246,-9.88379,6.65,HIP 6237,
22.05156,44.04924,6.65,HIP 6858,
23.70432,20.17273,6.65,HIP 7358,
29.57715,59.62595,6.65,HIP 9188,
32.88461,-18.97676,6.65,HIP 10232,
34.80809,57.16923,6.65,HIP 10816,
39.78721,-9.83121,6.65,HIP 12363,
44.70569,43.36449,6.65,HIP 13887,
47.51370,-63.91360,6.65,HIP 14709,
56.26131,2.62127,6.65,HIP 17519,
60.79410,8.88264,6.65,HIP 18911,
61.74220,-21.99406,6.65,HIP 19202,
68.77236,57.42038,6.65,HIP 21369,
74.20617,55.82411,6.65,6 Cam,
75.14139,3.61575,6.65,HR 1610,
80.07623,19.57823,6.65,HIP 24906,
89.22894,-44.00897,6.65,HIP 28150,
90.00471,-8.10755,6.65,HIP 28409,
92.63298,-34.81683,6.65,HIP 29292,
94.47222,-4.38268,6.65,HIP 29917,
99.46861,23.60445,6.65,HIP 31696,
101.36056,9.76573,6.65,HIP 32376,
103.55434,-23.92834,6.65,HR 2583,
107.01432,-11.92328,6.65,HIP 34413,
107.20585,-24.04379,6.65,HR 2695,
107.49135,7.72464,6.65,HIP 34597,
119.62638,2.93585,6.65,HIP 38972,
122.54772,35.45499,6.65,HIP 40001,
123.97021,-46.31228,6.65,HIP 40478,
126.37613,-58.13322,6.65,HIP 41293,
129.81217,-12.73747,6.65,HIP 42444,
129.92774,19.77846,6.65,38 Cnc,
134.61411,35.80264,6.65,HR 3566,
135.38046,-4.45601,6.65,HIP 44316,
136.72824,-18.20159,6.65,HIP 44733,
148.59604,-46.63685,6.65,HIP 48571,
158.77541,2.20454,6.65,HIP 51809,
159.17745,-27.65635,6.65,HIP 51943,
168.27129,-47.05520,6.65,HIP 54795,
169.36227,60.27178,6.65,HIP 55148,
174.99378,-38.10836,6.65,HIP 56909,
175.52164,22.21106,6.65,HR 4505,
179.89701,-46.63314,6.65,HIP 58482,
191.52285,-54.61221,6.65,HIP 62312,
195.10688,31.77921,6.65,HIP 63479,
195.44289,-39.61615,6.65,HIP 63583,
203.37264,-43.42277,6.65,HIP 66139,
207.46833,13.19195,6.65,HIP 67495,
208.13611,16.72901,6.65,HIP 67735,
209.33919,-62.48895,6.65,HIP 68170,
211.08946,-9.25768,6.65,HIP 68752,
216.93867,-13.35935,6.65,HIP 70714,
219.47870,-48.02356,6.65,HIP 71538,
220.07353,-40.84170,6.65,HIP 71724,
225.89439,-35.94276,6.65,HIP 73672,
226.44887,-25.78949,6.65,HR 5614,
228.31148,-11.00708,6.65,HIP 74488,
229.47113,33.59433,6.65,HIP 74858,
230.54691,-37.63562,6.65,HIP 75210,
234.60568,-19.91318,6.65,HIP 76582,
237.23580,-60.36764,6.65,HIP 77463,
241.74821,47.50504,6.65,HIP 78946,
242.14401,-39.09285,6.65,HR 6000,
242.82839,-45.33343,6.65,HIP 79322,
253.24501,-0.02642,6.65,HIP 82588,
258.22644,0.35203,6.65,HR 6394,
260.90094,-16.03831,6.65,HIP 85105,
265.89663,-32.66278,6.65,HIP 86751,
267.32226,-30.59745,6.65,HIP 87223,
269.42050,-39.10180,6.65,HIP 87924,
272.89651,48.28951,6.65,HIP 89143,
275.25573,-43.77484,6.65,HIP 89936,
275.37284,51.30109,6.65,HIP 89978,
276.04561,42.46690,6.65,HIP 90187,
279.60134,60.71106,6.65,HIP 91397,
279.82449,-34.16632,6.65,HIP 91466,
283.62127,-45.48627,6.65,HIP 92788,
284.13348,-48.99226,6.65,HIP 92977,
287.16753,16.85131,6.65,HR 7267,
287.24167,11.29354,6.65,HIP 94064,
290.78425,14.92103,6.65,HR 7357,
291.67323,-46.57892,6.65,HIP 95603,
297.94251,-37.33633,6.65,HIP 97742,
304.11334,27.77607,6.65,HIP 99927,
304.20431,56.04031,6.65,HIP 99955,
306.51608,40.40171,6.65,HIP 100784,
307.12785,48.91891,6.65,HIP 100988,
307.71968,49.21320,6.65,HIP 101206,
312.40298,51.31430,6.65,HIP 102801,
314.73181,44.06045,6.65,HIP 103559,
317.31671,-0.23492,6.65,HIP 104430,
322.22015,11.08483,6.65,HIP 106053,
328.86445,-70.11537,6.65,HIP 108220,
333.62157,7.97615,6.65,HIP 109810,
339.16239,-48.30605,6.65,HIP 111610,
339.88050,37.35362,6.65,HIP 111864,
342.87275,62.97218,6.65,HIP 112876,
345.77076,20.91858,6.65,HIP 113829,
352.24023,75.22542,6.65,HIP 115902,
353.04798,65.73916,6.65,HIP 116161,
353.70987,-42.68429,6.65,HIP 116370,
357.20054,-47.65002,6.65,HIP 117444,
357.92937,-40.82768,6.65,HIP 117659,
359.44254,11.47438,6.65,HIP 118133,
2.65992,-73.22439,6.66,HR 32,
3.26633,-22.47017,6.66,HIP 1046,
3.56128,-55.06966,6.66,HIP 1140,
4.35228,8.87652,6.66,38 Psc,
6.02195,44.26473,6.66,HIP 1905,
6.76903,25.04207,6.66,HIP 2135,
12.40511,47.76393,6.66,HIP 3865,
20.89556,-24.35276,6.66,HIP 6507,
22.14312,42.26769,6.66,HIP 6878,
22.23948,-17.93735,6.66,HIP 6909,
22.34804,25.27535,6.66,HIP 6939,
24.65529,21.39822,6.66,HIP 7658,
25.90092,51.51584,6.66,HIP 8063,
31.05481,51.96779,6.66,HIP 9656,
32.60001,-76.62371,6.66,HIP 10137,
32.60619,59.97982,6.66,HIP 10141,
38.32872,52.30895,6.66,HIP 11889,
39.74298,62.59151,6.66,HIP 12346,
40.85241,-69.15989,6.66,HIP 12715,
42.15846,-37.40100,6.66,HIP 13112,
42.29453,47.21795,6.66,HIP 13155,
53.75498,32.01677,6.66,HIP 16713,
66.42630,-9.92663,6.66,HIP 20675,
68.43502,-5.30967,6.66,HIP 21264,
70.69838,38.42663,6.66,HIP 21915,
72.68912,1.14776,6.66,HIP 22520,
74.92821,41.87320,6.66,HIP 23213,
77.02077,7.89840,6.66,HIP 23896,
78.94605,-34.92668,6.66,HR 1730,
81.37498,34.18635,6.66,HIP 25363,
82.10730,0.02034,6.66,HIP 25622,
85.72363,18.98036,6.66,127 Tau,
86.55258,64.76901,6.66,HIP 27227,
90.41343,-15.58929,6.66,HIP 28553,
91.71621,-11.17359,6.66,HR 2161,
93.68039,16.03711,6.66,HIP 29637,
94.58662,27.21015,6.66,HIP 29955,
95.84498,-4.68751,6.66,HR 2295,
96.32702,1.50152,6.66,HR 2312,
97.76292,39.75462,6.66,HIP 31058,
98.51054,-77.68770,6.66,HIP 31314,
98.58072,38.07600,6.66,HIP 31340,
100.19772,-47.62152,6.66,HIP 31962,
102.29247,27.19037,6.66,HIP 32689,
104.93517,52.57243,6.66,HIP 33672,
107.85489,-17.33112,6.66,HIP 34725,
109.73131,0.07932,6.66,HIP 35436,
110.75579,15.35895,6.66,HIP 35796,
111.74386,43.25842,6.66,HIP 36163,
112.18144,47.92075,6.66,HIP 36334,
112.67718,-37.33936,6.66,HR 2882,
112.85738,-36.15326,6.66,HR 2885,
113.63163,28.68658,6.66,HIP 36841,
113.85511,7.57995,6.66,HIP 36922,
114.80193,53.90060,6.66,HIP 37271,
115.08315,-39.42105,6.66,HIP 37373,
121.65072,-63.51591,6.66,HIP 39684,
121.92413,-49.01047,6.66,HIP 39773,
122.05380,-61.07725,6.66,HIP 39825,
125.63284,16.16249,6.66,HIP 41040,
131.17816,-74.78803,6.66,HIP 42915,
131.32262,-6.97853,6.66,HIP 42949,
131.84943,-34.60033,6.66,HIP 43156,
132.16473,12.54694,6.66,HIP 43251,
136.81960,2.58164,6.66,HIP 44755,
138.05767,-45.84842,6.66,HIP 45168,
140.15284,0.18170,6.66,HIP 45824,
140.31452,39.66648,6.66,HIP 45875,
144.69039,10.77772,6.66,HIP 47336,
151.78169,-21.25574,6.66,HIP 49561,
152.95377,-34.33403,6.66,HIP 49943,
154.46080,71.06070,6.66,HR 4021,
154.71639,44.04832,6.66,HIP 50505,
155.25835,2.28972,6.66,23 Sex,
164.04387,0.43293,6.66,57 Leo,
167.07060,-1.90311,6.66,HIP 54432,
168.99086,12.84480,6.66,HR 4366,
169.58767,11.98451,6.66,HR 4378,
191.79409,15.59167,6.66,HIP 62388,
193.77137,19.61473,6.66,HIP 63043,
198.61473,-24.28425,6.66,HIP 64603,
202.88924,-61.58236,6.66,HIP 65970,
204.43332,2.38231,6.66,HIP 66476,
205.58655,-33.98046,6.66,HIP 66874,
207.40027,13.01030,6.66,HIP 67470,
207.76887,34.77252,6.66,HR 5214,
214.77121,-59.37904,6.66,HIP 69972,
218.44350,-79.95524,6.66,HIP 71209,
228.49681,43.04808,6.66,HIP 74553,
228.86572,-79.13651,6.66,HIP 74663,
231.43681,-53.05795,6.66,HIP 75522,
241.23703,39.15651,6.66,HIP 78775,
246.58831,2.50784,6.66,HIP 80527,
246.67165,9.27289,6.66,HIP 80546,
256.00340,-25.69800,6.66,28 Oph,
256.84328,48.39933,6.66,HIP 83780,
259.71015,-2.81058,6.66,HIP 84696,
259.96221,45.30863,6.66,HIP 84785,
261.17957,-45.00823,6.66,HIP 85211,
265.49595,-33.50381,6.66,HIP 86624,
269.10171,18.32700,6.66,HIP 87823,
269.52087,32.64806,6.66,HIP 87958,
271.94824,9.84893,6.66,HIP 88812,
273.67086,56.58824,6.66,HR 6849,
274.23955,-27.71588,6.66,HIP 89592,
277.52133,4.06535,6.66,HR 6941,
278.07835,67.77687,6.66,HIP 90882,
286.16643,-48.40390,6.66,HIP 93682,
287.18520,-23.19028,6.66,HIP 94041,
290.58673,-8.20107,6.66,HR 7347,
291.48445,-49.84289,6.66,HIP 95532,
292.37527,36.28748,6.66,HIP 95833,
296.66476,25.13383,6.66,HR 7533,
296.99991,-20.95760,6.66,HIP 97417,
297.18248,35.31147,6.66,HR 7550,
300.58278,13.90939,6.66,HIP 98657,
303.36408,55.13132,6.66,HIP 99662,
303.42336,-34.11847,6.66,HIP 99681,
313.69558,-18.79279,6.66,HIP 103224,
314.00910,27.57553,6.66,HIP 103330,
314.87130,55.94007,6.66,HIP 103606,
317.52477,-29.72106,6.66,HIP 104499,
319.78066,61.85845,6.66,HIP 105250,
319.83557,-47.05459,6.66,HIP 105266,
324.88137,-0.05111,6.66,24 Aqr,
326.09943,-4.73090,6.66,HIP 107336,
327.25791,-5.40375,6.66,HIP 107702,
327.96629,11.09126,6.66,HIP 107919,
328.18732,-3.99202,6.66,HIP 107993,
339.41217,63.76934,6.66,HIP 111701,
346.82500,46.06815,6.66,HR 8800,
347.46849,39.46921,6.66,HIP 114373,
347.48221,67.24206,6.66,HIP 114377,
347.80864,5.00432,6.66,HIP 114489,
349.84905,62.73978,6.66,HIP 115141,
351.54915,70.68548,6.66,HIP 115678,
353.10327,34.95234,6.66,HR 8936,
353.91685,-27.49049,6.66,HIP 116436,
355.00454,27.51497,6.66,HIP 116777,
357.05054,8.24559,6.66,HIP 117394,
4.17528,-32.68843,6.67,HIP 1330,
4.57677,-36.50988,6.67,HIP 1469,
6.51534,20.14685,6.67,HIP 2058,
13.10215,-69.50376,6.67,λ¹ Tuc,
15.12348,80.54540,6.67,HIP 4704,
15.37563,69.35852,6.67,HIP 4789,
21.74192,-41.74741,6.67,HIP 6760,
24.62814,-42.92790,6.67,HIP 7649,
25.01805,40.68376,6.67,HIP 7775,
28.67157,78.19647,6.67,HIP 8908,
32.93091,3.45271,6.67,HIP 10242,
39.36624,83.83457,6.67,HIP 12232,
41.40372,-71.23595,6.67,HIP 12884,
41.99756,15.50802,6.67,HIP 13069,
43.18152,-41.39203,6.67,HIP 13414,
54.82106,13.89150,6.67,HIP 17049,
68.27634,-12.54339,6.67,HIP 21218,
71.31067,79.65693,6.67,HIP 22093,
74.54350,-16.78018,6.67,HIP 23090,
77.43202,29.79863,6.67,HIP 24016,
80.34610,-51.57532,6.67,HIP 25017,
85.57340,2.36718,6.67,HIP 26870,
86.29801,18.70436,6.67,HIP 27129,
89.38871,-18.05519,6.67,HIP 28201,
91.70275,23.63860,6.67,2 Gem,
93.98819,-29.78843,6.67,HR 2252,
94.98903,-13.99301,6.67,HIP 30088,
96.10152,-42.84752,6.67,HIP 30476,
107.98108,-56.15550,6.67,HIP 34776,
107.98755,49.78984,6.67,HIP 34777,
112.17114,-29.11868,6.67,HIP 36328,
120.49914,-54.66235,6.67,HIP 39286,
124.22058,-64.18706,6.67,HIP 40556,
124.55334,-37.37461,6.67,HR 3267,
132.45317,7.01477,6.67,HIP 43350,
136.04112,27.89830,6.67,70 Cnc,
137.39337,-29.81691,6.67,HIP 44960,
140.32716,13.11145,6.67,HIP 45879,
141.60242,-42.25115,6.67,HIP 46290,
151.88889,0.91832,6.67,HIP 49613,
156.53833,3.93253,6.67,HIP 51075,
158.70924,-3.89969,6.67,HIP 51784,
161.90805,-15.26195,6.67,HR 4218,
165.77566,-60.91073,6.67,HIP 54021,
169.42867,-36.53423,6.67,HR 4376,
169.70161,35.48936,6.67,HIP 55243,
172.40639,-28.03059,6.67,HIP 56076,
172.61879,43.57849,6.67,HIP 56145,
174.97355,-50.48598,6.67,HIP 56904,
185.50865,16.74473,6.67,HIP 60313,
189.68055,-4.37355,6.67,HIP 61685,
194.66657,-2.90364,6.67,HIP 63328,
197.70774,-52.90756,6.67,HIP 64307,
200.35797,-43.63432,6.67,HIP 65178,
207.75185,80.76792,6.67,HIP 67592,
217.19178,25.85388,6.67,HIP 70800,
229.34435,74.04514,6.67,HIP 74818,
230.22047,45.66487,6.67,HIP 75107,
240.19541,-39.08851,6.67,HIP 78435,
257.06554,16.09393,6.67,HIP 83855,
259.96420,-48.54932,6.67,Inquill,
260.51721,5.00082,6.67,HIP 84975,
261.01462,-23.84434,6.67,HIP 85154,
261.92244,-37.18561,6.67,HIP 85445,
266.14779,2.57913,6.67,HR 6610,
266.88279,18.88936,6.67,HIP 87069,
271.66911,64.22143,6.67,HIP 88716,
272.77176,-25.76231,6.67,HIP 89097,
279.97375,-20.07129,6.67,HIP 91527,
281.91718,49.07486,6.67,HR 7090,
283.97304,35.81055,6.67,HIP 92920,
294.29893,28.49986,6.67,HIP 96507,
294.34773,18.97652,6.67,HIP 96524,
295.46925,27.38214,6.67,HIP 96903,
298.03088,-10.89269,6.67,HIP 97776,
300.03483,-50.21671,6.67,HIP 98444,
300.69180,14.58269,6.67,HIP 98695,
303.58974,42.10434,6.67,HR 7737,
305.75562,54.67287,6.67,HIP 100526,
308.50820,34.67902,6.67,HIP 101493,
308.65002,41.09840,6.67,HIP 101533,
313.35994,42.41020,6.67,HR 8004,
313.66636,46.23119,6.67,HIP 103213,
318.44639,70.02761,6.67,HIP 104791,
320.61141,-3.13013,6.67,HIP 105534,
325.75885,-43.49610,6.67,HIP 107225,
326.69268,13.71962,6.67,HIP 107531,
330.16361,62.48779,6.67,HR 8399,
330.53057,-75.67908,6.67,HIP 108779,
331.97179,-70.28571,6.67,HIP 109245,
334.17084,29.17325,6.67,HIP 109993,
339.78501,-52.69197,6.67,HR 8611,
341.55926,-11.16631,6.67,HIP 112420,
341.95909,-4.22903,6.67,HIP 112559,
343.81692,-48.49175,6.67,HIP 113190,
347.31811,65.21141,6.67,HIP 114327,
350.24007,17.25262,6.67,HIP 115288,
352.09809,19.88558,6.67,HIP 115856,
353.74826,24.42582,6.67,HIP 116383,
1.64808,28.55340,6.68,HIP 540,
2.78280,57.58794,6.68,HIP 902,
3.64053,41.03264,6.68,HIP 1164,
5.58858,-50.99249,6.68,HIP 1766,
8.14402,27.58076,6.68,HR 133,
9.99076,-33.96145,6.68,HR 170,
13.74826,-74.30236,6.68,HIP 4291,
19.43871,56.63159,6.68,HIP 6057,
19.57777,67.81642,6.68,HIP 6099,
34.48887,29.00725,6.68,HIP 10714,
36.03987,-16.25430,6.68,HIP 11192,
39.76438,10.63702,6.68,HIP 12354,
55.09194,-3.21698,6.68,HIP 17147,
56.67028,32.29019,6.68,HIP 17631,
57.12819,9.64595,6.68,HIP 17792,
58.49769,-23.13707,6.68,HIP 18235,
67.96020,5.76445,6.68,HIP 21135,
72.97598,-34.23866,6.68,HIP 22611,
76.52526,68.97257,6.68,HIP 23730,
77.92229,0.51457,6.68,HR 1690,
81.54492,78.41456,6.68,HIP 25416,
83.17436,-16.31919,6.68,HIP 25981,
85.94376,-21.42866,6.68,HIP 27011,
87.00864,12.41840,6.68,HIP 27390,
88.48996,-19.63880,6.68,HR 2060,
94.39056,35.14920,6.68,HIP 29882,
95.43735,12.86194,6.68,HIP 30245,
96.05446,-26.44503,6.68,HIP 30461,
97.66950,-40.44814,6.68,HIP 31032,
97.76889,-43.71706,6.68,HIP 31061,
98.64845,4.96793,6.68,HIP 31363,
101.04084,-54.73073,6.68,HIP 32256,
104.83388,42.31476,6.68,HIP 33643,
106.27539,-21.45018,6.68,HIP 34166,
108.32663,-0.25952,6.68,23 Mon,
110.56825,-35.91624,6.68,HIP 35733,
113.00928,61.75778,6.68,HIP 36634,
113.45937,-43.11373,6.68,HIP 36775,
122.37651,32.22114,6.68,HIP 39948,
124.84275,-20.16426,6.68,HIP 40777,
126.86195,-14.93521,6.68,HIP 41463,
128.62404,47.13963,6.68,HIP 42072,
133.48056,19.96713,6.68,HIP 43683,
133.85877,5.56591,6.68,HIP 43816,
134.49375,-4.85930,6.68,HIP 44030,
141.09374,36.58709,6.68,HR 3727,
143.32365,-21.39204,6.68,HIP 46890,
148.93749,-8.83650,6.68,HIP 48687,
149.77346,-63.34531,6.68,HIP 48942,
152.17193,1.16076,6.68,HIP 49694,
152.33174,20.33235,6.68,HIP 49747,
152.97424,-35.32473,6.68,HIP 49950,
154.54554,-82.91078,6.68,HIP 50461,
157.17673,-43.83834,6.68,HIP 51294,
158.31309,-55.38689,6.68,HIP 51661,
158.37967,-40.23844,6.68,HIP 51686,
158.92505,-58.19288,6.68,HIP 51857,
162.87623,-75.88277,6.68,HIP 53074,
166.71809,-30.55497,6.68,HIP 54332,
167.88048,54.14939,6.68,HIP 54674,
167.91831,-60.31082,6.68,HIP 54684,
170.07879,-28.33223,6.68,HIP 55374,
171.75342,-56.28017,6.68,HIP 55865,
171.95992,45.18521,6.68,HIP 55936,
173.21427,-36.20920,6.68,HIP 56326,
179.33520,-49.36011,6.68,HIP 58301,
184.62116,32.74890,6.68,HIP 60014,
187.58140,-60.98989,6.68,HIP 61019,
188.92819,-16.82611,6.68,HIP 61463,
190.82700,26.12659,6.68,HIP 62073,
195.59440,-28.28630,6.68,HIP 63623,
198.18450,-31.87335,6.68,HIP 64459,
198.43591,32.53044,6.68,HIP 64543,
199.38232,-15.54807,6.68,HIP 64843,
199.48100,-68.49567,6.68,HIP 64876,
201.10827,-51.87516,6.68,HIP 65413,
203.34412,33.65766,6.68,HIP 66128,
204.44567,-3.23602,6.68,HIP 66482,
209.27631,20.95391,6.68,HIP 68146,
213.75670,-61.70678,6.68,HIP 69628,
213.99953,56.68915,6.68,HIP 69699,
222.31179,25.15089,6.68,HIP 72480,
225.39726,-3.16425,6.68,HIP 73518,
227.95824,-16.15956,6.68,HIP 74367,
230.39286,-44.93820,6.68,HIP 75161,
230.78973,-51.73606,6.68,HIP 75306,
231.14702,54.21280,6.68,HIP 75425,
238.81649,-42.60513,6.68,HIP 77958,
240.56688,-73.51541,6.68,HIP 78553,
242.42252,0.81984,6.68,HIP 79187,
243.32686,13.52691,6.68,HIP 79492,
243.41813,-21.39996,6.68,HIP 79524,
246.68032,10.99054,6.68,HIP 80548,
246.87320,-69.32604,6.68,HIP 80606,
250.32782,-18.05946,6.68,HIP 81695,
252.78090,9.40432,6.68,HIP 82460,
255.85902,34.38348,6.68,HIP 83459,
256.82812,-76.22398,6.68,HIP 83774,
258.50842,-27.79657,6.68,HIP 84297,
260.69366,-45.61427,6.68,HIP 85035,
261.16365,32.67038,6.68,HIP 85204,
261.32819,8.92467,6.68,HIP 85259,
262.52349,-33.71637,6.68,HIP 85641,
264.46338,-37.86140,6.68,HIP 86286,
269.20845,-32.68888,6.68,HIP 87853,
271.83830,15.91650,6.68,HIP 88772,
273.16815,2.81281,6.68,HIP 89242,
274.78465,71.51785,6.68,HIP 89770,
277.23899,-26.58208,6.68,HR 6926,
279.06245,30.58474,6.68,HIP 91200,
279.45189,5.88347,6.68,HIP 91338,
280.97661,47.61621,6.68,HIP 91887,
282.42698,15.93454,6.68,HIP 92393,
289.14453,6.59667,6.68,HIP 94733,
291.48596,44.93075,6.68,HIP 95534,
292.64366,56.13621,6.68,HIP 95931,
293.57578,41.92722,6.68,HIP 96252,
296.63652,50.01034,6.68,HIP 97304,
299.37095,38.45826,6.68,HIP 98213,
301.00500,-7.46947,6.68,HR 7661,
304.43267,-51.91694,6.68,HIP 100035,
309.56561,44.33271,6.68,HIP 101838,
311.75442,58.41677,6.68,HIP 102558,
314.07831,42.76872,6.68,HIP 103348,
319.75015,39.74934,6.68,HIP 105237,
328.83747,20.84901,6.68,HIP 108212,
328.89628,53.24323,6.68,HIP 108233,
329.27091,-76.21134,6.68,HIP 108354,
332.90838,-34.46511,6.68,HIP 109561,
335.52173,15.65147,6.68,HIP 110434,
336.50074,80.70159,6.68,HIP 110724,
338.52177,-32.14213,6.68,HIP 111397,
339.99753,-83.25173,6.68,HIP 111898,
345.31161,80.78179,6.68,HIP 113664,
345.98864,-4.79486,6.68,HR 8772,
353.86174,8.51971,6.68,HIP 116417,
357.61205,-14.57907,6.68,HIP 117557,
358.16751,21.74254,6.68,83 Peg,
4.57062,-21.13846,6.69,HIP 1464,
5.73903,38.75429,6.69,HIP 1809,
8.11165,43.49479,6.69,HR 128,
19.11572,23.58946,6.69,HIP 5942,
19.31919,39.48054,6.69,HIP 6010,
20.55244,43.58412,6.69,HIP 6401,
21.07782,43.14210,6.69,HIP 6560,
21.16795,-34.13996,6.69,HIP 6591,
22.47372,-5.59589,6.69,HIP 6984,
24.70831,-25.02220,6.69,HR 474,
25.51210,61.03824,6.69,HR 481,
35.09532,-56.78410,6.69,HIP 10907,
38.53461,38.73503,6.69,HIP 11947,
40.37607,0.54602,6.69,HIP 12555,
44.72114,21.61773,6.69,HIP 13892,
44.75564,-34.18907,6.69,HIP 13904,
45.98011,-43.89802,6.69,HIP 14262,
46.63905,-10.25197,6.69,HIP 14455,
50.42471,-20.32465,6.69,HIP 15660,
52.07196,-57.88223,6.69,HIP 16163,
63.24351,32.53273,6.69,HIP 19679,
67.02988,-15.18033,6.69,HIP 20854,
68.82397,-24.53296,6.69,HIP 21381,
70.74711,14.81457,6.69,HIP 21942,
73.08958,45.93991,6.69,HIP 22650,
73.39484,36.80582,6.69,HIP 22744,
75.19689,4.56764,6.69,HIP 23310,
76.40715,23.06105,6.69,HIP 23699,
77.54337,13.54837,6.69,HIP 24059,
79.37980,20.13184,6.69,HIP 24663,
79.73077,41.09550,6.69,HIP 24793,
82.35585,-7.26089,6.69,HIP 25712,
82.89887,14.92890,6.69,HIP 25886,
82.93197,-3.21647,6.69,HIP 25902,
83.56212,-2.88166,6.69,HIP 26120,
83.70003,-7.20039,6.69,HIP 26173,
83.76142,-58.87114,6.69,HR 1930,
84.25753,-73.69934,6.69,Bubup,
85.95399,85.66836,6.69,HR 1714,
88.19880,-38.52600,6.69,HR 2055,
90.02055,28.12573,6.69,HIP 28416,
92.19039,-7.93636,6.69,HIP 29135,
98.68067,-34.00940,6.69,HIP 31374,
101.63752,-14.52371,6.69,HIP 32466,
105.09937,15.28808,6.69,HIP 33730,
113.36383,-50.58425,6.69,HIP 36745,
114.25043,-21.39394,6.69,HIP 37065,
115.21791,-54.70699,6.69,HIP 37414,
115.58058,30.16784,6.69,HIP 37545,
115.83962,-52.16410,6.69,HIP 37635,
119.42322,-65.90872,6.69,HIP 38902,
121.51060,59.24876,6.69,HIP 39639,
121.83072,-48.38612,6.69,HIP 39738,
122.78096,-40.75828,6.69,HIP 40070,
127.22262,-20.95040,6.69,HR 3345,
127.36484,-27.33215,6.69,HR 3353,
128.54745,-36.90620,6.69,HIP 42042,
129.09033,-32.26185,6.69,HIP 42207,
132.93983,-55.80885,6.69,HIP 43513,
137.98440,50.43991,6.69,HIP 45152,
144.59135,-64.40245,6.69,HIP 47301,
144.66966,-39.61414,6.69,HR 3844,
148.85880,-41.58688,6.69,HIP 48662,
149.92951,3.38479,6.69,12 Sex,
155.27990,-5.41496,6.69,HIP 50692,
157.20009,-57.23300,6.69,HIP 51307,
159.81783,-36.67715,6.69,HIP 52151,
161.16414,-36.93063,6.69,HIP 52550,
165.17521,42.73142,6.69,HIP 53821,
169.65221,-24.34328,6.69,HIP 55228,
170.36163,6.63496,6.69,HIP 55455,
170.45917,9.16837,6.69,HIP 55488,
173.35619,-70.19479,6.69,HIP 56379,
180.75447,-57.26013,6.69,HIP 58756,
181.34568,-62.97575,6.69,HIP 58960,
186.90985,25.91211,6.69,HIP 60797,
197.16402,-23.10650,6.69,HIP 64133,
199.10618,-1.39054,6.69,HR 5005,
203.04527,-79.66078,6.69,HIP 66023,
203.44902,-39.94567,6.69,HIP 66171,
205.17047,76.84378,6.69,HIP 66728,
205.85772,45.52027,6.69,HIP 66958,
208.94982,-9.55991,6.69,HIP 68024,
215.99044,-16.10191,6.69,HIP 70379,
223.99204,-60.90593,6.69,HIP 73067,
225.86141,60.02558,6.69,HIP 73661,
228.18126,19.28603,6.69,HR 5659,
232.13034,38.72374,6.69,HIP 75752,
232.39477,-17.44094,6.69,33 Lib,
237.39156,12.55869,6.69,HIP 77506,
242.11355,-10.10231,6.69,HIP 79071,
242.32304,41.09520,6.69,HIP 79152,
243.28315,21.56619,6.69,HIP 79472,
252.02307,-45.94492,6.69,HIP 82238,
267.71567,-42.33012,6.69,HIP 87344,
270.72624,-27.82667,6.69,HIP 88384,
274.32393,-38.17771,6.69,HIP 89617,
278.15778,46.09255,6.69,HIP 90908,
280.39364,-3.11848,6.69,HIP 91665,
281.42287,15.72541,6.69,HIP 92047,
282.26289,-32.71042,6.69,HIP 92329,
282.57540,60.83755,6.69,HIP 92436,
289.50359,31.02186,6.69,HR 7324,
297.35766,63.20386,6.69,HIP 97536,
301.84921,-29.72082,6.69,HIP 99121,
309.29597,-65.03328,6.69,HIP 101725,
310.21828,-28.54927,6.69,HIP 102050,
310.91717,5.39020,6.69,HIP 102299,
313.59271,40.70296,6.69,HR 8009,
316.87459,-19.08825,6.69,HIP 104276,
316.96338,-54.21652,6.69,HIP 104308,
317.81481,45.67423,6.69,HIP 104592,
319.31587,-38.86736,6.69,Lacaille 8760,
320.50716,4.34561,6.69,HIP 105500,
322.82575,52.19554,6.69,HIP 106256,
323.11255,23.39458,6.69,HR 8240,
323.53184,-4.36816,6.69,HIP 106488,
326.34126,-12.78335,6.69,HIP 107412,
330.97442,59.81457,6.69,15 Cep,
347.53697,33.76782,6.69,HIP 114404,
348.27092,8.96345,6.69,HIP 114608,
350.93883,-8.46011,6.69,HIP 115495,
358.94850,48.22026,6.69,HIP 117979,
359.62947,-57.28084,6.69,HIP 118197,
2.64440,59.67341,6.70,HIP 860,
12.89536,12.78477,6.70,HIP 4025,
13.22239,38.54883,6.70,HR 246,
13.40406,29.48931,6.70,HIP 4197,
19.87227,80.89421,6.70,HIP 6198,
19.99068,-15.81432,6.70,HIP 6234,
26.74316,-13.88871,6.70,HIP 8296,
27.78944,20.51437,6.70,HIP 8619,
34.33273,-35.98296,6.70,HIP 10673,
36.69020,10.56530,6.70,HIP 11390,
38.55915,33.79281,6.70,HIP 11956,
39.72167,-70.67985,6.70,HIP 12338,
48.93919,80.13035,6.70,HIP 15187,
49.10379,66.38027,6.70,HIP 15232,
50.82222,-17.43948,6.70,HIP 15775,
57.92418,-47.31686,6.70,HIP 18066,
59.99724,-61.89480,6.70,HIP 18677,
61.73262,33.44637,6.70,HIP 19201,
63.08478,-4.41027,6.70,HIP 19626,
63.13168,-44.36824,6.70,HR 1316,
66.65706,-40.52938,6.70,HIP 20735,
74.83003,-32.23918,6.70,HIP 23183,
78.67211,-7.07167,6.70,HIP 24449,
82.79352,-42.29980,6.70,HIP 25856,
88.32926,20.29911,6.70,HR 2038,
88.36934,37.33905,6.70,HIP 27844,
91.52334,-33.21919,6.70,HIP 28900,
91.71064,-67.28334,6.70,HIP 28970,
91.89955,10.45631,6.70,HIP 29040,
96.21980,29.70706,6.70,HR 2297,
96.74509,0.84104,6.70,HR 2327,
97.60524,41.40169,6.70,HIP 31006,
97.63724,5.86700,6.70,HIP 31019,
98.02975,6.03565,6.70,HIP 31147,
100.97306,-25.53495,6.70,HIP 32243,
101.39624,27.67325,6.70,HIP 32389,
104.49585,-10.78593,6.70,HIP 33515,
106.01475,36.31351,6.70,HIP 34083,
107.87498,26.40590,6.70,HIP 34735,
108.41616,-53.66782,6.70,HIP 34929,
109.37319,-46.97924,6.70,HIP 35296,
109.55116,-22.33933,6.70,HIP 35358,
109.82673,-17.52486,6.70,HIP 35468,
110.02829,-3.91452,6.70,HIP 35547,
114.17189,-14.44362,6.70,HIP 37037,
114.48989,-32.13126,6.70,HIP 37145,
117.09420,18.33679,6.70,HIP 38092,
120.56471,-55.54059,6.70,HIP 39310,
121.03495,33.03074,6.70,HIP 39480,
122.97831,-41.78864,6.70,HIP 40147,
123.39389,-31.73538,6.70,HIP 40283,
127.37718,-0.96005,6.70,HIP 41645,
128.79763,-34.02430,6.70,HIP 42122,
129.39063,-12.58571,6.70,HIP 42309,
129.98483,32.72727,6.70,HIP 42503,
130.39545,-44.99191,6.70,HIP 42653,
131.44788,-44.24801,6.70,HIP 42997,
132.66837,18.00343,6.70,HIP 43421,
135.15831,-51.55557,6.70,HIP 44245,
135.94629,38.74213,6.70,HIP 44481,
140.06349,-45.17322,6.70,HIP 45796,
146.15561,-48.54886,6.70,HIP 47793,
147.47887,-68.41943,6.70,HIP 48223,
149.20253,4.24207,6.70,HIP 48768,
149.68516,50.12516,6.70,HIP 48917,
149.82800,-20.35679,6.70,HIP 48964,
150.70516,-1.06784,6.70,HIP 49221,
154.13667,-19.30816,6.70,HIP 50320,
154.96573,-47.96127,6.70,HIP 50574,
157.15363,-19.52481,6.70,HIP 51291,
160.87311,80.42711,6.70,HIP 52464,
161.67806,-26.04815,6.70,HIP 52721,
163.19358,-68.21034,6.70,HIP 53190,
164.80752,-81.55616,6.70,HR 4304,
166.52428,-59.94988,6.70,HIP 54266,
169.36479,-59.10539,6.70,HIP 55149,
178.75518,-56.09599,6.70,HIP 58106,
179.55804,3.48201,6.70,HIP 58377,
185.68657,-39.17768,6.70,HIP 60370,
187.50189,-42.92961,6.70,HIP 60984,
188.37009,-41.41407,6.70,HIP 61280,
188.88831,-12.02109,6.70,HIP 61449,
201.56958,-48.78659,6.70,HIP 65551,
203.79644,-62.63073,6.70,HIP 66289,
204.26149,67.03632,6.70,HIP 66422,
205.30647,-46.02831,6.70,HIP 66782,
210.28580,-44.19772,6.70,HIP 68475,
210.98721,11.28246,6.70,HIP 68708,
216.25426,-37.44704,6.70,HIP 70483,
224.85406,39.64489,6.70,HIP 73353,
225.51763,-8.34472,6.70,HIP 73565,
227.07678,33.70651,6.70,HIP 74080,
232.38702,-58.35146,6.70,HIP 75842,
232.49325,-52.30283,6.70,HIP 75884,
233.36281,-61.27340,6.70,HIP 76170,
233.95352,1.22751,6.70,HIP 76365,
234.01743,52.06981,6.70,HR 5817,
236.59996,15.52670,6.70,29 Ser,
237.02715,-50.58979,6.70,HIP 77403,
244.11123,-24.28195,6.70,HIP 79740,
244.59857,25.89669,6.70,19 Her,
245.00198,-64.64882,6.70,HIP 80017,
246.66336,15.97264,6.70,HIP 80543,
254.06262,-40.65994,6.70,HIP 82876,
255.92268,-0.14595,6.70,HIP 83480,
258.40299,-15.56034,6.70,HIP 84269,
267.26632,62.79883,6.70,HIP 87211,
267.80232,-30.55687,6.70,HR 6645,
268.00029,4.48730,6.70,HIP 87430,
270.06741,-47.55383,6.70,HIP 88152,
273.60050,-70.75121,6.70,HR 6774,
279.36990,29.58486,6.70,HIP 91306,
283.93809,7.17556,6.70,HIP 92901,
284.29404,36.46987,6.70,HIP 93042,
284.86170,-75.39008,6.70,HIP 93233,
285.83055,0.57615,6.70,HIP 93557,
287.15706,24.17931,6.70,HIP 94030,
287.26824,34.60045,6.70,HR 7272,
288.31410,15.03563,6.70,HIP 94436,
291.60239,-14.55121,6.70,HR 7379,
292.81737,33.47075,6.70,HIP 96009,
293.22873,31.23608,6.70,HIP 96143,
293.60466,71.60536,6.70,HIP 96264,
294.03348,11.15017,6.70,HR 7445,
295.59436,-24.85931,6.70,HIP 96938,
296.94228,5.78200,6.70,HIP 97398,
297.59123,61.20907,6.70,HIP 97612,
300.08856,3.33194,6.70,HIP 98474,
300.54400,-4.98979,6.70,HIP 98643,
300.61050,79.68101,6.70,HIP 98666,
305.86260,10.36315,6.70,HIP 100559,
310.59301,35.45620,6.70,HR 7927,
311.69290,-64.90943,6.70,HIP 102540,
313.78521,1.81321,6.70,HIP 103262,
315.16842,-35.29190,6.70,HIP 103687,
315.47922,57.07186,6.70,HIP 103792,
316.97439,-48.94013,6.70,HIP 104313,
319.79670,17.82222,6.70,HIP 105254,
321.60452,-12.09549,6.70,HIP 105856,
322.02074,62.09648,6.70,HIP 105998,
328.14645,62.71217,6.70,HIP 107984,
331.89706,-14.49075,6.70,HIP 109220,
333.00750,47.09563,6.70,HIP 109591,
344.49744,-59.08950,6.70,HIP 113402,
345.13490,13.46859,6.70,HIP 113601,
350.94798,32.53130,6.70,HR 8899,
357.91404,-34.69159,6.70,HIP 117655,
359.58813,35.01304,6.70,HIP 118177,
1.29069,45.22903,6.71,HR 1,
3.20935,37.69366,6.71,HR 38,
6.55030,56.77923,6.71,HIP 2074,
15.43155,25.29222,6.71,HIP 4809,
15.53186,56.32867,6.71,HIP 4834,
17.09098,9.90820,6.71,HIP 5344,
18.89853,0.91246,6.71,HIP 5886,
20.53852,-37.05158,6.71,HIP 6393,
20.67938,-36.59653,6.71,HIP 6440,
21.77019,-30.23591,6.71,HIP 6771,
22.44462,65.17106,6.71,HIP 6974,
25.65445,40.37736,6.71,HIP 7991,
31.74554,-65.94575,6.71,HIP 9870,
37.44221,46.03182,6.71,HIP 11611,
39.63924,-20.45625,6.71,HIP 12313,
40.11074,-14.44915,6.71,HIP 12460,
54.66966,22.65961,6.71,HIP 17000,
56.27960,74.54258,6.71,HIP 17523,
57.90259,22.03136,6.71,HR 1193,
61.90597,-37.06195,6.71,HIP 19256,
64.33785,57.17825,6.71,HIP 20004,
73.04395,31.16417,6.71,HIP 22633,
73.87575,-25.72776,6.71,HR 1583,
75.98578,-14.55620,6.71,HIP 23560,
77.64573,30.79754,6.71,HIP 24100,
80.69053,2.79622,6.71,HIP 25136,
82.21512,12.55082,6.71,HIP 25662,
83.68067,5.66088,6.71,HIP 26166,
83.82166,-5.38768,6.71,θ¹ Ori,41 Ori
87.98073,-41.10529,6.71,HIP 27700,
100.20612,-47.67470,6.71,HR 2476,
105.14622,-20.64031,6.71,HIP 33743,
105.30720,-25.94872,6.71,HIP 33817,
113.62041,-13.87018,6.71,HIP 36836,
119.11133,56.50444,6.71,HR 3077,
119.94136,-47.30352,6.71,HIP 39084,
122.74347,-6.74788,6.71,HIP 40057,
127.79436,40.22489,6.71,HIP 41782,
129.88277,32.51561,6.71,HIP 42472,
130.26959,-66.81632,6.71,HIP 42613,
132.00340,-49.57484,6.71,HIP 43197,
145.84362,20.19319,6.71,HIP 47684,
147.91173,-46.51228,6.71,HIP 48371,
148.09015,37.91447,6.71,17 LMi,
150.92341,-25.31672,6.71,HR 3962,
155.33973,-25.37301,6.71,HIP 50719,
175.90483,41.72245,6.71,HIP 57191,
186.01443,25.85123,6.71,HIP 60490,
189.87906,-6.10057,6.71,HIP 61763,
198.00852,32.08527,6.71,HIP 64405,
204.99382,-16.44654,6.71,HIP 66663,
207.16194,-2.84048,6.71,HIP 67385,
218.13786,-56.88772,6.71,HR 5421,
228.99385,-70.41368,6.71,HIP 74701,
235.66918,31.70875,6.71,HIP 76944,
237.11098,-23.83406,6.71,HIP 77435,
241.43802,32.24778,6.71,HIP 78851,
245.40620,-71.87390,6.71,HIP 80152,
253.15023,-37.59942,6.71,HIP 82565,
257.68092,-12.70122,6.71,HIP 84034,
258.84302,-38.21297,6.71,HIP 84409,
266.18265,-46.04261,6.71,HIP 86850,
269.90367,43.23538,6.71,HIP 88103,
279.66604,4.85479,6.71,HIP 91418,
279.75862,-23.18209,6.71,HIP 91446,
281.17017,-6.53614,6.71,HIP 91960,
284.15488,4.26513,6.71,HIP 92984,
286.59600,7.15560,6.71,HIP 93822,
293.98836,-53.00808,6.71,HIP 96399,
295.73442,40.72176,6.71,HIP 97001,
296.77420,-62.45371,6.71,HIP 97345,
297.68781,20.21143,6.71,HIP 97647,
299.92299,-1.97040,6.71,HIP 98406,
306.86467,-2.10308,6.71,HIP 100896,
307.24577,-17.43475,6.71,HIP 101036,
308.41515,45.17556,6.71,HIP 101452,
308.87049,69.67983,6.71,HIP 101602,
311.22746,12.31267,6.71,HIP 102390,
311.33743,46.35480,6.71,HIP 102430,
316.95506,1.15377,6.71,HIP 104305,
317.63364,22.45463,6.71,HR 8101,
325.11378,-34.53482,6.71,HIP 107019,
330.24622,-36.55632,6.71,HIP 108681,
330.66042,15.98649,6.71,HIP 108814,
346.46888,-7.93671,6.71,85 Aqr,
349.24641,-7.16078,6.71,HIP 114952,
358.27017,60.70450,6.71,HIP 117775,
8.16411,-25.35971,6.72,HIP 2572,
9.00773,-5.57072,6.72,HIP 2843,
9.20693,-76.30958,6.72,HIP 2907,
9.67319,46.95680,6.72,HIP 3045,
9.70525,59.82615,6.72,HIP 3058,
24.55268,62.35178,6.72,HIP 7625,
27.34733,-10.70356,6.72,HIP 8486,
28.95095,-55.07217,6.72,HIP 8985,
30.20190,59.95934,6.72,HIP 9403,
36.01147,42.10229,6.72,HIP 11185,
42.50139,30.52621,6.72,HIP 13210,
45.71772,47.11055,6.72,HIP 14181,
45.86736,6.22669,6.72,HIP 14228,
52.00583,20.46426,6.72,HIP 16143,
54.24177,23.21107,6.72,9 Tau,
58.37595,2.11913,6.72,HIP 18190,
61.42326,10.03713,6.72,HIP 19103,
64.97346,-12.39913,6.72,HIP 20212,
66.85284,46.85315,6.72,HIP 20800,
72.14076,-43.97998,6.72,HR 1548,
72.52835,-15.80433,6.72,HIP 22467,
74.38156,65.27829,6.72,HIP 23047,
82.19978,78.30038,6.72,HIP 25653,
83.08581,49.39341,6.72,HIP 25964,
83.56590,-18.81202,6.72,HIP 26122,
83.80332,9.61326,6.72,HIP 26212,
84.59056,8.48731,6.72,HIP 26518,
85.74200,14.17850,6.72,HIP 26930,
91.24265,14.38843,6.72,HIP 28813,
94.43429,-19.18870,6.72,HIP 29900,
94.43742,39.47388,6.72,HIP 29901,
95.94375,4.59581,6.72,HR 2299,
96.14139,-1.41822,6.72,HIP 30493,
96.86639,5.17542,6.72,HIP 30735,
100.60652,-67.84310,6.72,HIP 32106,
107.46259,9.30888,6.72,HIP 34588,
109.27907,-12.03392,6.72,HIP 35261,
109.41049,9.29209,6.72,HIP 35310,
111.85653,-51.40260,6.72,HIP 36210,
112.50901,-19.52665,6.72,HIP 36452,
113.55483,-16.18777,6.72,HIP 36809,
114.01746,-77.63411,6.72,HR 3000,
114.77956,-18.67839,6.72,HR 2947,
117.47820,-60.05144,6.72,HR 3076,
121.02484,13.68752,6.72,HIP 39477,
124.29002,-3.36372,6.72,HIP 40581,
127.93599,-74.85502,6.72,HIP 41837,
129.44485,19.26722,6.72,HIP 42327,
129.61606,-62.84324,6.72,HIP 42381,
130.31379,20.47690,6.72,HIP 42628,
131.17281,-23.78841,6.72,HIP 42912,
135.78677,-25.50421,6.72,HR 3607,
136.81121,-51.21181,6.72,HR 3631,
140.63433,-15.23484,6.72,HIP 45975,
141.40443,-25.33710,6.72,HIP 46238,
144.58854,-81.70937,6.72,HIP 47299,
146.80862,-17.20590,6.72,HIP 48009,
148.52793,4.94541,6.72,8 Sex,
149.64239,58.95186,6.72,HIP 48905,
149.85923,-44.95545,6.72,HIP 48975,
151.72437,-17.44418,6.72,HIP 49541,
165.77102,-25.57504,6.72,HIP 54019,
171.50827,-20.58228,6.72,HIP 55802,
171.74860,-61.36932,6.72,HIP 55863,
181.89711,-31.41056,6.72,HIP 59135,
181.91263,-23.97587,6.72,HIP 59143,
187.07673,4.39656,6.72,HIP 60850,
189.15842,-39.32629,6.72,HIP 61544,
190.29036,-44.10119,6.72,HIP 61905,
194.50409,-38.91720,6.72,HIP 63276,
198.58375,-42.85219,6.72,HIP 64590,
199.15295,18.90328,6.72,HIP 64781,
204.20133,-26.49797,6.72,HIP 66398,
213.66525,-65.70140,6.72,HIP 69591,
215.92461,40.84443,6.72,HIP 70356,
216.81987,-78.62028,6.72,HIP 70671,
222.13625,-35.84150,6.72,HIP 72427,
225.25580,2.89746,6.72,HIP 73480,
225.34423,-71.49081,6.72,HIP 73500,
226.88728,9.22603,6.72,HIP 74016,
236.42895,-22.75330,6.72,HIP 77191,
239.60000,-44.08082,6.72,HIP 78221,
250.00746,-6.08126,6.72,HIP 81608,
250.96431,-26.80895,6.72,HIP 81910,
251.71393,-25.52857,6.72,25 Sco,
251.72082,2.24246,6.72,HIP 82142,
253.78618,-31.40261,6.72,HIP 82792,
254.04228,77.65274,6.72,HIP 82871,
254.97798,-73.42248,6.72,HIP 83173,
257.03145,61.15962,6.72,HIP 83847,
262.58331,-4.36940,6.72,HIP 85661,
264.83518,-29.53097,6.72,HIP 86404,
268.51536,-1.61931,6.72,HIP 87633,
272.22067,24.96662,6.72,HIP 88900,
274.40713,-15.43071,6.72,HIP 89641,
278.60534,-54.08806,6.72,HIP 91050,
286.04463,3.33056,6.72,HR 7219,
289.63036,0.42346,6.72,HIP 94883,
290.66791,-20.64291,6.72,HIP 95244,
292.02705,-69.63185,6.72,HIP 95718,
294.04856,12.16161,6.72,HIP 96420,
294.73424,-28.60722,6.72,HIP 96644,
298.77165,47.54100,6.72,HIP 98013,
300.18671,36.58973,6.72,HIP 98510,
304.28970,-67.45531,6.72,HIP 99994,
304.45695,-40.18476,6.72,HIP 100045,
315.55210,7.17976,6.72,2 Equ,
317.35452,-16.61576,6.72,HIP 104444,
320.33994,10.33228,6.72,HIP 105431,
321.77757,16.12415,6.72,HIP 105918,
322.40303,46.42646,6.72,HIP 106108,
323.72145,-51.82718,6.72,HIP 106566,
328.83852,36.14622,6.72,HIP 108213,
338.64975,0.59518,6.72,HIP 111441,
339.09068,-72.71295,6.72,HIP 111587,
341.94650,-38.22210,6.72,HR 8671,
343.97652,-41.09676,6.72,HIP 113240,
347.61276,-60.56440,6.72,HIP 114428,
349.36820,-16.17220,6.72,HIP 114998,
351.14546,41.11290,6.72,HR 8902,
351.68186,2.47837,6.72,HIP 115724,
359.52846,50.44768,6.72,HIP 118162,
243.66899,33.85672,6.72,σ CrB,17 CrB
0.78476,42.74791,6.73,HIP 254,
1.90803,40.14795,6.73,HIP 626,
5.01229,-17.70043,6.73,HIP 1600,
5.14225,56.55692,6.73,HIP 1644,
9.63269,-20.29658,6.73,HIP 3025,
9.99782,76.87113,6.73,HIP 3145,
13.79964,-47.40597,6.73,HIP 4311,
18.31744,34.09840,6.73,HIP 5694,
23.85120,63.08197,6.73,HIP 7400,
25.22103,77.96899,6.73,HIP 7846,
26.09502,32.51588,6.73,HIP 8122,
26.14980,3.22371,6.73,HIP 8134,
38.46382,-60.98270,6.73,HIP 11919,
38.95885,34.72534,6.73,HIP 12091,
50.00764,1.48362,6.73,HIP 15523,
50.56841,-21.10014,6.73,HIP 15702,
51.93239,-43.85589,6.73,HIP 16128,
53.07333,40.92073,6.73,HIP 16487,
54.73844,42.53827,6.73,HIP 17022,
57.36487,52.65540,6.73,HIP 17877,
57.49189,23.84870,6.73,HIP 17923,
58.08612,62.34480,6.73,HIP 18113,
58.16547,32.40855,6.73,HIP 18138,
60.51417,-34.48216,6.73,HIP 18824,
63.94297,-23.23773,6.73,HIP 19878,
68.75987,17.20123,6.73,HIP 21365,
70.59405,-0.92990,6.73,HIP 21894,
75.92856,-2.53998,6.73,HIP 23539,
85.84965,5.35864,6.73,HIP 26971,
88.99535,-31.53201,6.73,HIP 28060,
90.79165,7.62714,6.73,HIP 28667,
94.30334,-24.07458,6.73,HIP 29854,
94.77613,12.74673,6.73,HIP 30025,
95.72989,-45.62889,6.73,HIP 30339,
99.00887,16.79702,6.73,23 Gem,
99.58328,57.19171,6.73,HIP 31731,
103.88304,37.91535,6.73,HIP 33291,
104.64900,-23.88084,6.73,HIP 33574,
105.41501,-23.50143,6.73,HIP 33853,
106.38638,-40.64040,6.73,HIP 34201,
106.82052,24.16844,6.73,HIP 34351,
107.79818,3.19162,6.73,HIP 34696,
109.82547,-58.05221,6.73,HIP 35467,
112.37810,19.63317,6.73,HIP 36411,
114.27280,20.15679,6.73,HIP 37072,
116.46606,-24.25606,6.73,HIP 37880,
117.27553,-11.18111,6.73,HIP 38150,
117.49620,-23.79825,6.73,HIP 38235,
119.06573,-61.09943,6.73,HIP 38779,
119.59296,-60.85771,6.73,HIP 38966,
126.71149,-29.21563,6.73,HR 3331,
130.61794,-47.52132,6.73,HIP 42728,
133.73327,26.19829,6.73,HIP 43766,
137.90774,-54.03702,6.73,HIP 45125,
139.16658,0.72904,6.73,HIP 45521,
140.91473,-33.20047,6.73,HIP 46065,
141.11906,6.35011,6.73,HIP 46134,
145.68569,30.11145,6.73,HIP 47636,
148.77365,-69.18897,6.73,HIP 48641,
153.45521,-68.05983,6.73,HIP 50108,
154.79496,-34.61648,6.73,HIP 50525,
159.57319,-65.04193,6.73,HIP 52059,
160.27679,-64.47438,6.73,HIP 52293,
163.48487,-36.45688,6.73,HIP 53289,
170.13335,44.99829,6.73,HIP 55391,
171.41438,3.30114,6.73,82 Leo,
171.57514,8.65955,6.73,HIP 55816,
172.41665,7.59937,6.73,HIP 56079,
178.46025,40.91290,6.73,HIP 58003,
179.25123,-4.78277,6.73,HIP 58268,
179.64721,-77.82542,6.73,HIP 58410,
182.94195,23.32250,6.73,HIP 59459,
185.05629,37.90213,6.73,HIP 60161,
187.91047,-30.98189,6.73,HIP 61133,
192.54921,-60.40053,6.73,HR 4868,
193.62587,-20.09803,6.73,HIP 62996,
194.12555,-26.46029,6.73,HR 4912,
199.99317,-41.19066,6.73,HIP 65046,
200.08327,-11.30413,6.73,62 Vir,
204.30306,52.59305,6.73,HIP 66440,
206.80496,-19.25578,6.73,HIP 67270,
207.17437,-37.12742,6.73,HIP 67389,
209.11074,-52.03560,6.73,HIP 68088,
210.15042,-26.26641,6.73,HIP 68434,
212.75562,58.54899,6.73,HIP 69295,
214.14139,32.20843,6.73,HIP 69753,
217.83517,43.38234,6.73,HIP 71008,
219.75169,-10.55477,6.73,HIP 71632,
219.88196,-68.20339,6.73,HIP 71668,
220.46774,-75.13948,6.73,HIP 71855,
221.11751,45.18598,6.73,HIP 72066,
226.54434,-24.13150,6.73,HIP 73896,
227.25316,-72.30746,6.73,HIP 74141,
229.94049,-66.49604,6.73,HIP 75018,
238.37088,65.28825,6.73,HIP 77824,
246.41964,9.37060,6.73,HIP 80479,
248.46828,-48.11124,6.73,HIP 81100,
249.61940,-18.22048,6.73,HIP 81474,
249.63972,-1.23152,6.73,HIP 81484,
249.93639,-56.99441,6.73,HIP 81589,
250.72003,-79.02426,6.73,HIP 81830,
254.33438,6.21130,6.73,HIP 82971,
257.13200,35.03398,6.73,HIP 83872,
257.58682,-46.73841,6.73,HIP 84010,
265.44887,21.50147,6.73,HIP 86596,
265.50666,27.64519,6.73,HIP 86627,
270.75712,-22.71849,6.73,HR 6727,
276.28698,5.08457,6.73,HR 6900,
278.44860,46.21915,6.73,HIP 90999,
279.12084,4.95504,6.73,HIP 91220,
285.26354,-37.06090,6.73,HR 7169,
286.05915,-22.89652,6.73,HIP 93649,
288.14357,16.84642,6.73,HR 7285,
291.92121,4.70972,6.73,HIP 95680,
292.02192,-18.35931,6.73,HIP 95713,
293.98172,56.98390,6.73,HIP 96395,
294.96786,-15.16744,6.73,HIP 96736,
298.54039,33.78099,6.73,HIP 97930,
298.68487,22.42923,6.73,HIP 97979,
300.67203,12.35874,6.73,HIP 98690,
304.45922,54.32247,6.73,HIP 100046,
306.20331,40.15362,6.73,HIP 100691,
306.26482,83.18281,6.73,HIP 100710,
308.56884,-43.44786,6.73,HIP 101515,
313.86036,43.36722,6.73,HIP 103282,
317.00279,5.15162,6.73,HIP 104324,
317.31429,-20.19317,6.73,26 Cap,
320.10594,60.68723,6.73,HIP 105357,
320.33523,46.72983,6.73,HIP 105430,
321.08652,-24.42250,6.73,HIP 105683,
321.09449,30.93663,6.73,HIP 105688,
323.09213,-12.26731,6.73,HIP 106351,
324.67181,-4.15040,6.73,HIP 106870,
324.96696,-43.13200,6.73,HIP 106968,
331.12486,-25.88324,6.73,HIP 108960,
332.31331,44.84648,6.73,HIP 109354,
336.45020,-20.23700,6.73,HIP 110707,
342.42061,-77.05105,6.73,HR 8664,
346.85628,20.58163,6.73,HIP 114183,
349.40538,18.30477,6.73,HIP 115011,
351.98528,-15.29922,6.73,HIP 115827,
353.12203,72.00094,6.73,HIP 116188,
353.75895,-56.82535,6.73,HIP 116387,
356.98462,-66.56742,6.73,HIP 117374,
358.76626,-9.46058,6.73,HIP 117917,
2.62364,57.16549,6.74,HR 28,
2.79020,-3.32139,6.74,HIP 906,
8.05854,34.99389,6.74,HIP 2539,
10.30301,52.19767,6.74,HIP 3240,
14.58107,6.84431,6.74,HIP 4559,
15.91428,84.60688,6.74,HIP 4965,
18.38654,29.73623,6.74,HIP 5717,
23.74207,33.11786,6.74,HIP 7370,
24.81339,16.62549,6.74,103 Psc,
24.81433,14.28556,6.74,104 Psc,
25.19318,-2.62189,6.74,HIP 7832,
28.04314,24.11734,6.74,HIP 8718,
31.54470,-10.27622,6.74,HIP 9807,
32.76699,-15.07086,6.74,HIP 10194,
33.71881,48.78239,6.74,HIP 10462,
43.40926,1.96932,6.74,HIP 13482,
44.40312,-55.01324,6.74,HIP 13794,
45.13126,18.00497,6.74,50 Ari,
48.25033,-20.02694,6.74,HIP 14970,
52.15142,11.39053,6.74,HIP 16193,
53.60323,-65.76422,6.74,HR 1104,
58.12857,-5.05413,6.74,29 Eri,
58.91008,52.64132,6.74,HIP 18370,
60.61148,-61.35694,6.74,HIP 18844,
62.36343,6.72505,6.74,HIP 19411,
63.57620,12.34810,6.74,HIP 19767,
65.33165,76.10610,6.74,HIP 20330,
68.80882,-9.73637,6.74,HR 1460,
69.08172,11.41250,6.74,HIP 21446,
71.14754,38.25499,6.74,HIP 22055,
74.61862,37.32904,6.74,HIP 23117,
77.67780,63.59721,6.74,HIP 24108,
81.78459,3.85555,6.74,HIP 25493,
82.32976,18.36570,6.74,HIP 25702,
83.72485,-4.11042,6.74,HIP 26182,
83.86149,-33.26923,6.74,HIP 26245,
85.24094,32.89599,6.74,HIP 26744,
87.16533,-14.31435,6.74,HIP 27444,
91.12467,44.26044,6.74,HIP 28767,
91.43979,-24.19557,6.74,HR 2156,
95.45856,-51.23771,6.74,HIP 30252,
99.59593,-52.93206,6.74,HIP 31738,
100.06919,79.59951,6.74,HR 2346,
100.68762,32.55887,6.74,HIP 32143,
107.35716,36.56325,6.74,HIP 34546,
110.13558,-26.70024,6.74,HIP 35578,
110.83167,-36.34015,6.74,HIP 35830,
116.23412,39.55637,6.74,HIP 37789,
118.95889,-45.98006,6.74,HIP 38737,
120.86973,12.18130,6.74,HIP 39418,
128.51807,-41.67890,6.74,HIP 42033,
129.45955,-6.80689,6.74,HIP 42333,
130.14027,33.27725,6.74,HIP 42562,
134.05631,24.44776,6.74,HIP 43871,
134.73067,-15.98490,6.74,HIP 44096,
141.98912,-53.51730,6.74,HIP 46421,
144.56691,12.73630,6.74,HIP 47291,
144.75041,-17.62417,6.74,HIP 47363,
148.77504,-57.38292,6.74,HIP 48643,
149.03334,-7.64531,6.74,HIP 48712,
149.86720,21.32150,6.74,HIP 48977,
152.82947,-18.95716,6.74,HIP 49902,
157.56360,50.56912,6.74,HIP 51434,
161.98113,-52.24610,6.74,HIP 52816,
165.92789,-51.35266,6.74,HIP 54060,
172.42561,-38.45686,6.74,HIP 56081,
172.72871,28.45157,6.74,HIP 56178,
172.98587,-6.47053,6.74,HIP 56260,
177.55869,54.25260,6.74,HIP 57720,
179.00095,35.34052,6.74,HIP 58184,
179.11173,14.18623,6.74,HIP 58221,
179.58543,61.46456,6.74,HR 4575,
181.03739,-69.52197,6.74,HIP 58848,
182.44425,-51.78388,6.74,HIP 59290,
182.84181,-2.69911,6.74,HIP 59423,
183.52356,66.10929,6.74,HIP 59658,
185.51809,61.59139,6.74,HIP 60316,
186.51366,15.86394,6.74,HIP 60672,
193.59168,-58.43061,6.74,HR 4895,
194.94177,9.52600,6.74,HIP 63420,
197.98149,-61.11733,6.74,HIP 64398,
215.69330,-0.63713,6.74,HIP 70282,
223.84519,6.78477,6.74,HIP 73019,
228.83187,-44.14950,6.74,HIP 74657,
229.14918,9.71299,6.74,HIP 74749,
230.63835,-44.29292,6.74,HIP 75247,
237.79200,52.90699,6.74,HIP 77652,
240.22893,39.17752,6.74,HIP 78448,
241.26210,-18.53947,6.74,HIP 78785,
242.02130,-58.97075,6.74,HIP 79046,
242.02381,10.08044,6.74,46 Ser,
248.39184,10.36902,6.74,HIP 81073,
249.51681,39.57722,6.74,HIP 81445,
252.22401,-52.94084,6.74,HIP 82292,
258.47494,-38.29494,6.74,HIP 84290,
262.37072,-61.76385,6.74,HIP 85598,
265.00434,-32.20107,6.74,HIP 86468,
266.02359,-38.80575,6.74,HIP 86792,
267.53853,9.84827,6.74,HIP 87289,
269.03282,-35.04890,6.74,HIP 87798,
269.29336,-41.97842,6.74,HIP 87886,
269.83823,-77.82393,6.74,HIP 88082,
270.69281,-5.35809,6.74,HR 6732,
272.86224,-5.20500,6.74,HIP 89133,
274.46307,-18.79850,6.74,HIP 89659,
275.83105,14.70004,6.74,HIP 90111,
279.37394,-2.92003,6.74,HIP 91308,
281.03654,-19.31785,6.74,HIP 91903,
282.30954,25.04657,6.74,HR 7091,
283.85801,-29.21311,6.74,HIP 92870,
284.67248,20.62317,6.74,HIP 93171,
285.39543,25.02594,6.74,HR 7206,
287.24869,14.78052,6.74,HIP 94067,
287.75519,-7.42753,6.74,HIP 94241,
288.58539,55.94039,6.74,HIP 94528,
293.74569,27.22534,6.74,HIP 96313,
293.89909,-20.78209,6.74,HIP 96370,
302.23668,62.07663,6.74,HIP 99257,
303.60750,-62.27920,6.74,HIP 99758,
304.83821,14.37073,6.74,HIP 100192,
305.68713,12.44336,6.74,HIP 100498,
305.74022,39.21103,6.74,HIP 100518,
306.51984,-46.66001,6.74,HIP 100787,
307.13664,-34.40974,6.74,HIP 100991,
307.46911,-18.58638,6.74,ο Cap,12 Cap
310.17613,26.07917,6.74,HIP 102037,
311.36765,18.09003,6.74,HR 7941,
312.89004,-27.24476,6.74,HIP 102954,
314.02245,9.26037,6.74,HIP 103333,
323.72906,-20.25272,6.74,38 Cap,
324.97962,51.47685,6.74,HIP 106973,
327.06249,65.17068,6.74,HIP 107648,
328.57944,-36.06159,6.74,HIP 108123,
332.27182,44.85475,6.74,HIP 109342,
336.14945,-1.18667,6.74,HIP 110619,
340.85691,62.67139,6.74,HIP 112197,
343.19379,-10.05887,6.74,HIP 112974,
345.46438,34.61254,6.74,HIP 113719,
345.84879,60.44541,6.74,HR 8777,
347.21476,-25.83062,6.74,HIP 114291,
349.50318,-61.00366,6.74,HIP 115043,
349.85202,35.82513,6.74,HIP 115145,
350.52082,28.69481,6.74,HIP 115366,
359.94924,11.27343,6.74,HIP 118309,
5.70009,-39.26241,6.75,HIP 1795,
7.05883,-29.04027,6.75,HIP 2227,
10.13890,-29.42086,6.75,HIP 3188,
11.01249,70.82343,6.75,HIP 3445,
15.90429,58.90922,6.75,HIP 4961,
17.46772,54.73897,6.75,HIP 5458,
20.32672,-49.74154,6.75,HIP 6333,
21.68241,27.24657,6.75,HIP 6736,
29.99336,6.03549,6.75,HIP 9343,
31.70476,29.26940,6.75,HIP 9858,
35.86991,35.44106,6.75,HIP 11153,
38.62732,76.71815,6.75,HIP 11978,
48.72102,-59.51351,6.75,HIP 15108,
48.77676,-45.66482,6.75,HIP 15131,
56.15495,27.89745,6.75,HIP 17470,
57.33937,-36.09249,6.75,HIP 17861,
59.15133,74.08003,6.75,HIP 18451,
66.98070,-21.50406,6.75,HIP 20836,
73.51710,-38.16287,6.75,HIP 22786,
74.93467,15.91673,6.75,101 Tau,
75.14081,14.38381,6.75,HIP 23286,
77.12467,-41.21368,6.75,HIP 23926,
78.78651,-36.65289,6.75,HIP 24474,
81.29323,20.58373,6.75,HIP 25337,
82.17703,-8.37667,6.75,HIP 25646,
82.27785,-30.11673,6.75,HR 1838,
83.40715,-3.46317,6.75,HIP 26070,
83.88069,-5.26738,6.75,HIP 26258,
87.70275,14.44336,6.75,HIP 27614,
88.28986,-47.95519,6.75,HIP 27818,
95.21031,-4.59547,6.75,HIP 30167,
97.62411,-14.95437,6.75,HIP 31017,
97.98134,4.94286,6.75,HIP 31130,
99.57876,24.45042,6.75,HIP 31730,
100.05376,44.33285,6.75,HIP 31916,
101.60761,-19.87791,6.75,HIP 32455,
102.99249,25.66300,6.75,HIP 32964,
104.06886,17.73713,6.75,HIP 33358,
108.30379,47.60683,6.75,HIP 34897,
109.18559,16.14712,6.75,HIP 35219,
109.37726,31.69805,6.75,HIP 35298,
109.88465,-61.14497,6.75,HIP 35497,
109.97015,59.25287,6.75,HIP 35517,
110.77872,-70.63661,6.75,HIP 35809,
124.99076,-51.94185,6.75,HIP 40824,
127.72290,-15.83468,6.75,HIP 41757,
128.72287,48.53372,6.75,HIP 42101,
138.74115,38.60933,6.75,HIP 45389,
139.24161,-45.01197,6.75,HIP 45545,
142.40284,-58.29913,6.75,HIP 46553,
150.97296,38.02044,6.75,HIP 49308,
153.72369,-42.38304,6.75,HIP 50200,
157.01365,48.96397,6.75,HIP 51247,
159.75754,-75.15749,6.75,HIP 52131,
168.47090,2.26848,6.75,HIP 54857,
171.24243,-2.21237,6.75,HIP 55713,
171.90686,-25.86085,6.75,HIP 55912,
176.92248,-67.69228,6.75,HIP 57547,
180.21957,70.23785,6.75,HIP 58591,
182.08098,-34.67494,6.75,HIP 59192,
184.48039,-57.85015,6.75,HIP 59965,
186.98122,-8.67799,6.75,HIP 60816,
194.16492,-47.68625,6.75,HIP 63182,
196.65772,-31.61188,6.75,HIP 63981,
197.42661,-16.51520,6.75,HIP 64218,
198.94554,7.95299,6.75,HIP 64711,
202.60536,-58.66436,6.75,HIP 65891,
213.22959,-40.83348,6.75,HIP 69429,
217.79706,-40.38642,6.75,HIP 70988,
218.43596,43.00781,6.75,HIP 71206,
228.57837,-14.20947,6.75,HIP 74581,
231.17446,-35.91709,6.75,HIP 75436,
233.06310,-23.88017,6.75,HIP 76075,
233.79174,43.16754,6.75,HIP 76299,
234.74537,46.92656,6.75,HIP 76630,
240.95764,17.80277,6.75,HIP 78690,
242.01826,-36.23183,6.75,HIP 79044,
243.53251,-48.93277,6.75,HIP 79571,
245.72841,-66.88734,6.75,HIP 80244,
246.35118,-23.46022,6.75,HIP 80461,
255.80501,-48.33679,6.75,HIP 83438,
257.95917,41.73011,6.75,HIP 84118,
258.04557,-27.04236,6.75,HIP 84144,
259.07326,-42.33903,6.75,HIP 84483,
260.69964,-58.47324,6.75,HIP 85038,
261.21687,-46.20196,6.75,HIP 85223,
262.99052,0.04250,6.75,HIP 85806,
266.01797,45.03470,6.75,HIP 86791,
267.85359,74.56908,6.75,HIP 87385,
269.27119,45.85596,6.75,HIP 87877,
270.61884,-3.15726,6.75,HIP 88342,
272.16352,-2.90742,6.75,HIP 88878,
276.02338,20.45237,6.75,HIP 90176,
276.67008,-30.39333,6.75,HIP 90397,
279.17547,15.44809,6.75,HIP 91247,
279.94917,-58.86920,6.75,HIP 91512,
281.24680,-39.75012,6.75,HIP 91992,
284.82225,10.14100,6.75,HR 7173,
286.44876,6.54681,6.75,HIP 93772,
294.03106,35.21365,6.75,HIP 96415,
296.60287,54.40561,6.75,HIP 97293,
297.54069,-10.00713,6.75,HIP 97592,
297.70275,-4.69409,6.75,HIP 97655,
299.68265,1.66647,6.75,HIP 98336,
300.16727,-49.60865,6.75,HIP 98500,
305.90973,-5.26620,6.75,HIP 100570,
306.35595,6.64181,6.75,HIP 100734,
318.22237,35.79766,6.75,HIP 104728,
319.61340,-43.33465,6.75,HIP 105184,
320.34849,-51.75262,6.75,HIP 105439,
322.31412,28.58300,6.75,HIP 106081,
324.79218,-27.30657,6.75,HIP 106913,
339.17739,-43.47097,6.75,HIP 111616,
342.32322,50.97671,6.75,HIP 112697,
346.61897,61.44013,6.75,HIP 114092,
347.31977,49.65061,6.75,HIP 114329,
347.34450,18.73592,6.75,HIP 114336,
349.62355,-18.84157,6.75,HIP 115078,
351.14979,63.85341,6.75,HIP 115569,
358.99327,21.16595,6.75,HIP 117990,
359.87664,86.70640,6.75,HIP 118285,
3.82429,44.20340,6.76,HIP 1233,
6.16532,31.37306,6.76,HIP 1952,
7.80378,43.94654,6.76,HIP 2455,
8.54497,10.29920,6.76,HIP 2695,
12.73370,77.95353,6.76,HIP 3964,
13.21570,40.24557,6.76,HIP 4127,
19.02096,25.76936,6.76,HIP 5914,
21.25243,-5.94643,6.76,HIP 6624,
25.91157,52.88578,6.76,HIP 8066,
26.82480,58.02122,6.76,HIP 8321,
33.79004,0.72017,6.76,HIP 10482,
35.17882,55.90908,6.76,HIP 10926,
37.48063,-22.68320,6.76,HR 730,
37.56477,-57.80943,6.76,HIP 11648,
38.04979,55.45810,6.76,HIP 11796,
48.57147,22.95377,6.76,HIP 15072,
49.34004,78.87500,6.76,HIP 15296,
50.32938,61.99918,6.76,HIP 15634,
51.75962,34.42950,6.76,HIP 16075,
60.27907,20.19916,6.76,HIP 18762,
61.53360,62.10184,6.76,HIP 19139,
62.34333,73.57041,6.76,HIP 19402,
63.23433,-6.38832,6.76,HIP 19677,
63.79609,-37.19689,6.76,HIP 19836,
66.41499,-1.41091,6.76,HIP 20667,
66.82618,36.52029,6.76,HIP 20791,
67.99925,-20.69947,6.76,HIP 21147,
70.56255,9.63382,6.76,HIP 21882,
71.06371,-27.57788,6.76,HIP 22036,
74.31424,61.75312,6.76,HIP 23037,
75.35690,-0.69691,6.76,HIP 23363,
75.44843,-10.93386,6.76,HIP 23405,
78.93292,-22.89436,6.76,HIP 24528,
79.31445,28.90500,6.76,HIP 24642,
79.34293,-17.77481,6.76,HIP 24649,
81.91332,43.36792,6.76,HIP 25542,
83.39367,-57.08313,6.76,HIP 26066,
86.13834,-6.86426,6.76,HIP 27083,
87.76927,18.55130,6.76,HIP 27642,
90.04015,51.08087,6.76,HIP 28424,
90.10212,34.50793,6.76,HIP 28448,
91.27800,-56.23310,6.76,HIP 28827,
91.66866,15.54211,6.76,HIP 28954,
91.94579,-44.72932,6.76,HIP 29057,
94.17345,-12.04727,6.76,HIP 29811,
94.39635,-10.72499,6.76,6 Mon,
95.07139,7.71883,6.76,HIP 30120,
100.68081,-32.71276,6.76,HIP 32140,
101.23479,22.83738,6.76,HIP 32333,
104.75175,-32.72225,6.76,HIP 33610,
105.10412,1.93152,6.76,HIP 33731,
111.27831,-14.88322,6.76,HIP 35995,
113.49286,-39.90581,6.76,HR 2917,
114.45952,14.34062,6.76,HIP 37135,
114.73657,-0.26044,6.76,HIP 37243,
115.18080,-27.94535,6.76,HR 2972,
116.16760,-47.00847,6.76,HIP 37765,
117.45952,-36.09352,6.76,HIP 38222,
120.83821,-69.97159,6.76,HIP 39406,
124.07265,-86.55729,6.76,HIP 40514,
124.98257,39.88470,6.76,HIP 40823,
126.24314,-15.29414,6.76,HIP 41252,
126.25442,9.42606,6.76,HIP 41257,
127.64256,54.11915,6.76,HIP 41729,
130.07518,1.92017,6.76,HIP 42537,
130.08394,19.34899,6.76,HIP 42542,
138.09119,-28.94760,6.76,HIP 45176,
143.28077,49.43867,6.76,HR 3778,
143.84374,39.96327,6.76,HR 3811,
146.15166,-22.75186,6.76,HIP 47790,
148.40421,34.98381,6.76,HIP 48512,
152.27378,-48.30652,6.76,HIP 49720,
152.67371,-38.91089,6.76,HIP 49849,
155.95632,25.56818,6.76,HIP 50915,
163.12870,52.56535,6.76,HR 4241,
163.65474,-55.61900,6.76,HIP 53347,
166.66188,-28.72760,6.76,HR 4320,
169.15189,-3.96678,6.76,HIP 55081,
173.58897,-5.52710,6.76,HIP 56444,
179.56519,-47.97710,6.76,HIP 58380,
182.95140,77.44079,6.76,HIP 59463,
188.62822,7.73471,6.76,HIP 61366,
191.04657,-2.84256,6.76,HIP 62141,
206.36401,-48.79166,6.76,HIP 67125,
207.37214,6.34383,6.76,HIP 67461,
208.33416,52.32299,6.76,HIP 67799,
216.02401,11.24696,6.76,HIP 70386,
223.01349,46.47662,6.76,HIP 72718,
224.10339,-44.70424,6.76,HIP 73102,
228.61720,-18.42853,6.76,HIP 74593,
229.15481,-42.37016,6.76,HIP 74752,
236.66817,-48.73682,6.76,HIP 77278,
236.94323,45.73288,6.76,HIP 77381,
238.40232,68.72011,6.76,HIP 77838,
242.48473,59.87176,6.76,HIP 79204,
244.19361,40.03837,6.76,HIP 79765,
249.84145,22.00597,6.76,HIP 81555,
252.93748,-73.72262,6.76,HIP 82503,
253.71174,-23.51237,6.76,22 Oph,
255.65154,47.08188,6.76,HIP 83389,
263.77615,-38.79947,6.76,HIP 86047,
263.96160,12.04695,6.76,HIP 86107,
269.48648,-36.00793,6.76,HIP 87945,
272.22519,-25.47306,6.76,HR 6773,
273.97228,30.39986,6.76,HIP 89505,
274.60225,12.98043,6.76,HIP 89700,
278.56034,-66.27928,6.76,HIP 91035,
279.15426,22.10758,6.76,HIP 91234,
289.15278,-52.43781,6.76,HIP 94735,
290.01166,-6.62801,6.76,HIP 95021,
290.99157,32.72375,6.76,HIP 95354,
293.26318,-30.36280,6.76,HIP 96154,
298.19865,64.17605,6.76,HIP 97831,
305.85940,-14.25643,6.76,HIP 100556,
307.48038,10.30208,6.76,HIP 101125,
308.10489,70.53209,6.76,HIP 101349,
309.33831,-15.14734,6.76,13 Cap,
309.66732,38.63509,6.76,HIP 101875,
310.14713,15.64325,6.76,HIP 102029,
311.50503,-0.34041,6.76,HIP 102480,
314.05011,75.71983,6.76,HIP 103342,
314.92880,38.82292,6.76,HIP 103624,
315.44773,44.18691,6.76,HIP 103779,
320.89745,14.05018,6.76,HIP 105623,
324.45278,39.31718,6.76,HIP 106790,
326.60055,-32.71470,6.76,HIP 107504,
329.19169,-17.89706,6.76,HIP 108327,
330.70646,66.06429,6.76,HIP 108829,
332.76549,43.03068,6.76,HIP 109511,
340.76823,65.33625,6.76,HIP 112169,
343.72824,-22.36895,6.76,HIP 113159,
346.55109,36.82026,6.76,HIP 114074,
348.91778,1.30825,6.76,HIP 114834,
351.40042,52.97947,6.76,HIP 115643,
352.83997,59.16552,6.76,HIP 116085,
356.26661,21.38985,6.76,HIP 117155,
0.57380,60.70317,6.77,HIP 181,
6.42464,7.69112,6.77,45 Psc,
9.19386,54.95737,6.77,HIP 2901,
9.63935,60.32478,6.77,HIP 3030,
15.44082,57.81670,6.77,HIP 4811,
16.15185,39.99111,6.77,HR 305,
20.72334,11.36650,6.77,HIP 6451,
22.42157,22.82619,6.77,HIP 6966,
24.42033,12.07838,6.77,HIP 7585,
24.43521,48.41275,6.77,HIP 7589,
28.14480,-67.94450,6.77,η¹ Hyi,
28.49036,10.61403,6.77,HIP 8859,
29.48485,41.69456,6.77,HR 562,
39.43509,-22.99190,6.77,HIP 12250,
40.89733,43.53797,6.77,HIP 12725,
52.55529,-11.64631,6.77,HIP 16308,
52.88804,47.86242,6.77,HIP 16430,
55.49662,-24.65223,6.77,HIP 17276,
55.61516,32.93923,6.77,HIP 17320,
57.44373,9.40750,6.77,HIP 17907,
57.55525,34.82010,6.77,HIP 17943,
58.03617,-1.14880,6.77,HIP 18104,
58.04753,25.16308,6.77,HIP 18106,
59.83212,13.97504,6.77,HIP 18634,
61.50889,46.92557,6.77,HIP 19127,
61.81556,-9.75783,6.77,HIP 19226,
63.54018,-46.13244,6.77,HIP 19758,
63.61010,23.69642,6.77,HIP 19785,
65.71281,-82.89908,6.77,HR 1485,
67.42857,10.52186,6.77,HR 1420,
70.44240,-47.25979,6.77,HIP 21843,
71.82468,5.78822,6.77,HIP 22245,
71.95638,53.30109,6.77,HIP 22279,
80.21769,2.92887,6.77,HIP 24967,
82.91328,18.24411,6.77,HIP 25893,
84.99714,-85.91433,6.77,HIP 26661,
85.75311,73.98580,6.77,HIP 26940,
86.98389,24.68683,6.77,HIP 27378,
88.97029,-21.68943,6.77,HIP 28047,
89.86544,8.41547,6.77,HIP 28353,
91.46858,48.24928,6.77,HIP 28881,
93.37705,37.15913,6.77,HIP 29541,
93.41853,-56.91836,6.77,HIP 29555,
94.89924,69.56908,6.77,HIP 30058,
102.55137,5.67350,6.77,HIP 32793,
105.29106,11.77460,6.77,HIP 33810,
105.70566,-16.69937,6.77,HIP 33961,
107.82057,-70.11944,6.77,HIP 34706,
109.36088,-38.91331,6.77,HIP 35288,
111.46653,48.54777,6.77,HIP 36056,
113.46820,-28.56771,6.77,HIP 36780,
113.68222,-44.69196,6.77,HIP 36863,
117.48759,28.19875,6.77,HIP 38231,
119.04815,-51.33842,6.77,HIP 38770,
122.05989,-61.07705,6.77,HIP 39827,
124.97460,-12.85695,6.77,HIP 40822,
130.23459,19.58034,6.77,HIP 42600,
131.37330,18.81749,6.77,HIP 42970,
131.43295,-55.85474,6.77,HIP 42989,
136.32829,50.82379,6.77,HIP 44607,
137.15264,-25.83940,6.77,HIP 44874,
139.39957,27.42218,6.77,HIP 45595,
149.55830,-25.13112,6.77,HIP 48884,
154.01301,60.15061,6.77,HIP 50286,
155.26529,41.84940,6.77,HIP 50687,
159.30351,-31.76270,6.77,HIP 51977,
159.58284,60.12454,6.77,HIP 52064,
162.35704,-42.36743,6.77,HIP 52924,
165.21324,-40.49811,6.77,HIP 53840,
169.25019,-54.77705,6.77,HIP 55109,
170.63199,-53.36985,6.77,HIP 55537,
178.42980,73.75606,6.77,HIP 57994,
179.58458,-40.94726,6.77,HR 4577,
179.84898,-57.16798,6.77,HIP 58465,
181.69719,-12.24085,6.77,HIP 59068,
185.56269,-73.50371,6.77,HIP 60334,
189.72807,-76.06596,6.77,HIP 61709,
194.35927,-67.96070,6.77,HIP 63236,
200.96954,-47.89054,6.77,HIP 65373,
203.80102,-32.21239,6.77,HIP 66292,
208.56699,-28.74319,6.77,HIP 67888,
208.60059,-54.41212,6.77,HIP 67899,
212.55432,-30.62095,6.77,HIP 69213,
222.48440,24.72049,6.77,HIP 72550,
224.56740,14.03761,6.77,HIP 73253,
230.26961,-47.76035,6.77,HIP 75122,
238.97744,-2.16441,6.77,HIP 78024,
239.45334,-23.52730,6.77,HIP 78183,
245.78177,-37.42458,6.77,HIP 80267,
253.89708,-43.31599,6.77,HIP 82829,
254.16523,14.14025,6.77,HIP 82918,
257.78909,-58.02551,6.77,HIP 84063,
257.84410,4.69027,6.77,HIP 84082,
262.82796,19.52195,6.77,HIP 85744,
267.60674,-61.92462,6.77,HIP 87312,
268.90629,2.07493,6.77,HIP 87761,
271.57101,24.41371,6.77,HIP 88686,
273.31524,16.27317,6.77,HIP 89294,
275.31005,-39.02175,6.77,HIP 89955,
278.84877,-19.26853,6.77,HIP 91135,
279.43942,-4.80680,6.77,HIP 91337,
280.76325,-78.06626,6.77,HIP 91795,
281.53742,-44.22312,6.77,HIP 92094,
282.39732,-19.14234,6.77,HR 7077,
283.27720,-18.63684,6.77,HIP 92682,
283.94040,-56.42338,6.77,HIP 92902,
288.57612,11.71277,6.77,HIP 94524,
289.77360,27.26130,6.77,HIP 94937,
292.14722,-15.10230,6.77,HIP 95755,
294.21135,-10.15749,6.77,HIP 96479,
296.88883,1.08889,6.77,HIP 97384,
299.63590,7.92068,6.77,HIP 98314,
299.89188,-22.21132,6.77,HIP 98399,
301.29224,2.11879,6.77,HIP 98922,
301.48886,35.78837,6.77,HIP 99002,
305.06406,15.54289,6.77,HIP 100269,
305.37317,30.59027,6.77,HIP 100384,
306.15958,8.59749,6.77,HIP 100666,
313.08741,55.05124,6.77,HIP 103024,
316.85286,-59.99195,6.77,HIP 104269,
318.56968,-10.60539,6.77,HR 8118,
322.60765,44.87499,6.77,HIP 106184,
324.97487,44.43214,6.77,HIP 106970,
329.62550,-41.72099,6.77,HIP 108479,
335.92368,78.24332,6.77,HR 8550,
336.77808,-1.30915,6.77,HIP 110821,
338.88797,-51.60396,6.77,HIP 111512,
340.26150,51.75848,6.77,HIP 111988,
346.15172,31.30746,6.77,HIP 113952,
358.17033,-24.98517,6.77,HIP 117737,
358.73498,29.47561,6.77,HIP 117906,
4.20096,-78.78015,6.78,HR 64,
5.20242,-23.63022,6.78,HIP 1660,
6.42396,54.99421,6.78,HIP 2024,
6.90655,-20.13452,6.78,HIP 2184,
10.56067,-11.80487,6.78,HIP 3316,
12.17193,-28.49543,6.78,HIP 3788,
19.42405,44.63191,6.78,HIP 6047,
19.68401,-43.33292,6.78,HIP 6137,
20.32299,-6.15952,6.78,HIP 6331,
21.92800,31.96655,6.78,HIP 6819,
23.01301,16.94723,6.78,HIP 7143,
24.01187,7.64530,6.78,HIP 7456,
35.63832,16.87028,6.78,HIP 11075,
37.28118,37.32974,6.78,HIP 11573,
37.48254,39.13707,6.78,HIP 11623,
39.25974,34.26427,6.78,HR 758,
39.78139,-52.93481,6.78,HIP 12361,
42.24624,-45.08999,6.78,HIP 13139,
43.09452,63.40979,6.78,HIP 13394,
43.50406,47.16089,6.78,HIP 13512,
43.69787,-64.00214,6.78,HIP 13568,
47.73096,2.31585,6.78,HIP 14786,
50.21444,20.50943,6.78,HIP 15597,
63.26371,-23.12834,6.78,HIP 19690,
65.12043,-1.31639,6.78,HIP 20257,
67.38597,-26.27586,6.78,HIP 20953,
67.76700,6.79133,6.78,HIP 21078,
68.68933,22.69231,6.78,HIP 21341,
68.93140,59.40082,6.78,HIP 21410,
69.70533,-62.37853,6.78,HIP 21634,
71.08926,48.17576,6.78,HIP 22041,
72.87267,35.81514,6.78,HIP 22576,
76.17419,14.85903,6.78,HIP 23621,
78.08964,26.45461,6.78,HIP 24252,
82.08765,-22.43393,6.78,HIP 25616,
82.42771,35.37502,6.78,HIP 25733,
86.27800,33.62627,6.78,HIP 27123,
86.87284,-41.59021,6.78,HIP 27344,
88.52801,-35.90299,6.78,HIP 27892,
89.91160,-35.35259,6.78,HIP 28372,
92.84063,-15.79306,6.78,HIP 29365,
93.48794,-7.24806,6.78,HIP 29579,
96.54272,18.75690,6.78,HIP 30630,
101.45856,-0.71646,6.78,HIP 32398,
103.88705,-22.03745,6.78,HIP 33294,
110.62852,-0.25935,6.78,HIP 35754,
110.76919,18.27341,6.78,HIP 35803,
111.51413,-4.53737,6.78,HR 2838,
111.91890,22.14146,6.78,HIP 36232,
113.97654,-23.54871,6.78,HIP 36961,
114.87438,-26.91899,6.78,HIP 37304,
116.75178,64.05193,6.78,HIP 37975,
117.53267,60.34213,6.78,HIP 38249,
117.95498,-20.72064,6.78,HIP 38388,
119.10054,-40.73616,6.78,HR 3107,
122.91123,32.45713,6.78,HIP 40118,
125.48750,-10.74812,6.78,HIP 40993,
127.27329,-43.91886,6.78,HIP 41618,
127.62416,-36.72133,6.78,HR 3364,
127.91520,-47.24103,6.78,HIP 41828,
127.97706,9.81410,6.78,HR 3361,
129.99660,-59.54691,6.78,HIP 42505,
130.13562,10.92414,6.78,HIP 42560,
131.07792,-37.52687,6.78,HIP 42879,
136.92715,-44.63244,6.78,HIP 44790,
137.87192,0.29126,6.78,HIP 45114,
139.60386,-57.27305,6.78,HIP 45659,
142.08551,-9.98687,6.78,HIP 46443,
146.11125,74.58759,6.78,HIP 47777,
146.21484,-17.70640,6.78,HIP 47817,
146.46640,18.68359,6.78,HIP 47909,
149.12891,-13.46386,6.78,HIP 48741,
156.27744,-50.10678,6.78,HIP 51001,
162.00318,39.74233,6.78,HIP 52822,
165.72834,-72.24222,6.78,HIP 54006,
171.14379,48.60578,6.78,HIP 55682,
173.13510,-59.71784,6.78,HIP 56301,
175.29385,-61.14107,6.78,HIP 57004,
180.73482,-62.17529,6.78,HIP 58748,
191.31825,-28.76604,6.78,HIP 62232,
193.49918,-60.33542,6.78,HIP 62953,
193.91005,0.05529,6.78,HIP 63093,
193.91268,54.96124,6.78,HIP 63096,
197.21259,5.20724,6.78,HIP 64150,
199.58280,-63.44915,6.78,HIP 64914,
203.21247,34.90714,6.78,HIP 66089,
209.00160,-3.66195,6.78,HIP 68050,
209.03968,25.91871,6.78,HIP 68064,
211.77033,-63.44534,6.78,HIP 68964,
213.39214,-84.54463,6.78,HIP 69487,
213.75651,23.68606,6.78,HIP 69626,
215.88369,-66.64502,6.78,HIP 70346,
218.95826,-46.81578,6.78,HIP 71382,
219.29987,-62.01090,6.78,HIP 71492,
219.60379,-35.27655,6.78,HIP 71585,
223.86912,12.43077,6.78,HIP 73028,
224.83041,-51.57613,6.78,HIP 73345,
230.96292,-57.33064,6.78,HIP 75349,
232.70070,-53.37431,6.78,HIP 75956,
234.00961,39.80247,6.78,HIP 76382,
240.04928,44.27950,6.78,HIP 78387,
241.05619,34.17879,6.78,HIP 78722,
253.94272,67.47848,6.78,HIP 82841,
254.06966,-61.64061,6.78,HIP 82879,
255.32502,7.42856,6.78,HIP 83290,
258.90861,34.70764,6.78,HIP 84427,
264.57888,36.74728,6.78,HIP 86325,
267.51389,48.39415,6.78,88 Her,
267.73861,29.99582,6.78,HIP 87352,
269.01855,-42.32333,6.78,HIP 87794,
270.03048,6.55393,6.78,HIP 88132,
270.65550,-20.73763,6.78,HIP 88362,
272.88325,25.56119,6.78,HIP 89139,
272.92998,-55.36171,6.78,HIP 89152,
277.33692,17.98392,6.78,HIP 90609,
279.26369,-28.51306,6.78,HIP 91273,
279.46487,-17.23128,6.78,HIP 91343,
279.64332,15.08369,6.78,HIP 91408,
285.27067,-62.86527,6.78,HIP 93372,
285.34395,20.83284,6.78,HR 7200,
287.21646,30.30099,6.78,HIP 94052,
294.79309,68.65256,6.78,HIP 96662,
296.13147,18.58864,6.78,HIP 97135,
299.34867,28.69389,6.78,HIP 98209,
303.33047,79.65152,6.78,HIP 99641,
304.95756,29.72685,6.78,HIP 100242,
305.11658,43.85452,6.78,HIP 100287,
305.97705,16.04689,6.78,HIP 100598,
307.00535,-25.60645,6.78,HIP 100947,
311.34938,-30.47821,6.78,HIP 102435,
312.10235,3.64904,6.78,HIP 102680,
313.52017,-4.54218,6.78,HIP 103164,
314.76476,22.35045,6.78,HIP 103568,
321.82054,5.39157,6.78,HIP 105933,
324.57078,-69.63017,6.78,HIP 106834,
326.89415,-37.95203,6.78,HIP 107593,
328.47791,28.34193,6.78,HIP 108084,
329.27044,46.59244,6.78,HIP 108353,
337.05800,24.79261,6.78,HIP 110913,
337.34309,54.24592,6.78,HIP 111006,
338.47796,-44.69041,6.78,HIP 111382,
340.02399,40.67014,6.78,HIP 111907,
340.35685,-12.22994,6.78,HIP 112021,
340.72083,4.96879,6.78,HIP 112138,
340.92330,47.41178,6.78,HIP 112221,
341.15520,-62.54837,6.78,HIP 112286,
345.65748,-18.54170,6.78,HIP 113792,
345.93433,-30.44485,6.78,HIP 113878,
352.64234,-41.98880,6.78,HIP 116025,
352.95947,44.07288,6.78,HIP 116127,
353.10787,-10.99876,6.78,HIP 116183,
356.87237,25.57954,6.78,HIP 117332,
357.52501,-11.10317,6.78,HIP 117528,
357.82772,40.19850,6.78,HIP 117622,
358.39285,51.52258,6.78,HIP 117807,
359.79027,-42.23688,6.78,HIP 118256,
3.44823,1.38359,6.79,HIP 1107,
8.13298,18.79488,6.79,HIP 2560,
9.15774,-49.13232,6.79,HIP 2888,
26.13730,-61.01870,6.79,HIP 8132,
29.72699,18.35809,6.79,HIP 9248,
29.83158,-26.43223,6.79,HIP 9285,
31.45196,7.02841,6.79,HIP 9785,
32.46397,3.76935,6.79,HIP 10099,
36.56769,6.29255,6.79,HIP 11360,
38.38989,-62.58670,6.79,HR 762,
40.71035,-28.15132,6.79,HIP 12675,
52.45442,-22.50548,6.79,HIP 16274,
52.71873,-62.00794,6.79,HIP 16370,
52.83801,17.93818,6.79,HIP 16414,
53.04977,11.54243,6.79,HIP 16478,
57.85539,25.16293,6.79,HIP 18046,
58.84616,31.04584,6.79,HR 1209,
62.17536,10.09935,6.79,HIP 19348,
65.38185,21.03988,6.79,HIP 20349,
72.80222,11.06803,6.79,HIP 22550,
75.43449,26.67117,6.79,HIP 23395,
80.17950,37.43867,6.79,HIP 24957,
81.17634,-52.31304,6.79,HIP 25298,
86.21113,-21.65923,6.79,HIP 27103,
86.72751,56.92392,6.79,28 Cam,
90.65679,32.59142,6.79,HIP 28626,
92.10580,-11.14629,6.79,HIP 29118,
94.53528,-6.72538,6.79,HIP 29936,
95.32455,42.34030,6.79,HIP 30205,
95.41975,-56.36231,6.79,HIP 30237,
96.60484,-0.77674,6.79,HIP 30650,
98.16759,35.29373,6.79,HIP 31193,
108.49144,-50.47156,6.79,HIP 34955,
109.76544,-17.21326,6.79,HIP 35444,
110.20815,-51.40463,6.79,HIP 35603,
111.03332,-28.82788,6.79,HIP 35906,
112.73664,51.99872,6.79,HIP 36536,
114.46209,14.04198,6.79,HIP 37136,
114.65569,-56.22934,6.79,HIP 37209,
116.87718,-81.59643,6.79,HIP 38017,
120.20466,12.67844,6.79,HIP 39183,
120.53124,2.96062,6.79,HIP 39302,
121.38834,13.50415,6.79,HIP 39601,
122.79039,53.24509,6.79,HIP 40071,
125.54798,2.15141,6.79,HIP 41012,
128.53996,-53.07151,6.79,HIP 42038,
131.53982,-10.82989,6.79,HIP 43039,
133.10298,-55.34165,6.79,HIP 43571,
139.30684,-67.67646,6.79,HIP 45566,
140.41422,32.26424,6.79,HIP 45910,
141.03325,25.91834,6.79,HIP 46105,
144.72776,20.29755,6.79,HIP 47352,
148.97915,7.67721,6.79,HIP 48699,
154.38153,-65.42951,6.79,HIP 50403,
158.84260,-12.85945,6.79,HIP 51832,
160.55549,-13.78771,6.79,HIP 52369,
160.71805,-23.54903,6.79,HIP 52414,
162.74429,-59.95731,6.79,HIP 53029,
163.25543,-35.48905,6.79,HIP 53211,
167.42145,-58.83772,6.79,HIP 54543,
172.15942,-54.88358,6.79,HIP 56005,
175.88004,31.76204,6.79,HIP 57176,
179.08602,26.67964,6.79,HIP 58213,
187.76824,39.58205,6.79,HIP 61078,
188.20863,-30.04473,6.79,HIP 61232,
197.90031,-56.90898,6.79,HIP 64370,
198.20636,42.62667,6.79,HIP 64470,
215.12036,0.18185,6.79,HIP 70081,
215.18786,26.07553,6.79,HIP 70108,
228.91405,-27.59629,6.79,HIP 74675,
231.28341,47.06082,6.79,HIP 75479,
232.15982,-15.70062,6.79,HIP 75762,
237.21035,12.72362,6.79,HIP 77455,
247.83820,1.30878,6.79,HIP 80907,
261.30607,-34.42996,6.79,HIP 85250,
265.07538,63.67536,6.79,HIP 86482,
265.15068,57.31031,6.79,HR 6605,
268.30203,-32.03235,6.79,HIP 87555,
270.97252,30.37723,6.79,HIP 88471,
273.40555,-31.96733,6.79,HIP 89330,
274.24484,68.74146,6.79,38 Dra,
278.29208,-18.36839,6.79,HIP 90950,
278.67491,-50.72171,6.79,HIP 91084,
280.31815,30.29460,6.79,HIP 91636,
288.98362,31.03550,6.79,HIP 94677,
291.43059,-22.45167,6.79,HIP 95516,
293.66610,48.16455,6.79,HR 7453,
294.62168,-65.91423,6.79,HIP 96610,
296.99851,31.50628,6.79,HIP 97416,
299.20738,23.77679,6.79,HIP 98154,
299.63556,-3.55373,6.79,HIP 98313,
320.45967,1.36162,6.79,HIP 105478,
322.04385,-52.30240,6.79,HIP 106004,
322.20213,49.79510,6.79,HIP 106049,
327.14472,-47.77563,6.79,HIP 107669,
327.62826,32.65760,6.79,HIP 107813,
336.00206,15.28147,6.79,HIP 110573,
339.89232,51.15564,6.79,HIP 111868,
350.33976,-4.67277,6.79,HIP 115316,
351.03296,57.53551,6.79,HIP 115529,
357.97323,4.74536,6.79,HIP 117674,
358.45276,-83.00689,6.79,HIP 117825,
0.92439,48.43691,6.80,HIP 297,
5.18151,61.87960,6.80,HIP 1652,
8.60478,-45.42583,6.80,HIP 2708,
19.42652,-7.65951,6.80,41 Cet,
20.82155,-33.54802,6.80,HIP 6477,
20.82537,36.51463,6.80,HIP 6480,
29.87932,-13.87246,6.80,HIP 9300,
30.46801,-74.44573,6.80,HIP 9472,
33.85161,24.27130,6.80,HIP 10505,
35.84723,-26.99537,6.80,HIP 11143,
39.15073,42.40053,6.80,HIP 12151,
42.12895,-33.78306,6.80,HIP 13106,
47.20923,-64.56526,6.80,HIP 14619,
51.15402,-76.74629,6.80,HIP 15886,
58.67703,2.08996,6.80,HIP 18292,
61.85722,74.63654,6.80,HIP 19243,
65.03782,-16.43727,6.80,HIP 20229,
65.38444,18.41758,6.80,HIP 20350,
68.07186,37.04324,6.80,HIP 21167,
68.34002,43.03192,6.80,HIP 21238,
68.56432,-73.20878,6.80,HIP 21300,
70.09449,29.97223,6.80,HIP 21760,
70.59253,-23.17797,6.80,HIP 21893,
71.77857,-59.13709,6.80,HIP 22240,
73.08483,36.64198,6.80,HIP 22647,
75.17760,10.91343,6.80,HIP 23303,
76.82644,-83.85990,6.80,HIP 23824,
80.91198,-37.33669,6.80,HR 1797,
83.60034,-4.80434,6.80,HIP 26137,
87.21591,39.53360,6.80,28 Aur,
88.73105,5.86078,6.80,HIP 27962,
90.07160,12.61140,6.80,HIP 28433,
97.15933,-0.72110,6.80,HIP 30838,
97.35651,-22.59110,6.80,HIP 30925,
97.59401,60.14650,6.80,HIP 31002,
97.85099,-12.55968,6.80,HIP 31088,
100.46093,14.21668,6.80,HIP 32055,
102.28576,23.20193,6.80,HIP 32688,
102.43019,25.48437,6.80,HIP 32743,
102.60534,-69.98624,6.80,HIP 32813,
111.28320,-21.17385,6.80,HIP 35997,
113.36453,11.01171,6.80,HIP 36746,
121.75206,-29.40294,6.80,HIP 39710,
122.56497,-22.53330,6.80,HIP 40010,
122.57466,9.16814,6.80,HIP 40012,
123.73626,-35.68870,6.80,HIP 40407,
126.76736,-32.18346,6.80,HIP 41438,
128.29520,-5.22265,6.80,HIP 41961,
129.26558,-26.41640,6.80,HIP 42263,
138.68215,-43.46482,6.80,HIP 45367,
140.18463,-31.76021,6.80,HR 3715,
147.08934,-75.77787,6.80,HIP 48095,
147.38814,-11.78495,6.80,HIP 48198,
149.05766,-53.61920,6.80,HIP 48720,
150.43461,-23.80687,6.80,HIP 49141,
156.08136,10.58778,6.80,HIP 50950,
156.16518,-54.32193,6.80,HIP 50970,
156.60667,-39.36200,6.80,HIP 51104,
164.11170,57.50296,6.80,HIP 53481,
164.65632,19.62205,6.80,HIP 53654,
167.16997,17.20074,6.80,HIP 54470,
169.08254,-34.66789,6.80,HIP 55063,
174.87569,-13.18437,6.80,HIP 56864,
178.87649,-24.85764,6.80,HIP 58148,
179.42665,17.46784,6.80,HIP 58327,
182.90869,-54.41764,6.80,HIP 59448,
190.80451,-24.99051,6.80,HIP 62062,
195.97251,43.00760,6.80,HIP 63748,
198.78582,35.44581,6.80,HIP 64648,
199.52130,-44.05538,6.80,HIP 64892,
199.59758,-28.33252,6.80,HIP 64920,
200.56283,30.29194,6.80,HIP 65245,
205.03643,-27.57779,6.80,HIP 66679,
211.98538,48.21079,6.80,HIP 69040,
212.36704,2.79758,6.80,HIP 69165,
215.50659,-28.30844,6.80,HIP 70225,
215.64472,-20.75761,6.80,HIP 70261,
216.06089,-33.08688,6.80,HIP 70405,
221.85679,2.03572,6.80,HIP 72330,
225.95533,27.08115,6.80,HIP 73699,
230.17840,-56.13262,6.80,HIP 75095,
234.59479,43.60426,6.80,HIP 76579,
234.62118,-14.51687,6.80,HIP 76586,
241.51177,13.32093,6.80,HIP 78875,
245.18040,-21.84067,6.80,HIP 80085,
246.75338,-82.55991,6.80,HIP 80567,
251.81626,63.53151,6.80,HIP 82166,
259.85032,27.28382,6.80,HIP 84744,
266.99737,47.58386,6.80,HIP 87119,
267.95214,-19.52519,6.80,HIP 87410,
269.79397,-38.57347,6.80,HIP 88063,
271.40607,4.65717,6.80,HIP 88622,
275.16111,22.79742,6.80,HIP 89898,
275.76863,-60.74921,6.80,HIP 90089,
276.36615,22.70680,6.80,HIP 90295,
280.18286,-47.02725,6.80,HIP 91589,
281.83309,16.90851,6.80,HIP 92191,
283.42068,-31.99200,6.80,HIP 92723,
284.71249,30.18064,6.80,HIP 93185,
284.99356,-71.93264,6.80,HIP 93272,
284.99584,26.96566,6.80,HIP 93275,
285.10186,33.74183,6.80,HIP 93314,
291.32562,37.24520,6.80,HIP 95480,
293.00283,7.48784,6.80,HIP 96071,
299.17368,30.94723,6.80,HIP 98138,
299.83365,84.66864,6.80,HIP 98382,
300.93120,29.98946,6.80,HIP 98783,
303.60868,80.53181,6.80,HIP 99759,
308.34545,-41.52477,6.80,HIP 101432,
311.29886,-35.16642,6.80,HIP 102412,
312.65017,30.91268,6.80,HIP 102876,
314.95680,55.21803,6.80,HIP 103633,
321.44325,15.61772,6.80,HIP 105810,
326.16222,58.22570,6.80,HIP 107355,
329.41398,-8.56432,6.80,HIP 108402,
337.46214,-78.21319,6.80,HIP 111049,
341.85489,-17.55076,6.80,HIP 112512,
346.38766,14.95906,6.80,HIP 114031,
348.31374,-49.61861,6.80,HR 8828,
352.35757,-52.67858,6.80,HIP 115942,
353.05291,7.08489,6.80,HIP 116164,
5.02110,6.29265,6.81,HIP 1602,
5.84226,-29.84725,6.81,HIP 1849,
6.18595,-51.04387,6.81,HIP 1955,
9.79699,-57.96786,6.81,HIP 3084,
9.90938,-85.70087,6.81,HIP 3114,
11.65531,-30.19094,6.81,HIP 3637,
15.82488,-60.09749,6.81,HIP 4934,
16.80785,49.55545,6.81,HIP 5262,
33.78209,55.08822,6.81,HIP 10479,
40.50308,30.93578,6.81,HIP 12600,
46.24691,-74.31981,6.81,HIP 14345,
54.09130,55.88684,6.81,HIP 16810,
54.99466,63.87041,6.81,HIP 17118,
58.61678,16.61605,6.81,HIP 18267,
58.81476,-38.75924,6.81,HIP 18337,
66.62715,-32.81630,6.81,HIP 20727,
72.29899,-34.31183,6.81,HIP 22391,
72.83679,-68.06965,6.81,HIP 22563,
74.28114,-58.06964,6.81,HIP 23029,
80.80260,47.02162,6.81,HIP 25184,
81.77651,-44.86206,6.81,HIP 25489,
84.69011,-2.59969,6.81,HIP 26551,
85.80744,41.69630,6.81,HIP 26957,
85.91275,25.43954,6.81,HIP 26998,
88.31133,-61.83942,6.81,HIP 27822,
95.11233,-49.10432,6.81,HIP 30132,
95.91178,40.52137,6.81,HIP 30408,
97.48035,-59.59068,6.81,HIP 30959,
101.10585,3.14157,6.81,HIP 32288,
101.94798,21.69154,6.81,HIP 32571,
104.99900,-61.33618,6.81,HIP 33690,
112.69779,-9.77689,6.81,HIP 36521,
113.14384,21.40776,6.81,HIP 36663,
113.71277,-44.29614,6.81,HIP 36875,
116.30130,-4.45396,6.81,HIP 37815,
118.79594,9.34997,6.81,HIP 38682,
119.02689,23.62381,6.81,HIP 38761,
119.06463,29.85208,6.81,HIP 38778,
121.77702,9.98015,6.81,HIP 39719,
124.04110,46.80221,6.81,HIP 40503,
125.32832,-14.97588,6.81,HIP 40940,
126.17077,-55.36436,6.81,HIP 41223,
126.29484,-31.94019,6.81,HIP 41268,
126.89109,-75.35868,6.81,HIP 41478,
127.45638,26.19286,6.81,HIP 41679,
131.96475,-33.39838,6.81,HIP 43186,
133.19898,-47.39432,6.81,HIP 43602,
136.13218,-56.34361,6.81,HIP 44542,
137.22262,-53.59343,6.81,HIP 44904,
140.77494,-53.82017,6.81,HIP 46017,
141.74554,-48.69406,6.81,HIP 46348,
142.88025,1.46526,6.81,HIP 46732,
143.74872,12.65451,6.81,HIP 47022,
146.06508,-39.57118,6.81,HR 3874,
146.67696,45.11440,6.81,HIP 47973,
154.74910,51.40549,6.81,HIP 50513,
157.40941,-43.05081,6.81,HIP 51379,
160.17549,-64.65319,6.81,HIP 52261,
160.35883,-56.06872,6.81,HIP 52320,
163.80457,77.08757,6.81,HIP 53389,
164.76880,-53.53921,6.81,HIP 53685,
165.65329,-3.51262,6.81,HIP 53984,
167.55561,-7.38940,6.81,HIP 54582,
174.14749,-36.12130,6.81,HIP 56621,
181.81704,-64.68177,6.81,HIP 59111,
182.36889,-11.85706,6.81,HIP 59272,
184.38313,-48.92558,6.81,HIP 59926,
184.97378,-62.85419,6.81,HIP 60128,
187.00751,-14.45093,6.81,HIP 60821,
190.49037,-7.50030,6.81,28 Vir,
191.97217,-25.01535,6.81,HIP 62447,
194.30650,8.29378,6.81,HIP 63221,
197.01006,24.83115,6.81,HIP 64089,
207.14455,7.96011,6.81,HIP 67379,
210.45573,40.42004,6.81,HIP 68536,
227.12571,-80.31390,6.81,HIP 74091,
229.32379,62.77103,6.81,HIP 74808,
231.57171,-36.59835,6.81,HIP 75571,
232.69197,34.46566,6.81,HIP 75953,
237.22005,-1.00127,6.81,HIP 77458,
240.92306,59.08962,6.81,HIP 78676,
241.12329,0.67222,6.81,HIP 78742,
252.38847,-31.65138,6.81,HIP 82347,
253.17142,18.06213,6.81,HIP 82568,
253.38459,42.82486,6.81,HIP 82636,
257.76819,-20.65457,6.81,HIP 84056,
259.05496,71.79235,6.81,HIP 84477,
259.41471,-26.62902,6.81,HIP 84605,
260.62423,-54.28565,6.81,HIP 85010,
260.93478,-58.66523,6.81,HIP 85116,
263.24579,-17.49594,6.81,HIP 85875,
273.77128,-29.82301,6.81,HIP 89429,
277.82903,-18.90881,6.81,HIP 90790,
278.31003,-24.10954,6.81,HIP 90953,
278.97816,72.38026,6.81,HIP 91163,
281.40482,-48.26404,6.81,HIP 92039,
289.67316,-56.14469,6.81,HIP 94899,
290.11293,39.92620,6.81,HIP 95056,
296.35140,-30.90300,6.81,HIP 97210,
297.56312,17.70998,6.81,HIP 97599,
298.98860,10.20719,6.81,HIP 98079,
302.66289,-46.73512,6.81,HIP 99417,
305.95015,37.02614,6.81,HIP 100579,
309.06849,-12.38124,6.81,HIP 101647,
309.88738,42.24855,6.81,HIP 101948,
310.22512,17.57104,6.81,HIP 102052,
310.40689,13.80880,6.81,HIP 102114,
310.89489,-11.64148,6.81,HIP 102291,
312.05700,-19.26030,6.81,HIP 102660,
316.59967,-34.62879,6.81,HIP 104173,
320.49441,-9.32797,6.81,HIP 105491,
323.78600,43.70330,6.81,HIP 106578,
337.75170,-49.43327,6.81,HIP 111143,
340.11341,4.57502,6.81,HIP 111938,
341.72667,-33.18247,6.81,HIP 112472,
342.03345,49.58270,6.81,HIP 112585,
343.46731,1.84315,6.81,HIP 113064,
343.94592,44.30824,6.81,HIP 113227,
345.08312,-8.88053,6.81,HIP 113583,
346.23051,56.69058,6.81,HIP 113975,
346.56939,75.58141,6.81,HIP 114078,
347.84810,50.77136,6.81,HIP 114501,
348.84598,25.67224,6.81,HIP 114809,
351.41168,68.95603,6.81,HIP 115645,
351.61386,40.38654,6.81,HIP 115696,
353.39496,17.81883,6.81,HIP 116277,
353.45511,46.68099,6.81,HIP 116297,
357.74687,63.98485,6.81,HIP 117602,
0.39018,44.67540,6.82,HIP 119,
2.20835,40.49455,6.82,HIP 714,
3.70087,-14.17770,6.82,HIP 1185,
7.34640,-40.66543,6.82,HIP 2304,
12.17126,52.10081,6.82,HIP 3787,
13.49620,-48.79136,6.82,HIP 4232,
15.97233,47.64229,6.82,HIP 4983,
16.20786,74.37212,6.82,HIP 5070,
23.10140,68.40892,6.82,HIP 7166,
25.79628,48.51676,6.82,HIP 8034,
26.15327,-34.40606,6.82,HIP 8135,
28.73488,56.58248,6.82,HIP 8929,
32.72362,39.04329,6.82,59 And,
32.97630,-47.17036,6.82,HIP 10254,
34.78634,19.68771,6.82,23 Ari,
37.66986,40.16757,6.82,HIP 11682,
38.40219,18.88002,6.82,HIP 11904,
42.40788,0.92097,6.82,HIP 13183,
55.02999,34.11648,6.82,HIP 17129,
55.16754,-19.47294,6.82,HIP 17170,
58.07130,-0.65561,6.82,HIP 18109,
58.90469,52.22682,6.82,HIP 18366,
59.90602,-56.47282,6.82,HIP 18656,
72.98826,9.87270,6.82,HIP 22616,
80.57769,-8.66612,6.82,HIP 25092,
81.96063,-32.41765,6.82,HIP 25562,
83.26212,68.01297,6.82,HIP 26008,
83.76487,24.29077,6.82,HIP 26201,
83.86071,-15.73793,6.82,HIP 26243,
85.36163,3.77804,6.82,HIP 26795,
85.98635,66.62612,6.82,HIP 27025,
88.10220,-52.05521,6.82,HIP 27749,
89.75735,-51.22317,6.82,HIP 28322,
90.52647,-38.98933,6.82,HIP 28593,
98.53377,-29.62960,6.82,HIP 31325,
100.08868,40.96970,6.82,HIP 31928,
107.09121,-20.85937,6.82,HIP 34438,
107.35401,-60.38035,6.82,HIP 34543,
109.80320,-24.95571,6.82,HIP 35461,
110.64855,-32.04601,6.82,HIP 35761,
111.48375,-14.17876,6.82,HIP 36068,
113.20563,-2.03437,6.82,HIP 36687,
113.74792,4.43952,6.82,HIP 36884,
114.10878,-54.18722,6.82,HIP 37013,
115.44956,54.76578,6.82,HIP 37501,
115.73472,-21.99472,6.82,HIP 37603,
117.44879,26.26382,6.82,HIP 38221,
120.48798,-27.21479,6.82,HIP 39282,
121.44877,2.16509,6.82,HIP 39621,
129.65316,-74.07425,6.82,HIP 42388,
132.41878,-8.63812,6.82,HIP 43330,
139.11477,-13.83411,6.82,HIP 45511,
139.30110,1.92963,6.82,HIP 45565,
140.87310,7.71375,6.82,HIP 46053,
143.32230,-57.96343,6.82,HIP 46889,
147.44445,31.07701,6.82,HIP 48212,
150.65435,-20.42402,6.82,HIP 49209,
152.56005,-48.01408,6.82,HIP 49823,
158.11892,-6.07508,6.82,HIP 51602,
158.70838,27.96158,6.82,HIP 51781,
160.37643,-35.73113,6.82,HIP 52324,
165.20744,-52.07498,6.82,HIP 53836,
166.44063,-47.44230,6.82,HIP 54231,
167.30691,-1.33326,6.82,66 Leo,
167.31976,51.37899,6.82,HIP 54518,
168.46141,-52.85589,6.82,HIP 54854,
168.98474,12.61358,6.82,HIP 55029,
175.47384,-60.23081,6.82,HIP 57064,
176.84421,-18.38068,6.82,HIP 57522,
179.84976,1.82672,6.82,HIP 58466,
183.10586,-60.06780,6.82,HIP 59528,
183.80657,16.90744,6.82,HIP 59753,
185.75040,-24.87122,6.82,HIP 60396,
187.07014,-61.76571,6.82,HIP 60845,
191.95132,50.15695,6.82,HIP 62437,
193.77909,-42.29088,6.82,HIP 63045,
197.71814,21.23374,6.82,HIP 64312,
197.88475,21.91867,6.82,HIP 64365,
198.40398,56.70827,6.82,HIP 64532,
198.50797,-62.65389,6.82,HIP 64564,
201.10860,-4.30898,6.82,HIP 65414,
201.49186,-35.07584,6.82,HIP 65528,
203.09169,36.81817,6.82,HIP 66042,
204.10908,-42.41534,6.82,HIP 66376,
207.59794,21.27661,6.82,HIP 67543,
209.15399,15.89110,6.82,HIP 68108,
213.29073,-13.85993,6.82,HIP 69449,
213.47761,29.10543,6.82,HIP 69523,
215.49406,-1.98808,6.82,103 Vir,
215.66110,-7.76818,6.82,HIP 70269,
218.87829,-89.77172,6.82,HIP 71348,
220.50947,-12.23490,6.82,HIP 71873,
221.07384,-24.12870,6.82,HIP 72056,
223.41284,2.23753,6.82,HIP 72868,
224.00168,24.38602,6.82,HIP 73071,
226.95900,63.11710,6.82,HIP 74037,
227.18847,-61.63377,6.82,HIP 74110,
233.05791,-45.06753,6.82,HIP 76073,
234.56928,24.52187,6.82,HIP 76573,
236.76858,-35.51035,6.82,HIP 77315,
237.46789,-17.90195,6.82,HIP 77534,
248.23628,50.14211,6.82,HIP 81028,
250.48837,73.88738,6.82,HIP 81757,
252.10273,-31.20367,6.82,HIP 82254,
253.22986,75.39281,6.82,HIP 82580,
253.78304,-6.65097,6.82,HIP 82790,
257.56482,0.48162,6.82,HIP 83999,
258.24659,-58.59698,6.82,HIP 84229,
258.41346,21.43131,6.82,HIP 84275,
261.37350,-29.67067,6.82,HIP 85278,
267.77037,5.22903,6.82,HIP 87365,
268.15440,-5.26207,6.82,HIP 87494,
271.62308,-58.57094,6.82,HIP 88702,
272.70837,44.59829,6.82,HIP 89082,
273.26596,2.98060,6.82,HIP 89277,
273.44786,-46.31259,6.82,HIP 89342,
282.58348,-7.90762,6.82,HR 7089,
285.20901,42.25254,6.82,HIP 93350,
285.33049,29.51891,6.82,HIP 93397,
288.99018,31.24084,6.82,HIP 94680,
289.41663,22.44121,6.82,HIP 94822,
290.17118,-24.21041,6.82,HIP 95083,
290.24954,19.14554,6.82,HIP 95116,
292.98806,-54.16525,6.82,HIP 96065,
293.78169,19.00497,6.82,HIP 96329,
295.85435,22.49499,6.82,HIP 97050,
298.06546,28.25205,6.82,HIP 97788,
303.88560,2.84656,6.82,HIP 99856,
307.11090,-9.37038,6.82,HIP 100982,
307.20821,-1.73456,6.82,HIP 101022,
308.27742,54.45696,6.82,HIP 101412,
313.38407,-19.11373,6.82,HIP 103114,
314.30331,69.05757,6.82,HIP 103420,
319.91987,53.05811,6.82,HIP 105298,
327.09796,32.79618,6.82,HIP 107657,
327.91733,19.30692,6.82,HIP 107896,
333.76464,43.77334,6.82,HIP 109862,
339.69758,44.31390,6.82,HIP 111805,
339.70855,4.53020,6.82,HIP 111807,
339.85347,81.39208,6.82,HIP 111852,
343.20565,46.54841,6.82,HIP 112981,
345.90891,-26.81329,6.82,HIP 113872,
349.99889,-47.54014,6.82,HIP 115197,
357.91743,4.69790,6.82,HIP 117656,
357.96191,42.90982,6.82,HIP 117672,
0.39644,28.42369,6.83,HIP 121,
1.92056,-65.93243,6.83,HIP 631,
2.63501,33.13088,6.83,HIP 858,
4.53837,46.21431,6.83,HIP 1456,
7.69647,16.03761,6.83,49 Psc,
9.93171,-11.15078,6.83,HIP 3122,
15.11660,21.24914,6.83,HIP 4703,
15.67767,9.13296,6.83,HIP 4878,
23.88894,72.44203,6.83,HIP 7413,
26.47915,3.41755,6.83,HIP 8225,
28.68727,50.29577,6.83,HIP 8914,
38.83303,-3.56060,6.83,79 Cet,
39.20904,-20.12194,6.83,HIP 12170,
51.00378,19.90706,6.83,HIP 15838,
56.46069,55.06381,6.83,HIP 17575,
56.74749,24.52012,6.83,HIP 17664,
56.87273,24.28834,6.83,HIP 17704,
59.83451,-43.91747,6.83,HIP 18635,
67.64062,-23.02439,6.83,HIP 21032,
80.96360,36.39841,6.83,HIP 25238,
85.81048,-33.42498,6.83,HIP 26959,
86.30452,-31.66932,6.83,HIP 27133,
89.85366,45.61964,6.83,HIP 28349,
91.74915,-46.20564,6.83,HIP 28987,
92.61045,-77.10559,6.83,HIP 29284,
94.77002,47.39403,6.83,HIP 30023,
101.70556,16.77246,6.83,HIP 32488,
102.21075,-29.74367,6.83,HIP 32669,
104.24908,24.64280,6.83,HIP 33419,
104.50285,-46.09585,6.83,HIP 33517,
105.24426,10.62504,6.83,HIP 33789,
105.99559,-43.61132,6.83,HR 2668,
110.34234,-48.52706,6.83,HIP 35648,
115.05664,41.16349,6.83,HIP 37365,
117.55629,39.77074,6.83,HIP 38257,
117.75083,31.61353,6.83,HIP 38317,
117.83532,-9.40469,6.83,HIP 38356,
120.77994,-41.12602,6.83,HIP 39385,
122.37025,55.25584,6.83,HIP 39944,
123.70421,43.03499,6.83,HIP 40393,
126.92013,-4.41488,6.83,HIP 41489,
127.40162,8.41721,6.83,HIP 41652,
130.18003,19.71931,6.83,42 Cnc,
133.08506,-12.80869,6.83,HIP 43565,
135.93090,-5.17136,6.83,HIP 44476,
137.47011,-47.47620,6.83,HIP 44996,
140.81076,-21.03773,6.83,HIP 46027,
141.73628,14.30311,6.83,HIP 46345,
144.70759,-64.48917,6.83,HIP 47343,
144.86080,-54.75337,6.83,HIP 47397,
145.31097,8.99542,6.83,HIP 47518,
146.89515,-38.18971,6.83,HIP 48037,
151.08629,-48.44573,6.83,HIP 49338,
152.80311,-67.89236,6.83,HIP 49892,
155.74694,-24.33368,6.83,HIP 50849,
157.01193,-57.19846,6.83,HIP 51246,
159.14742,-28.77182,6.83,HIP 51936,
164.40763,-45.87588,6.83,HIP 53576,
167.49477,-29.79417,6.83,HIP 54570,
174.14234,6.10644,6.83,HIP 56618,
178.19261,15.43632,6.83,HIP 57920,
179.44269,-60.45135,6.83,HIP 58334,
179.84292,-30.06081,6.83,HIP 58463,
185.27747,-42.56200,6.83,HIP 60235,
191.63626,24.14505,6.83,HIP 62349,
194.07757,-55.56106,6.83,HIP 63145,
196.59462,22.27990,6.83,HIP 63951,
198.26496,38.27714,6.83,HIP 64484,
201.41688,15.56406,6.83,HIP 65509,
203.80876,44.19705,6.83,HR 5116,
206.89266,-71.23114,6.83,HIP 67302,
208.65984,-34.59754,6.83,HIP 67918,
209.01919,-55.95305,6.83,HIP 68054,
209.13027,-27.63809,6.83,HIP 68099,
209.73085,53.10647,6.83,HIP 68304,
215.71627,-39.62399,6.83,HIP 70289,
216.36552,-28.89561,6.83,HIP 70514,
219.55617,-45.87190,6.83,HIP 71570,
222.22189,5.95440,6.83,HIP 72447,
222.87571,-74.93310,6.83,HIP 72671,
224.20139,74.90093,6.83,Baekdu,8 UMi
234.11724,-66.54539,6.83,HIP 76422,
236.04323,-50.21573,6.83,HIP 77067,
236.71230,-58.12525,6.83,HIP 77294,
238.92954,-44.53241,6.83,HIP 78004,
239.97939,-33.38533,6.83,HIP 78359,
243.29939,-49.88470,6.83,HIP 79477,
251.48729,-61.66351,6.83,HIP 82079,
251.90937,79.50371,6.83,HIP 82204,
264.54996,-28.04676,6.83,HIP 86317,
266.48673,-48.93431,6.83,HIP 86943,
269.48570,43.41712,6.83,HIP 87944,
273.73422,49.15831,6.83,HIP 89420,
273.81586,54.14069,6.83,HIP 89446,
275.45186,21.50777,6.83,HIP 89999,
278.31106,18.91555,6.83,HIP 90955,
278.72352,-52.38751,6.83,HIP 91093,
280.36881,12.23655,6.83,HIP 91659,
281.69687,-29.63164,6.83,HIP 92142,
283.85690,40.17715,6.83,HIP 92869,
285.45250,12.54095,6.83,HIP 93438,
287.44197,37.79421,6.83,HIP 94142,
289.86541,31.96632,6.83,HIP 94962,
296.11552,-41.60913,6.83,HIP 97131,
300.25295,-64.80788,6.83,HIP 98533,
300.95673,14.98299,6.83,HIP 98788,
304.08630,22.28725,6.83,HIP 99915,
305.25472,-10.98275,6.83,HIP 100347,
306.26841,-19.43369,6.83,HIP 100713,
311.84856,-45.85452,6.83,HIP 102588,
312.98318,8.77271,6.83,HIP 102986,
313.99586,44.37393,6.83,HIP 103322,
316.48133,20.94673,6.83,HIP 104135,
321.34778,-45.16190,6.83,HIP 105779,
321.53093,18.06510,6.83,HIP 105833,
323.29213,48.30340,6.83,HIP 106409,
325.20097,3.89692,6.83,HIP 107046,
328.11286,54.68302,6.83,HIP 107971,
331.76063,11.76767,6.83,HIP 109181,
331.81296,-22.24067,6.83,HIP 109199,
332.35245,-70.90408,6.83,HIP 109365,
334.29176,-34.76084,6.83,HIP 110031,
334.51701,13.95032,6.83,HIP 110089,
339.76909,37.37542,6.83,HIP 111828,
342.11742,-27.56436,6.83,HIP 112612,
353.14580,53.68637,6.83,HIP 116196,
358.16618,-18.56187,6.83,HIP 117734,
359.94372,-0.28011,6.83,HIP 118307,
2.47925,-2.56127,6.84,HIP 803,
4.22406,-52.65115,6.84,HIP 1349,
8.16476,23.19343,6.84,HIP 2573,
9.41973,21.09973,6.84,HIP 2965,
14.67959,47.03659,6.84,HIP 4584,
15.72411,51.79809,6.84,HIP 4902,
16.06941,54.20425,6.84,HIP 5016,
16.09974,-47.94034,6.84,HIP 5026,
16.52646,-10.98545,6.84,HIP 5169,
20.16937,-13.88998,6.84,HIP 6288,
22.74556,49.34322,6.84,HIP 7057,
24.99224,41.66674,6.84,HIP 7767,
30.23669,-78.87031,6.84,HIP 9414,
32.62438,81.48199,6.84,HIP 10144,
34.67318,8.18070,6.84,HIP 10776,
38.09295,40.27246,6.84,HIP 11812,
38.43189,-72.34912,6.84,HIP 11909,
38.91007,-14.94516,6.84,HIP 12070,
41.31946,-46.28698,6.84,HR 822,
43.09367,42.02096,6.84,HIP 13393,
43.84173,27.72238,6.84,HIP 13609,
44.94738,61.28994,6.84,HIP 13959,
47.34233,64.29965,6.84,HIP 14655,
48.57165,74.24308,6.84,HIP 15073,
53.67864,-54.32227,6.84,HIP 16690,
54.10425,-79.09870,6.84,HIP 16815,
55.29966,58.84493,6.84,HIP 17211,
59.29702,21.32355,6.84,HIP 18490,
59.31788,41.88063,6.84,HIP 18499,
62.45475,-3.57351,6.84,HIP 19440,
66.05811,51.93709,6.84,HIP 20556,
84.55724,-1.16918,6.84,HIP 26508,
86.67539,-36.23136,6.84,HIP 27259,
87.53894,-32.80926,6.84,HIP 27555,
90.06009,33.13693,6.84,HIP 28429,
92.84658,20.90541,6.84,HIP 29367,
93.98535,10.28173,6.84,HIP 29752,
95.59667,-45.96034,6.84,HIP 30299,
96.02546,-36.70298,6.84,HIP 30455,
99.10002,59.66448,6.84,HIP 31565,
99.39126,12.18056,6.84,HIP 31660,
100.25772,-7.57263,6.84,HIP 31985,
101.07243,40.62295,6.84,HIP 32275,
101.84490,-48.56357,6.84,HIP 32538,
102.89916,9.44008,6.84,HIP 32926,
103.67844,24.24556,6.84,HIP 33212,
104.47507,41.70546,6.84,HIP 33507,
105.53163,-6.02238,6.84,HIP 33894,
107.02627,44.03998,6.84,HIP 34416,
108.87121,-58.54262,6.84,HIP 35095,
110.97424,-17.41343,6.84,HIP 35884,
112.99242,-5.94265,6.84,HIP 36629,
114.58638,33.18676,6.84,HIP 37179,
118.55544,21.10526,6.84,HIP 38601,
118.87159,-19.04740,6.84,HIP 38707,
119.09046,-20.46328,6.84,HIP 38789,
119.75306,-48.37631,6.84,HIP 39013,
119.90316,79.86148,6.84,HIP 39069,
120.96033,22.07081,6.84,7 Cnc,
120.97185,-68.93685,6.84,HIP 39455,
123.34031,56.52786,6.84,HIP 40262,
123.36573,48.28082,6.84,HIP 40273,
124.74567,56.25471,6.84,HIP 40743,
128.59703,-82.56673,6.84,HIP 42059,
131.48591,-32.16383,6.84,HIP 43013,
134.14094,45.76411,6.84,HIP 43898,
138.89408,-33.32396,6.84,HIP 45436,
139.78908,-56.36554,6.84,HIP 45714,
142.72978,-5.66150,6.84,HIP 46669,
146.02866,42.05087,6.84,HIP 47752,
148.57323,59.92036,6.84,HIP 48563,
156.17396,82.80166,6.84,HIP 50971,
157.73850,-44.36782,6.84,HIP 51486,
158.76930,-57.67713,6.84,HIP 51806,
161.46067,-40.97338,6.84,HIP 52636,
162.66680,-61.26955,6.84,HIP 53007,
164.73632,-19.60479,6.84,HIP 53675,
169.41333,-33.54714,6.84,HIP 55165,
169.50576,22.17995,6.84,HIP 55193,
171.98354,44.56583,6.84,HIP 55944,
174.40314,44.71632,6.84,HIP 56708,
174.98765,-33.44991,6.84,HIP 56908,
177.25770,16.13245,6.84,HIP 57630,
184.54624,-52.30629,6.84,HIP 59987,
184.83414,-8.91466,6.84,14 Vir,
190.15018,-14.09981,6.84,HIP 61853,
197.36487,-48.52465,6.84,HIP 64199,
200.52667,-14.41987,6.84,HIP 65235,
207.52595,18.62894,6.84,HIP 67521,
209.62436,-14.12206,6.84,HIP 68267,
211.62515,-34.89872,6.84,HIP 68915,
212.12074,-11.82946,6.84,HIP 69092,
216.34554,-55.01822,6.84,HIP 70508,
217.23523,3.71961,6.84,HIP 70816,
222.74464,-42.82251,6.84,HIP 72627,
223.64839,30.06365,6.84,HIP 72953,
224.89404,53.86021,6.84,HIP 73366,
227.40239,-68.72142,6.84,HIP 74192,
229.30791,-66.09228,6.84,HIP 74801,
232.34708,47.71345,6.84,HIP 75825,
232.74534,-47.92034,6.84,HIP 75980,
243.43930,-8.11801,6.84,HIP 79529,
244.44145,31.80438,6.84,HIP 79837,
246.11001,52.28941,6.84,HIP 80379,
248.23226,-10.56249,6.84,HIP 81027,
248.49660,52.23796,6.84,HIP 81113,
249.28544,-52.38170,6.84,HIP 81376,
257.13978,24.48649,6.84,62 Her,
260.12572,44.19213,6.84,HIP 84850,
263.10485,26.43946,6.84,HIP 85840,
264.15328,13.81330,6.84,HIP 86179,
271.37813,51.94708,6.84,HIP 88606,
271.38714,-37.47184,6.84,HIP 88614,
272.09087,44.11258,6.84,HIP 88852,
272.33906,29.95171,6.84,HIP 88945,
273.53219,28.21639,6.84,HIP 89362,
274.92211,-45.69915,6.84,HIP 89808,
275.54915,51.54190,6.84,HIP 90031,
276.29220,64.83842,6.84,HIP 90274,
277.14538,-77.36623,6.84,HIP 90549,
279.67446,-30.02791,6.84,HIP 91424,
281.56570,-72.81356,6.84,HIP 92103,
282.74948,-20.29523,6.84,HIP 92491,
286.64632,-1.34613,6.84,HIP 93836,
287.74275,-6.62186,6.84,HIP 94236,
288.75324,-48.96265,6.84,HIP 94593,
290.10642,32.09892,6.84,HIP 95051,
291.18919,16.95702,6.84,3 Sge,
291.86068,18.29589,6.84,HIP 95657,
292.84245,-46.27299,6.84,HIP 96018,
292.86825,55.26478,6.84,HIP 96028,
296.14923,13.23034,6.84,HIP 97141,
297.93784,-13.03268,6.84,HIP 97739,
298.46952,26.59343,6.84,HIP 97915,
300.76077,18.29546,6.84,HIP 98718,
302.73717,68.27222,6.84,HIP 99435,
304.85750,-20.95076,6.84,HIP 100201,
307.18417,-23.98383,6.84,HIP 101013,
309.14982,-71.07145,6.84,HIP 101676,
312.62559,-24.98282,6.84,HIP 102869,
312.90103,-27.99526,6.84,HIP 102959,
314.45362,4.19549,6.84,HIP 103472,
318.75882,-49.09756,6.84,HIP 104907,
322.92662,48.58462,6.84,HIP 106293,
327.33996,15.76117,6.84,HIP 107726,
327.95120,64.89992,6.84,HIP 107914,
328.08946,-41.41266,6.84,HIP 107963,
331.79493,72.37285,6.84,HIP 109191,
333.42975,-68.12638,6.84,HIP 109734,
338.61276,-34.67527,6.84,HIP 111425,
339.02682,-16.38799,6.84,HIP 111563,
339.09303,37.84223,6.84,HIP 111589,
341.78796,-41.69185,6.84,HIP 112492,
345.58772,23.34050,6.84,HIP 113766,
350.91006,54.03097,6.84,HIP 115484,
351.78987,-62.73713,6.84,HIP 115760,
351.82174,65.62087,6.84,HIP 115772,
355.97501,-45.46257,6.84,HIP 117060,
358.81953,-31.88427,6.84,HR 9050,
358.90713,8.22328,6.84,HIP 117962,
274.68042,-18.61944,6.84,HR 6848,
5.04396,-13.06146,6.85,HIP 1611,
9.36002,40.33238,6.85,HIP 2948,
15.16835,-1.65862,6.85,HIP 4726,
21.05119,-31.81196,6.85,HIP 6551,
22.89151,-19.02298,6.85,HIP 7108,
24.20136,-48.80391,6.85,HIP 7514,
28.92671,81.95896,6.85,HIP 8979,
28.95180,30.35465,6.85,HIP 8986,
30.30684,41.21238,6.85,HIP 9438,
36.36113,35.04193,6.85,HIP 11296,
40.91539,-33.04552,6.85,HIP 12732,
42.05501,-3.61921,6.85,HIP 13085,
44.78447,-55.56535,6.85,HIP 13909,
44.89397,-53.90855,6.85,HIP 13939,
51.32596,58.69454,6.85,HIP 15943,
51.77151,48.20551,6.85,HIP 16079,
54.91349,-56.23459,6.85,HIP 17089,
56.45340,23.14715,6.85,HIP 17572,
58.85356,49.04059,6.85,HIP 18353,
64.97856,16.52259,6.85,55 Tau,
68.51100,-28.44965,6.85,HIP 21287,
71.45692,-34.00500,6.85,HR 1524,
71.60217,64.81030,6.85,HIP 22190,
72.51505,8.40785,6.85,HIP 22461,
79.38240,24.00968,6.85,HIP 24665,
80.93044,56.08890,6.85,HIP 25226,
82.03853,16.43902,6.85,HIP 25589,
84.73648,49.41621,6.85,HIP 26569,
85.48630,35.63133,6.85,HIP 26838,
85.63715,-0.01611,6.85,HIP 26893,
86.37434,52.16107,6.85,HIP 27165,
88.66317,-26.66028,6.85,HIP 27935,
92.59911,2.90187,6.85,HIP 29282,
92.81592,47.90677,6.85,HIP 29357,
93.00235,6.78308,6.85,HIP 29432,
93.04674,-65.53115,6.85,HIP 29439,
93.35286,-15.38414,6.85,HIP 29536,
93.42402,-51.66754,6.85,HIP 29561,
96.14083,11.25650,6.85,HIP 30492,
96.42530,14.09269,6.85,HIP 30586,
97.59171,28.21211,6.85,HIP 31001,
98.19312,-61.82787,6.85,HIP 31203,
100.48825,-20.24975,6.85,HIP 32065,
102.38251,-32.54220,6.85,HIP 32716,
102.50908,12.05813,6.85,HIP 32776,
114.13258,-25.33278,6.85,HIP 37025,
114.37704,18.91781,6.85,HIP 37107,
117.05196,-24.57720,6.85,HIP 38079,
118.50921,-41.70292,6.85,HIP 38584,
125.40126,-11.04568,6.85,HIP 40965,
130.08796,-42.38920,6.85,HIP 42544,
130.87530,-61.68881,6.85,HIP 42819,
131.40888,-77.07532,6.85,HIP 42984,
134.08276,-37.12247,6.85,HIP 43880,
135.02499,-74.39991,6.85,HIP 44192,
139.32471,33.50077,6.85,HIP 45572,
144.41899,1.69603,6.85,HIP 47237,
145.27681,-66.08020,6.85,HIP 47505,
147.32180,-8.83507,6.85,HIP 48184,
147.76548,-23.01732,6.85,HIP 48327,
148.89742,-17.46947,6.85,HIP 48672,
153.98663,-55.51965,6.85,HIP 50279,
154.07169,78.94697,6.85,HIP 50308,
154.73946,17.70589,6.85,HIP 50508,
157.20219,14.34370,6.85,HIP 51309,
157.65022,36.27348,6.85,HIP 51457,
160.65008,-75.46376,6.85,HIP 52397,
162.78548,11.57878,6.85,HIP 53039,
167.05629,-52.40220,6.85,HIP 54424,
169.29423,-41.39047,6.85,HIP 55126,
174.38582,-39.35884,6.85,HIP 56698,
175.88906,-52.61966,6.85,HIP 57179,
176.09905,-20.69577,6.85,HIP 57253,
177.17341,-14.34457,6.85,HIP 57611,
182.28251,-78.78131,6.85,HIP 59243,
182.69715,39.89151,6.85,HIP 59366,
183.90234,-20.52948,6.85,HIP 59791,
184.94049,-76.80102,6.85,HIP 60119,
186.30852,-25.98643,6.85,HIP 60598,
193.30542,-39.39023,6.85,HIP 62880,
193.93668,32.00064,6.85,HIP 63104,
194.54503,-47.06495,6.85,HIP 63287,
197.09121,-36.22409,6.85,HIP 64111,
199.13265,-44.70437,6.85,HIP 64778,
201.53385,-32.54731,6.85,HIP 65539,
208.97133,-9.75528,6.85,HIP 68038,
212.69896,0.79958,6.85,HIP 69265,
218.26259,5.32327,6.85,HIP 71146,
222.45548,-32.42717,6.85,HIP 72536,
222.56706,-58.97674,6.85,HIP 72569,
223.10029,-46.75995,6.85,HIP 72756,
236.15211,80.93217,6.85,HIP 77102,
237.12002,22.41547,6.85,HIP 77437,
241.00150,73.14837,6.85,HIP 78703,
241.20396,70.26172,6.85,HIP 78761,
245.39529,0.07681,6.85,HIP 80149,
247.44461,7.74892,6.85,HIP 80791,
248.61540,8.67399,6.85,HIP 81150,
250.28249,-11.83860,6.85,HIP 81680,
256.86253,-65.74755,6.85,HIP 83787,
265.82892,-57.72397,6.85,HIP 86728,
266.53051,5.53020,6.85,HIP 86954,
276.31992,-57.09551,6.85,HIP 90282,
279.60096,63.53287,6.85,HIP 91396,
280.09067,26.13087,6.85,HIP 91568,
282.60221,24.10672,6.85,HIP 92449,
283.63689,20.61530,6.85,HIP 92800,
287.43243,-27.11442,6.85,HIP 94136,
295.41913,30.80863,6.85,HIP 96888,
299.78784,27.51264,6.85,HIP 98371,
300.90001,-37.52854,6.85,HIP 98766,
303.39488,16.26522,6.85,HIP 99670,
303.86826,-7.53137,6.85,HIP 99849,
307.56016,19.42104,6.85,HIP 101154,
307.77547,15.80763,6.85,HIP 101223,
309.99935,8.44701,6.85,HIP 101979,
313.12941,-13.20295,6.85,HIP 103037,
313.38892,31.62620,6.85,HIP 103116,
314.54861,-69.14622,6.85,HIP 103503,
314.99498,32.49564,6.85,HIP 103645,
317.95222,29.71168,6.85,HIP 104643,
319.35679,-30.74569,6.85,HIP 105106,
320.62067,49.49140,6.85,HIP 105540,
320.67468,76.55506,6.85,HIP 105557,
321.35379,-14.27734,6.85,HIP 105782,
323.56286,-3.41059,6.85,HIP 106495,
326.85337,-4.60865,6.85,HIP 107585,
327.85245,-23.27062,6.85,HIP 107877,
334.83270,-28.20858,6.85,HIP 110198,
336.15660,-39.12706,6.85,HIP 110624,
336.64457,-7.37755,6.85,HIP 110780,
341.62329,54.87209,6.85,HIP 112434,
341.82870,53.38181,6.85,HIP 112500,
343.31456,-45.14772,6.85,HIP 113018,
343.57154,56.33300,6.85,HIP 113102,
345.66271,63.34085,6.85,HIP 113793,
345.92714,-40.81704,6.85,HIP 113877,
354.97038,63.72543,6.85,HIP 116765,
355.26915,41.85056,6.85,HIP 116847,
357.75421,-48.65939,6.85,HIP 117605,
3.43955,-23.21478,6.86,HIP 1102,
5.39622,38.18712,6.86,HIP 1715,
7.13838,-11.23724,6.86,HIP 2246,
7.74955,-10.08470,6.86,HIP 2431,
11.05993,-49.38589,6.86,HIP 3459,
11.65749,46.89378,6.86,HIP 3638,
11.99595,51.44475,6.86,HIP 3736,
12.71844,-71.15143,6.86,HIP 3961,
15.32916,45.45205,6.86,HIP 4771,
17.06392,28.86794,6.86,HIP 5339,
19.35954,57.63208,6.86,HIP 6027,
21.86790,-9.29715,6.86,HIP 6797,
23.85062,53.34557,6.86,HIP 7399,
28.29397,28.81892,6.86,HIP 8804,
31.50720,41.53287,6.86,HIP 9800,
35.30394,54.51008,6.86,HIP 10961,
38.31822,-75.89350,6.86,HIP 11886,
41.38730,-42.83870,6.86,HIP 12879,
42.30962,57.03325,6.86,HIP 13160,
43.65322,-30.89081,6.86,HIP 13554,
44.95300,57.66324,6.86,HIP 13962,
46.03918,38.07949,6.86,HIP 14287,
47.39427,19.38073,6.86,HIP 14672,
52.66913,-9.73025,6.86,HIP 16350,
53.90780,31.68044,6.86,HIP 16757,
54.90299,-17.36509,6.86,HIP 17082,
55.16152,28.77333,6.86,HIP 17168,
56.18746,27.92107,6.86,HIP 17482,
57.65644,-36.42559,6.86,HR 1200,
61.71338,-49.62850,6.86,HIP 19196,
64.55925,-14.63879,6.86,HIP 20069,
64.92669,-25.02482,6.86,HIP 20194,
66.71305,17.02863,6.86,HIP 20756,
68.32931,64.16979,6.86,HIP 21236,
73.73490,8.60000,6.86,HIP 22848,
75.63114,7.42403,6.86,HIP 23457,
75.75816,-8.66315,6.86,HIP 23493,
78.45522,37.03267,6.86,HIP 24379,
80.63469,-73.80143,6.86,HIP 25107,
81.50380,-32.20918,6.86,HIP 25399,
81.93687,-39.22192,6.86,HIP 25553,
82.46461,60.26857,6.86,HIP 25748,
84.56373,-4.10823,6.86,HIP 26510,
85.12086,61.94891,6.86,21 Cam,
85.22769,-11.20005,6.86,HIP 26740,
87.08201,-33.43183,6.86,HIP 27415,
88.03197,-25.94324,6.86,HIP 27712,
89.69276,60.37988,6.86,HIP 28293,
93.91258,36.14869,6.86,HR 2217,
94.52310,-53.55907,6.86,HIP 29929,
94.65736,29.78141,6.86,HIP 29975,
94.91035,-63.82359,6.86,HIP 30064,
94.91249,68.67691,6.86,HIP 30065,
95.94819,2.66573,6.86,HIP 30425,
100.57142,7.39783,6.86,HIP 32094,
102.96592,-2.17603,6.86,HIP 32957,
103.58376,-31.80162,6.86,HIP 33178,
103.92063,-68.50571,6.86,HIP 33306,
105.07533,15.53526,6.86,HIP 33718,
105.69069,-49.92798,6.86,HIP 33957,
105.92880,-25.08391,6.86,HIP 34041,
110.71185,55.28432,6.86,19 Lyn,
112.03602,46.52169,6.86,HIP 36281,
113.01117,2.72540,6.86,HIP 36636,
117.12005,28.76424,6.86,HIP 38101,
119.26260,-34.37843,6.86,HIP 38851,
119.43843,-60.92646,6.86,HIP 38906,
121.92222,-3.40669,6.86,HIP 39769,
129.41649,-46.28271,6.86,HIP 42316,
131.59485,82.23928,6.86,HIP 43068,
132.68448,35.07097,6.86,HIP 43426,
133.82122,-11.37169,6.86,HIP 43805,
134.99142,26.43451,6.86,HIP 44180,
140.91777,5.21955,6.86,HIP 46068,
141.72221,-54.35173,6.86,HIP 46342,
146.61038,-59.35267,6.86,HIP 47962,
147.70530,11.84242,6.86,21 Leo,
151.25768,-56.89792,6.86,HIP 49393,
153.17724,28.24201,6.86,HIP 50019,
156.94129,59.59724,6.86,HIP 51224,
160.61365,-8.72719,6.86,HIP 52385,
166.77030,25.53713,6.86,HIP 54347,
168.84234,-66.51194,6.86,HIP 54971,
168.84834,-11.58818,6.86,HIP 54974,
171.92951,-60.49584,6.86,HIP 55928,
175.35921,-41.01826,6.86,HIP 57021,
177.30308,-57.69156,6.86,HIP 57644,
183.52726,32.78421,6.86,HIP 59660,
187.29037,-2.42956,6.86,HIP 60924,
187.70963,-4.06080,6.86,HIP 61054,
194.38340,-65.64646,6.86,HIP 63242,
194.73635,39.84428,6.86,HIP 63356,
205.66905,-61.73783,6.86,HIP 66904,
208.33665,42.18481,6.86,HIP 67800,
214.73203,38.76743,6.86,HR 5369,
214.76673,19.06543,6.86,HIP 69969,
221.18757,-9.70406,6.86,HIP 72082,
225.73926,-47.94199,6.86,HIP 73622,
225.84015,56.03508,6.86,HIP 73654,
228.10950,-18.08995,6.86,HIP 74412,
228.12349,-63.03354,6.86,HIP 74415,
228.81356,-70.51963,6.86,HIP 74653,
229.24735,-38.44761,6.86,HIP 74782,
229.49868,30.83292,6.86,HIP 74868,
232.31575,-65.89023,6.86,HIP 75815,
238.67333,-22.76625,6.86,HIP 77911,
240.50875,40.02285,6.86,HIP 78537,
242.04516,-53.07895,6.86,HIP 79055,
242.28895,50.18086,6.86,HIP 79134,
242.34804,63.40764,6.86,HIP 79161,
245.72565,-75.97468,6.86,HIP 80241,
250.76760,36.50964,6.86,HIP 81848,
253.57828,46.53900,6.86,HIP 82702,
259.40403,1.74250,6.86,HIP 84600,
260.30617,-63.58221,6.86,HIP 84918,
261.63152,0.82213,6.86,HIP 85356,
268.10573,60.39637,6.86,HIP 87478,
268.31408,-5.92889,6.86,HIP 87559,
268.79976,69.61556,6.86,HIP 87730,
269.08871,-21.95608,6.86,HIP 87819,
270.62811,58.62726,6.86,HIP 88349,
271.29396,-24.39857,6.86,HIP 88581,
271.29656,66.94554,6.86,HIP 88583,
278.86073,-32.89076,6.86,HIP 91137,
282.04920,-14.70836,6.86,HIP 92262,
282.28427,83.90506,6.86,HIP 92336,
284.77398,43.72102,6.86,HIP 93204,
285.62943,62.70550,6.86,HIP 93499,
285.79383,-47.05133,6.86,HIP 93546,
287.00399,-7.84787,6.86,HIP 93972,
287.19528,-25.07933,6.86,HIP 94045,
288.51630,67.11556,6.86,HIP 94505,
289.78998,-15.90834,6.86,HIP 94940,
294.45246,-13.95636,6.86,HIP 96558,
294.50193,-32.91280,6.86,HIP 96577,
295.55428,-36.63343,6.86,HIP 96932,
299.55954,16.49373,6.86,HIP 98291,
301.60424,39.09868,6.86,HIP 99035,
303.94053,15.31714,6.86,HIP 99873,
304.64613,17.36216,6.86,HIP 100116,
305.63423,34.99072,6.86,HIP 100475,
307.88347,21.89507,6.86,HIP 101263,
315.02210,-69.57944,6.86,HIP 103654,
315.35787,-32.89561,6.86,HIP 103748,
315.64626,48.03069,6.86,HIP 103850,
316.92692,-2.05220,6.86,HIP 104293,
317.32581,-37.93309,6.86,HIP 104434,
321.97635,46.56151,6.86,HIP 105986,
322.41732,-14.02694,6.86,HIP 106115,
322.75533,59.41817,6.86,HIP 106230,
323.80704,-34.32971,6.86,HIP 106586,
326.00181,-57.28305,6.86,HIP 107300,
328.27983,56.21256,6.86,HIP 108029,
332.17426,47.93353,6.86,HIP 109304,
334.69601,19.96214,6.86,HIP 110159,
336.44540,63.32832,6.86,HIP 110706,
341.88473,-69.47450,6.86,HIP 112525,
343.08618,10.41436,6.86,HIP 112932,
343.52967,-12.19042,6.86,75 Aqr,
346.34225,-16.89843,6.86,HIP 114010,
353.87018,31.01717,6.86,HIP 116421,
359.59020,-63.00299,6.86,HIP 118179,
1.89658,31.66900,6.87,HIP 619,
3.03363,53.62389,6.87,HIP 981,
7.11906,32.43774,6.87,HIP 2243,
7.97868,19.64297,6.87,HIP 2517,
9.66936,-73.13762,6.87,HR 169,
12.85805,63.78117,6.87,HIP 4006,
12.98789,33.88998,6.87,HIP 4058,
16.72503,59.85861,6.87,HIP 5232,
19.69149,72.40143,6.87,HIP 6139,
20.68110,4.73824,6.87,HIP 6441,
23.59755,-28.23667,6.87,HIP 7330,
28.47591,49.94296,6.87,HIP 8856,
29.48106,40.76060,6.87,HIP 9151,
29.70904,73.15238,6.87,HIP 9242,
30.06256,44.42001,6.87,HIP 9359,
30.60411,12.68509,6.87,HIP 9517,
34.72438,-19.53463,6.87,HIP 10787,
50.26373,73.69913,6.87,HIP 15615,
51.10255,-13.99295,6.87,HIP 15869,
54.61222,49.20568,6.87,HIP 16986,
56.55532,-9.88278,6.87,HIP 17601,
61.17945,32.57120,6.87,HIP 19039,
62.22294,23.09858,6.87,HIP 19363,
63.86147,-16.44517,6.87,HIP 19856,
66.13663,50.84517,6.87,HIP 20586,
66.77688,-62.79962,6.87,HIP 20784,
74.50825,-58.20825,6.87,HIP 23081,
82.40648,-0.02126,6.87,HIP 25727,
83.31752,-34.30400,6.87,HIP 26035,
83.57088,41.12342,6.87,HIP 26128,
86.41420,20.69504,6.87,HR 1977,
87.48141,31.78571,6.87,HIP 27538,
94.30792,-26.93289,6.87,HIP 29855,
96.49221,58.60328,6.87,HIP 30605,
98.97794,43.70583,6.87,HIP 31511,
99.10787,6.08319,6.87,HIP 31567,
99.11646,-31.88685,6.87,HIP 31572,
99.33322,-43.45130,6.87,HIP 31642,
99.66981,41.58149,6.87,HIP 31776,
102.68025,-4.26622,6.87,HIP 32839,
107.02767,-57.33112,6.87,HIP 34417,
107.84422,-39.10213,6.87,HIP 34721,
108.98447,-16.23534,6.87,HIP 35149,
119.41560,77.57642,6.87,HIP 38900,
120.56911,60.99348,6.87,HIP 39313,
124.33158,-47.92008,6.87,HIP 40600,
127.02979,21.14848,6.87,HIP 41524,
128.09742,-49.60133,6.87,HIP 41882,
128.47951,58.60724,6.87,HIP 42019,
129.08628,-70.67667,6.87,HIP 42206,
130.77867,-45.56175,6.87,HIP 42788,
131.12988,5.28585,6.87,HIP 42899,
131.46295,-37.87732,6.87,HIP 43005,
131.58087,-47.54988,6.87,HIP 43057,
133.29993,17.36853,6.87,HIP 43635,
135.76187,49.94824,6.87,HIP 44421,
135.88446,53.10828,6.87,HIP 44464,
137.98713,18.04412,6.87,80 Cnc,
142.58220,-33.40387,6.87,HIP 46616,
148.64430,-12.95152,6.87,HIP 48592,
149.52987,-62.58536,6.87,HIP 48873,
153.25409,-19.68917,6.87,HIP 50043,
158.77590,-69.35147,6.87,HIP 51810,
159.36267,-12.39394,6.87,HIP 52003,
161.04009,-51.92372,6.87,HIP 52506,
166.13890,12.66698,6.87,HIP 54141,
167.17217,-86.23093,6.87,HIP 54474,
168.32286,-50.12251,6.87,HIP 54814,
168.78571,-39.47695,6.87,HIP 54949,
170.72804,-50.78668,6.87,HIP 55569,
175.10034,0.95216,6.87,HIP 56941,
177.79559,-7.99162,6.87,HIP 57806,
180.46198,-73.29854,6.87,HIP 58674,
182.45428,77.39043,6.87,HIP 59294,
191.62852,-11.81244,6.87,HIP 62345,
192.45263,26.43132,6.87,HIP 62614,
198.68496,-63.58106,6.87,HIP 64624,
199.60379,-45.76465,6.87,HIP 64925,
201.61017,-34.01005,6.87,HIP 65557,
205.68544,-61.89204,6.87,HIP 66910,
210.34301,31.56360,6.87,HIP 68501,
212.40498,15.62155,6.87,HIP 69178,
216.65703,-39.52318,6.87,HIP 70612,
216.74493,-59.23764,6.87,HIP 70645,
220.68777,-19.31170,6.87,HIP 71934,
221.01471,61.09828,6.87,HIP 72029,
222.13217,-17.34026,6.87,HIP 72423,
223.22274,32.69091,6.87,HIP 72807,
227.22459,-59.14215,6.87,HIP 74122,
229.64079,-47.87928,6.87,HIP 74915,
229.68964,58.50349,6.87,HIP 74935,
231.79338,84.82524,6.87,HIP 75634,
232.82171,-33.81984,6.87,HIP 76001,
235.31655,-13.97032,6.87,HIP 76836,
236.36493,-65.74975,6.87,HIP 77173,
238.60657,5.29406,6.87,HIP 77893,
240.42159,-3.76343,6.87,HIP 78513,
241.28537,-3.52761,6.87,HIP 78792,
245.40386,-51.75108,6.87,HIP 80151,
245.72331,-17.01914,6.87,HIP 80240,
246.99043,32.69947,6.87,26 Her,
248.37137,30.49907,6.87,32 Her,
249.22473,22.86792,6.87,HIP 81357,
250.33104,-48.76322,6.87,HIP 81696,
251.04402,23.51749,6.87,HIP 81933,
254.95867,58.46258,6.87,HIP 83168,
256.95180,55.76813,6.87,HIP 83819,
258.24703,7.74937,6.87,HIP 84230,
259.35636,-66.95104,6.87,HIP 84586,
259.52058,3.14711,6.87,HIP 84632,
263.78109,-13.63786,6.87,HIP 86049,
269.28735,37.80294,6.87,HIP 87883,
270.27066,47.40309,6.87,HIP 88234,
275.07007,-35.42869,6.87,HIP 89859,
276.51405,0.78050,6.87,HIP 90347,
282.05583,-19.19891,6.87,HIP 92266,
282.83285,-17.15428,6.87,HIP 92521,
285.52083,60.12847,6.87,HIP 93462,
286.74288,-22.49762,6.87,HIP 93866,
292.81821,47.48118,6.87,HIP 96011,
293.02272,25.59633,6.87,HIP 96081,
293.47397,56.45994,6.87,HIP 96214,
295.77927,24.59794,6.87,HIP 97023,
296.78762,-17.07812,6.87,HIP 97351,
297.00367,27.86953,6.87,HIP 97420,
298.85013,-19.29286,6.87,HIP 98045,
301.05881,17.73486,6.87,HIP 98835,
302.77482,-6.08768,6.87,HIP 99450,
303.72566,32.86872,6.87,HIP 99801,
307.07760,18.76950,6.87,HIP 100970,
311.13864,-14.18581,6.87,HIP 102371,
314.04831,43.42431,6.87,HIP 103341,
317.17201,-37.24270,6.87,HIP 104374,
318.37269,-47.55070,6.87,HIP 104773,
318.65150,56.88341,6.87,HIP 104871,
325.41414,-32.53101,6.87,HIP 107103,
329.14988,21.16124,6.87,HIP 108316,
330.07122,34.62960,6.87,HIP 108621,
331.82546,-10.44687,6.87,HIP 109201,
332.86312,-27.15237,6.87,HIP 109551,
334.85727,60.14778,6.87,HIP 110207,
336.83833,-58.00062,6.87,HIP 110842,
339.31235,42.81034,6.87,HIP 111664,
341.97060,65.06217,6.87,HIP 112562,
349.00302,35.39969,6.87,HIP 114868,
353.92746,51.26396,6.87,HIP 116440,
359.19717,4.72511,6.87,HIP 118054,
1.30419,35.57101,6.88,HIP 432,
6.44004,-27.71019,6.88,HIP 2032,
8.58110,-42.43124,6.88,HIP 2701,
15.64840,27.74795,6.88,HIP 4868,
18.50496,-13.47525,6.88,HIP 5764,
22.38432,-9.48909,6.88,HIP 6957,
24.77987,61.07909,6.88,HIP 7697,
27.56592,-12.88690,6.88,HIP 8549,
30.45888,-63.62266,6.88,HIP 9469,
30.75719,3.35862,6.88,HIP 9576,
31.89280,-0.61742,6.88,HIP 9911,
33.46547,19.61444,6.88,HIP 10390,
34.71740,12.99228,6.88,HIP 10784,
43.55862,42.58878,6.88,HIP 13528,
44.73671,77.08007,6.88,HIP 13897,
48.45902,-38.80939,6.88,HIP 15039,
48.66703,-35.55767,6.88,HIP 15092,
52.39602,-23.47572,6.88,HIP 16261,
54.19551,34.34759,6.88,HIP 16843,
55.32663,28.70275,6.88,HIP 17220,
56.60939,13.50910,6.88,HIP 17617,
59.11943,-25.18134,6.88,HIP 18432,
61.75233,-10.00045,6.88,HIP 19206,
62.41186,31.65213,6.88,HIP 19428,
71.22945,52.33967,6.88,HIP 22075,
72.54180,63.62541,6.88,HIP 22476,
74.00429,1.62519,6.88,HIP 22926,
82.18668,-65.44857,6.88,HIP 25647,
82.43184,35.10875,6.88,HIP 25735,
82.86137,38.31958,6.88,HIP 25877,
84.10994,21.99311,6.88,HIP 26328,
84.15143,-35.06121,6.88,HIP 26348,
89.22803,-8.38403,6.88,HIP 28149,
90.20140,67.01395,6.88,HIP 28482,
90.76324,-37.54707,6.88,HIP 28654,
90.77910,20.58627,6.88,HIP 28659,
91.50938,-5.88021,6.88,HIP 28897,
92.62473,22.99788,6.88,4 Gem,
93.12148,-36.56374,6.88,HIP 29464,
94.57261,-5.65434,6.88,HIP 29951,
95.50542,44.05851,6.88,HIP 30267,
96.65721,15.52370,6.88,HIP 30663,
96.68081,0.45423,6.88,HIP 30670,
98.27577,1.27332,6.88,HIP 31237,
99.40085,-55.34374,6.88,HIP 31661,
100.37841,-20.31762,6.88,HIP 32037,
101.54712,42.26555,6.88,HIP 32433,
106.49021,36.57300,6.88,HIP 34244,
108.00451,43.84298,6.88,HIP 34778,
108.61062,24.71114,6.88,HR 2722,
110.03988,16.14033,6.88,HIP 35551,
110.12946,0.40362,6.88,HIP 35576,
110.18199,3.58166,6.88,HIP 35595,
110.37873,37.66278,6.88,HIP 35662,
111.51506,-15.66592,6.88,HIP 36081,
114.08026,-69.05654,6.88,HIP 37007,
115.87346,-54.24130,6.88,HIP 37643,
122.20667,27.48041,6.88,11 Cnc,
123.04836,48.95929,6.88,HIP 40165,
126.03503,-19.13585,6.88,HIP 41174,
127.22352,-72.08177,6.88,HIP 41604,
128.14707,-5.89951,6.88,HIP 41896,
129.41538,-40.43558,6.88,HIP 42315,
130.17907,51.43075,6.88,HIP 42576,
134.92801,-27.81630,6.88,HIP 44164,
135.00453,-49.55797,6.88,HIP 44181,
136.20834,-46.81598,6.88,HIP 44568,
142.13944,12.38531,6.88,HIP 46464,
144.51342,-54.21911,6.88,HIP 47272,
146.49903,-35.86379,6.88,HIP 47919,
152.58845,-67.26340,6.88,HIP 49828,
154.96803,-51.56785,6.88,HIP 50575,
157.42596,1.49112,6.88,HIP 51386,
157.47372,28.58122,6.88,HIP 51399,
159.99132,-52.28412,6.88,HIP 52203,
162.98418,-58.41546,6.88,HIP 53109,
164.28311,-0.31196,6.88,HIP 53532,
167.72835,-58.45525,6.88,HR 4342,
169.22130,-38.39874,6.88,HIP 55100,
171.29922,-73.63236,6.88,HIP 55735,
171.40923,29.98734,6.88,HIP 55766,
171.64177,-21.35650,6.88,HIP 55830,
172.94949,-73.90266,6.88,HIP 56246,
173.80887,-35.61204,6.88,HIP 56520,
175.03876,23.70816,6.88,HIP 56920,
175.97953,-9.13240,6.88,HIP 57213,
182.84546,-16.79084,6.88,HIP 59426,
186.05391,-38.91381,6.88,HIP 60503,
192.05571,52.45316,6.88,HIP 62476,
192.06866,-44.71877,6.88,HIP 62483,
193.57450,-70.03678,6.88,HIP 62981,
200.53439,-12.57954,6.88,HIP 65239,
202.37174,-18.72911,6.88,HIP 65813,
202.66303,9.31681,6.88,HIP 65911,
205.18062,52.77185,6.88,HIP 66735,
207.74893,53.29053,6.88,HIP 67590,
210.28499,-37.47001,6.88,HIP 68474,
210.84162,22.49576,6.88,HIP 68665,
212.90457,42.34072,6.88,HIP 69350,
214.20604,-5.64404,6.88,HIP 69775,
214.44957,55.42536,6.88,HIP 69859,
217.34387,80.80985,6.88,HIP 70857,
217.37971,-26.01335,6.88,HIP 70866,
223.75075,74.88121,6.88,HIP 72992,
226.83029,8.95849,6.88,HIP 73998,
229.13487,-39.56094,6.88,HIP 74745,
234.74923,85.28594,6.88,HIP 76632,
234.97706,-19.76914,6.88,HIP 76714,
235.21427,-44.62285,6.88,HIP 76799,
236.44329,-30.04147,6.88,HIP 77196,
238.75446,75.57429,6.88,17 UMi,
242.13741,-62.98188,6.88,HIP 79079,
244.78922,-6.87631,6.88,HIP 79948,
246.97765,25.98435,6.88,HIP 80641,
249.13079,-8.85401,6.88,HIP 81318,
251.48737,-67.75015,6.88,HIP 82078,
252.93926,20.57407,6.88,HIP 82505,
259.39438,28.91327,6.88,HIP 84596,
260.61519,24.87945,6.88,HIP 85007,
264.87723,44.00126,6.88,HIP 86422,
268.39258,-27.28264,6.88,HIP 87589,
268.55991,-34.72765,6.88,HIP 87656,
270.05260,8.85597,6.88,HIP 88144,
271.17795,-59.20958,6.88,HIP 88531,
273.35472,11.88428,6.88,HIP 89309,
277.29969,-29.25953,6.88,HIP 90596,
279.28931,0.95114,6.88,HIP 91281,
279.33558,11.35585,6.88,HIP 91297,
279.35746,-47.07457,6.88,HIP 91301,
281.66425,-39.73092,6.88,HIP 92130,
282.60694,7.45824,6.88,HIP 92450,
285.04893,-60.20371,6.88,HIP 93295,
285.65857,14.56701,6.88,HIP 93509,
286.28560,9.64213,6.88,HIP 93732,
288.65173,-29.83121,6.88,HIP 94548,
289.74213,40.36046,6.88,HIP 94923,
291.23336,-44.19480,6.88,HIP 95445,
291.29151,-51.10063,6.88,HIP 95468,
291.97527,20.24738,6.88,HIP 95700,
292.49545,46.94649,6.88,HIP 95879,
292.55102,55.42271,6.88,HIP 95899,
297.92433,-14.77687,6.88,HIP 97736,
298.97528,47.09005,6.88,HIP 98071,
301.05407,31.24322,6.88,HIP 98831,
306.83695,23.79055,6.88,HIP 100886,
307.08688,20.11287,6.88,HIP 100971,
307.51988,19.66759,6.88,HIP 101139,
312.32921,58.74874,6.88,HIP 102775,
314.92089,-62.87730,6.88,HIP 103621,
315.69657,15.96711,6.88,HIP 103868,
316.50213,62.92180,6.88,HIP 104146,
316.92019,68.25408,6.88,HIP 104291,
317.03921,-0.98967,6.88,HIP 104338,
319.83543,-13.04795,6.88,HIP 105267,
322.09023,-2.88536,6.88,HIP 106015,
323.66673,-36.64699,6.88,HIP 106541,
325.66863,63.72137,6.88,HIP 107191,
326.07511,-55.47308,6.88,HIP 107323,
327.98077,48.43711,6.88,HIP 107923,
330.89731,-55.97696,6.88,HIP 108903,
333.82094,-70.65301,6.88,HIP 109880,
337.23222,-60.05402,6.88,HIP 110965,
338.65225,26.59821,6.88,HIP 111443,
342.80548,48.73324,6.88,HIP 112850,
345.47938,-63.08550,6.88,HIP 113725,
351.07853,-72.16520,6.88,HIP 115547,
352.36226,46.46492,6.88,HIP 115944,
352.37633,-1.03590,6.88,12 Psc,
356.20394,7.19181,6.88,HIP 117137,
357.02892,-50.89095,6.88,HIP 117389,
2.69538,-34.86071,6.89,HIP 881,
3.58668,-21.19696,6.89,HIP 1147,
7.41277,-2.84042,6.89,HIP 2323,
7.90037,16.02092,6.89,HIP 2490,
8.95289,49.02114,6.89,HIP 2814,
12.83280,-9.40554,6.89,HIP 3995,
12.96735,-43.70903,6.89,HR 245,
17.14095,-46.66798,6.89,HIP 5363,
18.07980,12.28182,6.89,HIP 5631,
20.33025,11.53675,6.89,HIP 6334,
21.85482,-20.35180,6.89,HIP 6791,
23.90950,28.26961,6.89,HIP 7421,
28.09303,37.42979,6.89,HIP 8734,
30.06169,-3.36831,6.89,HIP 9358,
30.65739,-70.41948,6.89,HIP 9540,
31.62602,24.33399,6.89,HIP 9829,
32.72253,-75.95884,6.89,HIP 10179,
34.50305,42.90123,6.89,HIP 10721,
36.23451,-3.89282,6.89,HIP 11260,
38.48073,-12.33713,6.89,HIP 11927,
43.92198,31.04310,6.89,HIP 13645,
53.99368,47.09103,6.89,HIP 16782,
54.42111,-74.82257,6.89,HIP 16914,
56.37941,42.00692,6.89,HIP 17549,
57.10335,-54.29376,6.89,HIP 17785,
59.12238,-38.96217,6.89,HIP 18437,
60.04351,40.01373,6.89,HIP 18688,
64.46146,67.08861,6.89,HIP 20037,
65.06376,-2.62855,6.89,HIP 20243,
69.72221,42.23997,6.89,HIP 21642,
72.07947,29.23573,6.89,HIP 22309,
74.24475,-8.45888,6.89,HIP 23011,
77.51007,-40.55947,6.89,HIP 24038,
78.65397,-0.56284,6.89,HIP 24441,
78.66080,63.12694,6.89,HIP 24445,
84.93628,-20.43518,6.89,HIP 26642,
85.48971,-62.91375,6.89,HIP 26842,
87.28039,-32.50436,6.89,HIP 27479,
89.04439,-21.12255,6.89,HIP 28081,
89.91507,21.60422,6.89,HIP 28374,
95.68851,4.21033,6.89,HIP 30328,
95.93854,-37.01459,6.89,HIP 30418,
96.41865,-29.70298,6.89,HIP 30583,
98.19234,-27.40436,6.89,HIP 31201,
99.10943,27.27839,6.89,HIP 31568,
106.22339,-20.83009,6.89,HIP 34152,
106.54831,24.86015,6.89,HIP 34266,
110.73744,-55.57717,6.89,HIP 35790,
111.99894,-2.88218,6.89,HIP 36260,
114.26461,-26.81647,6.89,HIP 37069,
114.42333,1.92839,6.89,HIP 37122,
114.84015,50.52854,6.89,HIP 37283,
115.77837,-38.86368,6.89,HR 2995,
118.52993,-18.33103,6.89,HIP 38591,
120.65591,-27.54430,6.89,HIP 39352,
120.69338,-6.32246,6.89,HIP 39362,
120.91644,36.34487,6.89,HIP 39433,
121.16742,39.74074,6.89,HIP 39523,
126.25165,-12.76478,6.89,HIP 41255,
127.01706,35.89181,6.89,HIP 41519,
129.68968,23.68591,6.89,HIP 42403,
131.28684,-32.24926,6.89,HIP 42937,
134.35484,58.21881,6.89,HIP 43984,
136.13685,-56.34104,6.89,HIP 44545,
139.63305,-39.04383,6.89,HIP 45667,
142.33977,56.24092,6.89,HIP 46524,
142.92667,36.42909,6.89,HIP 46749,
147.54310,24.56205,6.89,HIP 48248,
152.60115,-64.38423,6.89,HIP 49833,
154.76070,-50.71610,6.89,HIP 50519,
166.08011,-1.27823,6.89,HIP 54110,
168.82329,-19.63754,6.89,HIP 54960,
169.03781,78.30895,6.89,HIP 55048,
169.23993,-34.92734,6.89,HIP 55105,
176.65170,-64.76598,6.89,HIP 57451,
185.90708,-61.62913,6.89,HIP 60455,
189.48535,54.85312,6.89,HIP 61631,
190.37004,49.29055,6.89,HIP 61927,
191.75912,9.06396,6.89,HIP 62375,
192.34356,-40.77523,6.89,HIP 62580,
197.69169,34.30065,6.89,HIP 64302,
197.91897,-11.22165,6.89,HIP 64378,
199.05321,-52.41480,6.89,HIP 64749,
199.36386,-10.54629,6.89,58 Vir,
200.26992,-24.47022,6.89,HIP 65151,
205.40259,-45.49383,6.89,HIP 66802,
211.73265,28.43804,6.89,HIP 68955,
216.88103,-35.44723,6.89,HIP 70693,
218.79462,-46.46197,6.89,HIP 71327,
223.18236,31.92502,6.89,HIP 72794,
225.40989,-56.26018,6.89,HIP 73522,
227.63132,11.67363,6.89,HIP 74253,
227.94876,10.21658,6.89,HIP 74359,
232.04004,-9.34807,6.89,HIP 75718,
232.86306,-71.06213,6.89,HIP 76011,
234.20261,80.61450,6.89,HIP 76450,
234.91125,79.98322,6.89,18 UMi,
237.57279,-49.04050,6.89,HIP 77577,
239.95845,-64.85415,6.89,HIP 78346,
245.06089,-39.63002,6.89,HIP 80035,
247.11730,-13.39964,6.89,Timir,
247.56533,-27.91625,6.89,HIP 80819,
248.83885,77.75519,6.89,HIP 81219,
249.17290,-35.91637,6.89,HIP 81335,
250.04431,-28.94013,6.89,HIP 81616,
254.65802,15.45436,6.89,HIP 83083,
255.30913,52.60451,6.89,HIP 83285,
255.71880,-50.16041,6.89,HIP 83406,
256.89659,-46.67968,6.89,HIP 83802,
257.07204,-41.02450,6.89,HIP 83858,
261.49534,-49.73492,6.89,HIP 85308,
262.69984,-37.43697,6.89,HIP 85700,
267.63124,36.84612,6.89,HIP 87319,
269.35128,33.40084,6.89,HIP 87909,
270.89072,-66.53838,6.89,HIP 88454,
274.14738,-20.54449,6.89,17 Sgr,
276.58182,26.22772,6.89,HIP 90361,
281.23297,-0.37343,6.89,HIP 91987,
282.77255,-3.26114,6.89,7 Aql,
283.47418,82.37003,6.89,HIP 92738,
283.50669,-47.27437,6.89,HIP 92750,
285.28959,-4.43897,6.89,HIP 93381,
289.38276,21.81385,6.89,HIP 94812,
290.20130,-4.50250,6.89,HIP 95099,
292.02629,17.84669,6.89,HIP 95717,
292.40775,-12.64671,6.89,HIP 95847,
293.35647,21.84033,6.89,HIP 96183,
293.54637,7.78577,6.89,HIP 96241,
295.69115,8.38276,6.89,HIP 96979,
296.95104,-28.49118,6.89,HIP 97401,
297.92807,-50.97877,6.89,HIP 97738,
306.35715,42.60505,6.89,HIP 100736,
308.21321,27.21216,6.89,HIP 101381,
308.68583,32.50586,6.89,HIP 101544,
309.52037,-24.22889,6.89,HIP 101823,
309.98093,35.39073,6.89,HIP 101974,
313.17971,-39.10863,6.89,HIP 103049,
314.19771,1.71518,6.89,HIP 103391,
317.39691,75.22778,6.89,HIP 104458,
317.91828,70.44115,6.89,HIP 104632,
318.56939,-45.78276,6.89,HIP 104838,
323.69577,19.93639,6.89,HIP 106554,
326.07993,28.78160,6.89,HIP 107326,
328.24329,15.93215,6.89,HIP 108012,
328.25403,-10.56260,6.89,HIP 108018,
329.11380,59.79510,6.89,HIP 108301,
333.69651,-24.00470,6.89,HIP 109838,
334.71867,16.25796,6.89,HIP 110166,
340.03325,-9.35924,6.89,HIP 111910,
349.95779,57.24363,6.89,HIP 115187,
354.55167,-8.62755,6.89,HIP 116639,
356.83725,-48.27559,6.89,HIP 117320,
356.84712,-68.39397,6.89,HR 9007,
357.06021,7.16318,6.89,HIP 117398,
0.22041,66.84801,6.90,HIP 73,
0.56949,-13.40744,6.90,HIP 179,
1.48636,24.56901,6.90,HIP 496,
5.22552,32.97801,6.90,HIP 1669,
6.20681,-18.47188,6.90,HIP 1962,
6.56872,3.82576,6.90,HIP 2080,
8.18001,38.84377,6.90,HIP 2576,
8.23259,16.16724,6.90,HIP 2595,
8.61321,-6.50391,6.90,HIP 2710,
11.19959,67.15818,6.90,HIP 3509,
12.50940,70.77417,6.90,HIP 3901,
14.88452,48.96634,6.90,HIP 4637,
15.57649,81.87557,6.90,HIP 4843,
17.64297,51.01333,6.90,HIP 5512,
21.67955,43.69187,6.90,HIP 6733,
22.07974,30.55769,6.90,HIP 6862,
23.70360,0.94477,6.90,HIP 7357,
27.36321,26.47264,6.90,HIP 8490,
33.69312,46.68749,6.90,HIP 10456,
39.69125,33.41909,6.90,HIP 12328,
41.13788,46.84146,6.90,HIP 12804,
41.86424,19.37182,6.90,HIP 13027,
41.86547,37.79104,6.90,HIP 13028,
43.70648,-33.52486,6.90,HIP 13569,
44.36937,16.29371,6.90,HIP 13786,
46.44330,43.70247,6.90,HIP 14402,
47.58022,-74.29709,6.90,HIP 14739,
47.92872,52.16346,6.90,HIP 14845,
50.09719,19.87271,6.90,HIP 15555,
50.53898,-46.76336,6.90,HIP 15692,
50.89689,-40.07639,6.90,HIP 15799,
53.33830,13.78242,6.90,HIP 16572,
54.88599,59.44543,6.90,HIP 17075,
56.79423,51.70639,6.90,HIP 17675,
58.65622,-46.41689,6.90,HIP 18286,
60.69606,-22.59446,6.90,HIP 18875,
64.42926,13.83659,6.90,HIP 20025,
67.37644,17.86316,6.90,HIP 20948,
69.27348,-30.42925,6.90,HIP 21502,
70.14258,-48.53824,6.90,HIP 21771,
70.95660,-48.32697,6.90,HIP 22006,
75.28926,-74.34085,6.90,HIP 23335,
84.34074,-38.02286,6.90,HIP 26420,
84.95453,1.49173,6.90,HIP 26648,
88.11199,6.20943,6.90,HIP 27751,
89.35528,0.02752,6.90,HIP 28187,
90.78478,-36.87294,6.90,HIP 28662,
92.56926,-15.05941,6.90,HIP 29275,
94.79157,56.52659,6.90,HIP 30031,
94.85586,13.43394,6.90,HIP 30051,
95.16687,-9.89100,6.90,HIP 30149,
98.53505,2.89866,6.90,HIP 31326,
98.99738,31.47924,6.90,HIP 31520,
101.10276,56.93302,6.90,HIP 32284,
101.29171,-18.26831,6.90,HIP 32352,
102.08982,-7.75460,6.90,HIP 32622,
104.28909,-10.82446,6.90,HIP 33436,
105.06261,-19.80127,6.90,HIP 33713,
108.26748,31.96548,6.90,HIP 34881,
110.16257,-52.19871,6.90,HIP 35588,
111.10238,10.24567,6.90,HIP 35929,
111.39059,-19.43774,6.90,HIP 36034,
114.05750,-44.95763,6.90,HIP 36992,
115.44031,-22.40408,6.90,HIP 37495,
117.47943,27.36318,6.90,HIP 38228,
120.86052,37.13668,6.90,HIP 39414,
125.02021,-31.09780,6.90,HIP 40846,
130.45867,19.87417,6.90,HIP 42673,
130.65414,-4.41022,6.90,HIP 42739,
130.72406,-9.80556,6.90,HIP 42769,
132.59730,-35.93045,6.90,HIP 43396,
134.69184,-64.53051,6.90,HIP 44081,
141.33032,-54.46377,6.90,HIP 46214,
141.81961,6.23282,6.90,HIP 46367,
144.99089,35.33596,6.90,HIP 47436,
145.35345,-33.39632,6.90,HIP 47530,
146.35111,-32.68270,6.90,HIP 47873,
146.36934,10.22193,6.90,HIP 47880,
150.80706,50.10923,6.90,HIP 49253,
158.57076,-37.38679,6.90,HIP 51739,
160.22107,-57.93559,6.90,HIP 52274,
161.58048,12.74785,6.90,HIP 52683,
166.20269,-75.15519,6.90,HIP 54166,
167.44635,54.10659,6.90,HIP 54552,
170.81313,6.58582,6.90,HIP 55589,
171.98708,44.87849,6.90,HIP 55950,
172.51801,29.96463,6.90,HIP 56109,
175.49152,-24.38580,6.90,HIP 57072,
179.01481,40.64761,6.90,HIP 58193,
193.88522,-30.07011,6.90,HIP 63083,
205.41456,-75.11537,6.90,HIP 66806,
206.18585,-14.22518,6.90,HIP 67069,
207.96249,11.93720,6.90,HIP 67673,
214.12710,55.29836,6.90,HIP 69748,
215.28909,19.18020,6.90,HIP 70145,
216.04692,16.27367,6.90,HIP 70399,
217.25227,-56.13686,6.90,HIP 70824,
225.01121,65.47622,6.90,HIP 73403,
230.00964,40.98417,6.90,HIP 75039,
230.20873,31.48011,6.90,HIP 75104,
232.16359,61.72665,6.90,HIP 75764,
238.83996,9.22342,6.90,HIP 77966,
246.58950,40.80949,6.90,HIP 80528,
247.45194,-11.12953,6.90,HIP 80795,
247.46298,5.97078,6.90,HIP 80797,
252.18026,-67.08322,6.90,HIP 82280,
252.49754,46.64908,6.90,HIP 82375,
254.09135,62.36989,6.90,HIP 82891,
257.47119,-47.03144,6.90,HIP 83973,
260.31131,31.25691,6.90,HIP 84920,
274.15449,48.10520,6.90,HIP 89570,
279.48789,-2.59053,6.90,HIP 91355,
289.24215,-67.16674,6.90,HIP 94767,
292.16051,39.94083,6.90,HIP 95764,
294.15031,-32.69087,6.90,HIP 96453,
295.17519,-54.21036,6.90,HIP 96806,
295.63950,-50.66760,6.90,HIP 96956,
303.39111,-38.44805,6.90,HIP 99668,
315.57381,-42.99741,6.90,HIP 103819,
318.18872,84.25866,6.90,HIP 104716,
324.24403,-18.74379,6.90,HIP 106715,
325.13506,59.75275,6.90,HIP 107026,
325.13948,10.61223,6.90,HIP 107028,
325.60077,57.73605,6.90,HIP 107164,
333.00936,-38.30282,6.90,HIP 109595,
335.11743,37.29803,6.90,HIP 110300,
339.87680,-68.06040,6.90,HIP 111862,
347.79494,30.04311,6.90,HIP 114486,
348.53373,-70.05819,6.90,HIP 114708,
352.10512,-25.42054,6.90,HIP 115858,
353.16924,-45.12144,6.90,HIP 116204,
353.60487,5.47055,6.90,HIP 116338,
353.86309,52.29103,6.90,HIP 116418,
1.34266,3.60609,6.91,HIP 448,
1.72205,-38.87767,6.91,HIP 567,
3.48413,59.99932,6.91,HIP 1118,
4.46351,20.22699,6.91,HIP 1429,
6.34209,-39.26037,6.91,HIP 2001,
6.46350,71.80713,6.91,HIP 2036,
8.19792,54.11995,6.91,HIP 2581,
9.00352,-59.71724,6.91,HIP 2841,
12.04861,65.11961,6.91,HIP 3755,
15.32911,-60.86015,6.91,HIP 4772,
19.12074,-67.43103,6.91,HIP 5943,
22.06705,-12.24604,6.91,HIP 6859,
22.57625,59.78205,6.91,HIP 7013,
23.49931,-62.47622,6.91,HIP 7298,
30.71786,-2.37780,6.91,HIP 9563,
34.06609,-9.82125,6.91,HIP 10584,
39.14146,-14.65673,6.91,HIP 12146,
39.49390,-67.30092,6.91,HIP 12269,
42.26087,-4.22483,6.91,HIP 13143,
42.94752,53.03181,6.91,HIP 13351,
43.78404,3.48688,6.91,HIP 13593,
46.11601,40.29279,6.91,HIP 14303,
51.14367,22.04032,6.91,HIP 15882,
55.05198,-19.59283,6.91,HIP 17138,
58.00031,60.33657,6.91,HIP 18088,
60.62174,3.84723,6.91,HIP 18850,
60.74795,9.20849,6.91,HIP 18893,
61.87197,-6.00738,6.91,HIP 19249,
64.29754,5.02457,6.91,HIP 19985,
66.37367,-53.11182,6.91,HIP 20650,
69.00228,55.51208,6.91,HIP 21426,
69.08634,61.36234,6.91,HIP 21447,
70.97500,22.94441,6.91,HIP 22013,
76.85802,-44.82169,6.91,HIP 23833,
77.40181,38.68553,6.91,HIP 24002,
78.81430,47.17073,6.91,HIP 24488,
82.18869,1.64394,6.91,HIP 25648,
84.90830,0.83385,6.91,HIP 26633,
85.74273,33.31455,6.91,HIP 26931,
93.23127,-8.72906,6.91,HIP 29497,
94.08581,30.10248,6.91,HIP 29790,
94.81329,-69.78455,6.91,HIP 30038,
94.83040,23.46940,6.91,11 Gem,
96.74313,-4.45929,6.91,HIP 30691,
98.07428,17.77962,6.91,HIP 31156,
98.49009,52.46141,6.91,HIP 31309,
100.07860,-6.34628,6.91,HIP 31925,
101.48941,-20.77504,6.91,HIP 32406,
101.56836,-29.56109,6.91,HIP 32444,
102.20514,-34.93680,6.91,HIP 32668,
102.94064,5.08441,6.91,HIP 32947,
104.43936,-52.64847,6.91,HIP 33495,
105.50510,44.44897,6.91,HIP 33885,
112.64001,5.25464,6.91,HIP 36499,
115.90552,-4.70791,6.91,HIP 37655,
117.22374,18.19026,6.91,HIP 38135,
121.57993,-38.89672,6.91,HIP 39662,
123.46143,-35.20827,6.91,HIP 40307,
124.80988,-7.55816,6.91,HIP 40763,
125.98412,-1.49801,6.91,HIP 41166,
129.80934,-37.47014,6.91,HIP 42441,
132.15433,10.43303,6.91,HIP 43245,
135.52859,-40.55470,6.91,HIP 44368,
139.81390,46.94377,6.91,HIP 45722,
140.13271,-61.99305,6.91,HIP 45817,
141.31920,-65.27026,6.91,HIP 46208,
141.66544,-24.16785,6.91,HIP 46313,
144.37994,-59.88990,6.91,HIP 47227,
145.34134,38.95021,6.91,HIP 47527,
146.32277,-54.24743,6.91,HIP 47863,
148.10954,-71.94338,6.91,HIP 48430,
150.24412,-50.47771,6.91,HIP 49076,
150.49751,74.75909,6.91,HIP 49163,
151.14201,-64.64773,6.91,HIP 49360,
151.47048,-63.83512,6.91,HIP 49462,
155.54488,-13.40973,6.91,HIP 50787,
164.75239,45.19781,6.91,HIP 53681,
169.07919,59.94320,6.91,HIP 55060,
170.12476,-45.72882,6.91,HIP 55387,
170.61969,-8.84264,6.91,HIP 55531,
173.76377,-53.24220,6.91,HIP 56506,
175.06730,-62.43240,6.91,HIP 56929,
176.39602,35.89435,6.91,HIP 57362,
176.52621,7.17419,6.91,HIP 57401,
180.44216,-34.65032,6.91,HIP 58669,
181.55419,-38.67567,6.91,HIP 59035,
183.48238,2.26022,6.91,HIP 59646,
191.46908,-21.76827,6.91,HIP 62285,
192.00167,18.83681,6.91,HIP 62459,
193.40676,-60.35706,6.91,HIP 62913,
193.48227,26.77999,6.91,HIP 62944,
193.87623,11.49592,6.91,HIP 63081,
194.35929,1.42794,6.91,HIP 63235,
199.77792,3.72284,6.91,HIP 64983,
200.00888,-62.52658,6.91,HIP 65050,
202.71429,-3.04983,6.91,HIP 65920,
203.79762,22.49973,6.91,HIP 66290,
205.30680,-71.86827,6.91,HIP 66783,
205.62888,55.72769,6.91,HIP 66893,
205.95595,-40.17798,6.91,HIP 66997,
210.35925,9.29875,6.91,HIP 68508,
213.54788,35.60362,6.91,HIP 69546,
214.62980,52.03332,6.91,HIP 69917,
217.54156,-43.86389,6.91,HIP 70918,
220.07684,87.21477,6.91,HIP 71725,
220.81391,-47.57049,6.91,HIP 71975,
221.33979,10.59900,6.91,HIP 72142,
221.49018,-44.86752,6.91,HIP 72192,
221.57418,-0.83377,6.91,HIP 72226,
222.36963,19.51037,6.91,HIP 72505,
223.03098,20.29068,6.91,HIP 72725,
224.23940,-26.28503,6.91,HIP 73150,
224.87181,-30.71153,6.91,HIP 73357,
225.01502,44.58634,6.91,HIP 73404,
225.84329,0.88965,6.91,HIP 73655,
227.66205,33.07888,6.91,HIP 74265,
232.21690,57.44518,6.91,HIP 75783,
235.10831,37.51709,6.91,HIP 76764,
239.27103,-35.92760,6.91,HIP 78118,
240.54318,-42.70023,6.91,HIP 78547,
245.29464,22.23982,6.91,HIP 80111,
249.54058,61.17233,6.91,HIP 81451,
252.49222,9.42132,6.91,HIP 82373,
253.06698,-25.60061,6.91,HIP 82538,
256.12312,-12.67619,6.91,HIP 83545,
256.13892,-11.08849,6.91,HIP 83555,
258.27609,54.13931,6.91,HIP 84236,
259.02036,60.71391,6.91,HIP 84465,
262.64641,17.52079,6.91,HIP 85683,
262.92723,30.31785,6.91,HIP 85781,
266.07656,13.78397,6.91,HIP 86813,
270.38262,-38.08222,6.91,HIP 88270,
274.02945,-56.65093,6.91,HIP 89530,
274.58493,-54.33244,6.91,HIP 89698,
275.30169,-26.08512,6.91,HIP 89954,
277.48806,10.48301,6.91,HIP 90665,
278.61364,-34.81571,6.91,HIP 91054,
278.93149,-29.93752,6.91,HIP 91149,
280.31721,30.29075,6.91,HIP 91635,
280.57458,-7.33732,6.91,HIP 91728,
280.65399,15.19939,6.91,HIP 91752,
284.38844,32.98956,6.91,HIP 93073,
284.64116,60.66732,6.91,HIP 93161,
285.82342,-5.55905,6.91,HIP 93551,
285.89776,2.54574,6.91,HIP 93589,
288.74520,27.96110,6.91,HIP 94592,
289.84064,-36.89453,6.91,HIP 94956,
290.22458,13.57659,6.91,HIP 95107,
291.63306,11.85107,6.91,HIP 95586,
292.63207,12.81690,6.91,HIP 95926,
295.41588,40.02235,6.91,HIP 96887,
298.70592,64.72122,6.91,HIP 97988,
300.89673,-38.85254,6.91,HIP 98763,
300.99745,17.12299,6.91,HIP 98801,
301.01110,-37.87649,6.91,HIP 98813,
301.11138,73.90945,6.91,HIP 98853,
301.43462,22.79720,6.91,HIP 98987,
302.28387,16.90695,6.91,HIP 99277,
303.19714,-2.99595,6.91,HIP 99604,
303.77879,-13.38392,6.91,HIP 99811,
305.39819,-67.31284,6.91,HIP 100396,
312.77263,51.41725,6.91,HIP 102921,
315.87294,-1.57967,6.91,HIP 103931,
318.19688,60.09800,6.91,HIP 104719,
319.81226,-16.17955,6.91,HIP 105256,
322.33566,67.05104,6.91,HIP 106085,
323.50572,-46.61073,6.91,HIP 106483,
326.58231,-62.54980,6.91,HIP 107496,
330.67215,-27.36738,6.91,HIP 108817,
332.19762,-13.30046,6.91,HIP 109316,
334.84878,15.54577,6.91,HIP 110204,
338.04791,-43.26306,6.91,HIP 111237,
340.81437,56.40833,6.91,HIP 112183,
341.61927,7.58293,6.91,HIP 112433,
346.27639,58.73242,6.91,HIP 113993,
348.25639,42.06220,6.91,HIP 114604,
349.62036,27.60380,6.91,HIP 115077,
349.95027,7.98209,6.91,HIP 115182,
351.73775,-15.24772,6.91,HIP 115742,
353.36715,24.34244,6.91,HIP 116265,
354.61020,42.51151,6.91,HIP 116657,
5.26783,-2.90960,6.92,HIP 1684,
8.90489,67.92596,6.92,HIP 2796,
9.73962,26.32376,6.92,HIP 3070,
10.96777,33.31072,6.92,HIP 3438,
14.40733,-18.99862,6.92,HIP 4496,
19.39585,-65.21177,6.92,HIP 6039,
23.35978,54.94487,6.92,HIP 7253,
23.58592,-45.69117,6.92,HIP 7327,
28.76811,-24.88971,6.92,HIP 8936,
30.20609,-8.47172,6.92,HIP 9406,
39.39317,20.57493,6.92,HIP 12238,
41.98056,55.61355,6.92,HIP 13063,
45.29751,40.79659,6.92,HIP 14063,
45.96173,6.13330,6.92,HIP 14258,
50.18576,-26.28780,6.92,HIP 15582,
52.68782,42.20244,6.92,HIP 16357,
55.04499,-9.03913,6.92,HIP 17135,
58.94316,56.91902,6.92,HIP 18383,
63.05676,79.03002,6.92,HIP 19619,
63.42124,49.09392,6.92,HIP 19727,
63.58272,-38.26003,6.92,HIP 19769,
65.44296,2.39010,6.92,HIP 20373,
76.94240,55.75916,6.92,HIP 23865,
81.16824,-2.49785,6.92,HIP 25293,
85.05568,69.98185,6.92,HIP 26682,
89.55635,1.85639,6.92,HIP 28255,
91.12665,-45.19663,6.92,HIP 28769,
91.73440,-3.34117,6.92,HIP 28981,
95.70678,17.57409,6.92,HIP 30333,
99.94388,-1.38014,6.92,HIP 31874,
100.23878,-12.18226,6.92,HIP 31976,
102.18339,8.86625,6.92,HIP 32659,
104.26322,-17.09856,6.92,HIP 33426,
105.30670,54.85668,6.92,HIP 33816,
106.98690,-4.67785,6.92,HIP 34401,
107.83720,-21.80328,6.92,HIP 34718,
108.02247,-27.33495,6.92,HIP 34786,
108.65295,-30.65490,6.92,HIP 35017,
109.08079,-32.04174,6.92,HIP 35188,
110.42127,-61.95141,6.92,HIP 35676,
111.39706,20.49514,6.92,HIP 36035,
111.89209,38.66607,6.92,HIP 36224,
111.89368,-18.49189,6.92,HIP 36225,
112.23618,-34.91837,6.92,HIP 36355,
114.50646,-8.12625,6.92,HIP 37149,
118.03526,36.16918,6.92,HIP 38409,
118.33778,28.05199,6.92,HIP 38525,
119.92753,23.18291,6.92,HIP 39077,
127.30309,32.69231,6.92,HIP 41629,
130.69747,-46.80727,6.92,HIP 42754,
132.60301,-4.19759,6.92,HIP 43397,
133.27545,52.39023,6.92,HIP 43625,
138.61605,25.01149,6.92,HIP 45349,
141.22179,-4.28293,6.92,HIP 46165,
142.83408,12.85885,6.92,HIP 46713,
152.28513,18.53059,6.92,HIP 49729,
155.98032,-29.64553,6.92,HIP 50921,
159.25643,-71.69157,6.92,HIP 51967,
166.45152,38.39435,6.92,HIP 54235,
167.23759,-19.41647,6.92,HIP 54493,
174.44442,-31.21866,6.92,HIP 56721,
175.44306,41.23758,6.92,HIP 57053,
178.61110,-56.96977,6.92,HIP 58059,
186.23317,-65.21101,6.92,HIP 60570,
186.50494,-49.58824,6.92,HIP 60668,
195.30675,-20.77758,6.92,HIP 63538,
195.74774,22.63754,6.92,HIP 63677,
197.84024,-13.96236,6.92,HIP 64346,
200.53090,-60.18499,6.92,HIP 65236,
205.26728,-34.46416,6.92,HIP 66765,
205.89878,14.36561,6.92,HIP 66974,
207.71175,-7.78429,6.92,HIP 67578,
208.96816,-50.66095,6.92,HIP 68035,
217.66861,-22.46091,6.92,HIP 70945,
221.94561,-39.92641,6.92,HIP 72362,
223.75440,14.97939,6.92,HIP 72993,
226.59484,-72.17019,6.92,HIP 73921,
227.23964,-26.49727,6.92,HIP 74131,
227.53825,-75.46180,6.92,HIP 74227,
228.99652,0.79636,6.92,HIP 74702,
231.86239,-66.12144,6.92,HIP 75658,
235.37766,-53.39128,6.92,HIP 76849,
238.83428,-43.39171,6.92,HIP 77964,
244.03755,-43.12553,6.92,HIP 79716,
248.45981,13.39475,6.92,HIP 81095,
248.52526,-48.46149,6.92,HIP 81125,
250.14647,4.20720,6.92,36 Her,
251.75700,-39.53387,6.92,HIP 82154,
252.26763,34.95630,6.92,HIP 82310,
253.30581,10.87448,6.92,HIP 82604,
258.14288,-63.68540,6.92,HIP 84188,
259.52277,-38.16403,6.92,HIP 84634,
261.03644,-34.79845,6.92,HIP 85158,
264.31966,-49.24499,6.92,HIP 86227,
265.85832,-35.29766,6.92,HIP 86737,
265.90532,-45.97133,6.92,HIP 86755,
267.36705,68.68903,6.92,HIP 87237,
268.74030,-7.73394,6.92,HIP 87710,
269.17914,44.98737,6.92,HIP 87840,
269.80611,-36.93884,6.92,HIP 88069,
270.83572,19.55587,6.92,HIP 88434,
273.86382,-34.59453,6.92,HIP 89463,
274.91905,67.43507,6.92,HIP 89807,
275.01639,-9.59572,6.92,HIP 89844,
275.93359,38.34512,6.92,HIP 90140,
279.04998,41.27810,6.92,HIP 91192,
279.49974,28.62994,6.92,HIP 91361,
279.71364,52.34393,6.92,HIP 91436,
279.83066,59.52804,6.92,HIP 91469,
281.85136,-49.63053,6.92,HIP 92199,
281.96803,-20.27451,6.92,HIP 92235,
283.98813,44.22838,6.92,HIP 92926,
285.30534,2.03322,6.92,HIP 93385,
287.13900,50.36387,6.92,HIP 94023,
287.34636,30.56627,6.92,HIP 94104,
288.68630,6.04855,6.92,HIP 94564,
292.55249,56.64442,6.92,HIP 95901,
294.27751,22.00595,6.92,HIP 96499,
295.58050,18.46564,6.92,HIP 96936,
300.69421,37.81279,6.92,HIP 98697,
300.71736,10.91170,6.92,HIP 98705,
303.01560,47.73704,6.92,HR 7721,
303.16087,-6.36614,6.92,HIP 99588,
303.64554,-64.42977,6.92,HIP 99772,
304.22911,31.50521,6.92,HIP 99967,
304.65625,0.64107,6.92,HIP 100121,
310.42420,24.18248,6.92,HIP 102120,
315.72945,32.34988,6.92,HIP 103876,
316.63925,-0.10502,6.92,HIP 104189,
317.53100,-64.02545,6.92,HIP 104501,
321.31565,-34.85673,6.92,HIP 105764,
323.16649,42.29554,6.92,HIP 106373,
325.32772,-35.58503,6.92,HIP 107079,
328.74867,53.93560,6.92,HIP 108174,
329.55606,82.86948,6.92,HR 8423,
331.23581,47.23458,6.92,HIP 109002,
334.16784,22.89608,6.92,HIP 109992,
335.18550,-34.51657,6.92,HIP 110325,
348.10420,36.96779,6.92,HIP 114565,
350.15878,21.18929,6.92,HIP 115249,
353.36935,-4.40129,6.92,HIP 116266,
354.14172,-44.89283,6.92,HIP 116510,
354.92118,-66.25374,6.92,HIP 116749,
355.37339,40.55449,6.92,HIP 116882,
358.45827,60.85340,6.92,HIP 117830,
358.69824,18.74679,6.92,HIP 117888,
0.51090,-2.76617,6.93,HIP 159,
1.33314,-38.85715,6.93,HIP 441,
1.58413,40.89874,6.93,HIP 525,
2.26521,40.84286,6.93,HIP 737,
2.89718,-18.60066,6.93,HIP 932,
11.93755,26.29165,6.93,HIP 3719,
14.06173,35.22862,6.93,HIP 4390,
16.65678,8.36004,6.93,HIP 5209,
17.30447,69.68652,6.93,HIP 5414,
23.47647,35.60820,6.93,HIP 7289,
29.15650,-81.49923,6.93,HIP 9052,
29.85849,-40.72721,6.93,HIP 9296,
32.43834,-51.73087,6.93,HIP 10091,
36.10880,-37.36140,6.93,HIP 11222,
36.12717,9.71321,6.93,HIP 11228,
38.78106,66.04936,6.93,HIP 12030,
38.98635,-17.63270,6.93,HIP 12102,
43.04711,37.09409,6.93,HIP 13378,
51.01750,74.17099,6.93,HIP 15843,
51.91235,49.59992,6.93,HIP 16118,
54.21423,-33.78067,6.93,HIP 16851,
56.84287,-29.46865,6.93,HIP 17693,
57.51085,-45.38538,6.93,HIP 17925,
57.56901,-32.28539,6.93,HIP 17951,
58.37730,-14.97055,6.93,HIP 18192,
60.66028,-0.80104,6.93,HIP 18863,
63.96534,-22.15142,6.93,HIP 19881,
67.41225,5.16427,6.93,HIP 20958,
70.53393,-37.61347,6.93,HIP 21869,
76.07499,-6.03130,6.93,HIP 23586,
78.62735,-26.20869,6.93,HIP 24430,
79.63596,48.92350,6.93,HIP 24766,
85.31289,33.91891,6.93,HIP 26774,
87.19715,11.99720,6.93,HIP 27453,
88.05782,38.56011,6.93,HIP 27723,
90.31107,-60.48562,6.93,HIP 28521,
91.16559,38.57512,6.93,HIP 28787,
92.12652,13.97106,6.93,HIP 29126,
92.24867,2.49640,6.93,HIP 29154,
92.69733,13.65947,6.93,HIP 29310,
92.96422,21.86823,6.93,HR 2190,
101.29053,39.36814,6.93,HIP 32350,
104.14592,-8.33373,6.93,HIP 33385,
108.47955,78.75245,6.93,HIP 34952,
109.28974,33.09205,6.93,HIP 35265,
111.47554,18.14747,6.93,HIP 36060,
111.64926,-13.18898,6.93,HIP 36134,
113.55397,-20.13741,6.93,HIP 36808,
115.54846,-55.17896,6.93,HIP 37533,
115.76271,-27.66838,6.93,HIP 37611,
116.73624,-52.34716,6.93,HIP 37966,
116.77997,-41.50373,6.93,HIP 37983,
123.61269,20.70780,6.93,HIP 40361,
125.12163,9.40012,6.93,HIP 40879,
125.87796,-30.80132,6.93,HIP 41131,
126.32623,-22.14026,6.93,HIP 41280,
132.13686,2.56366,6.93,HIP 43241,
132.69417,78.16514,6.93,HIP 43431,
133.91935,-2.79078,6.93,HIP 43837,
134.28114,44.40930,6.93,HIP 43954,
134.73252,-68.13925,6.93,HIP 44099,
134.83602,-63.46681,6.93,HIP 44135,
135.82513,-70.60667,6.93,HIP 44445,
145.23357,-54.98343,6.93,HIP 47495,
145.64427,32.99488,6.93,HIP 47617,
148.12554,35.52462,6.93,HIP 48436,
149.06493,-31.09148,6.93,HIP 48723,
150.32637,28.78441,6.93,HIP 49103,
168.09474,34.78466,6.93,HIP 54734,
168.42079,20.12883,6.93,HIP 54844,
169.76486,62.18267,6.93,HIP 55256,
170.97225,37.23483,6.93,HIP 55641,
175.38552,-77.05469,6.93,HIP 57027,
175.87785,-15.04283,6.93,HIP 57173,
179.52834,-4.37049,6.93,HIP 58368,
179.63281,47.76540,6.93,HIP 58406,
180.30737,12.37779,6.93,HIP 58616,
181.75562,-23.76626,6.93,HIP 59087,
182.91763,4.05591,6.93,HIP 59451,
187.22862,-61.87091,6.93,HIP 60905,
187.74254,65.89785,6.93,HIP 61068,
192.46476,-50.32385,6.93,HIP 62618,
193.09524,17.10839,6.93,33 Com,
194.32929,-8.91082,6.93,HIP 63225,
195.94740,-40.85120,6.93,HIP 63740,
198.46771,-45.18580,6.93,HIP 64550,
200.29536,37.85711,6.93,HIP 65159,
202.80480,-13.44878,6.93,HIP 65949,
203.96691,8.29278,6.93,HIP 66345,
204.13999,52.68751,6.93,HIP 66380,
206.79404,-52.26926,6.93,HIP 67260,
215.98222,-29.67630,6.93,HIP 70375,
217.95881,-76.27396,6.93,HIP 71055,
225.77685,-17.63295,6.93,HIP 73636,
229.73114,-1.59239,6.93,HIP 74948,
232.01887,11.86167,6.93,HIP 75714,
232.46131,82.26362,6.93,HIP 75870,
241.46775,9.93596,6.93,HIP 78858,
243.59219,2.64719,6.93,HIP 79595,
246.07268,55.33197,6.93,HIP 80364,
246.10056,10.25433,6.93,HIP 80372,
247.14289,1.58687,6.93,HIP 80695,
249.62894,-39.15233,6.93,HIP 81477,
253.51056,-54.43831,6.93,HIP 82678,
255.22796,-76.21872,6.93,HIP 83247,
257.03456,-48.88377,6.93,HIP 83849,
257.56224,-19.43627,6.93,HIP 83998,
258.92118,-9.80881,6.93,HIP 84430,
259.87459,-45.63996,6.93,HIP 84757,
266.36360,11.14470,6.93,HIP 86906,
266.45672,-64.32528,6.93,HIP 86935,
270.97555,26.65125,6.93,HIP 88474,
274.62696,-34.68612,6.93,HIP 89708,
278.28525,40.53233,6.93,HIP 90948,
280.09419,8.86845,6.93,HIP 91571,
281.51477,-42.56637,6.93,HIP 92085,
282.53685,-3.62267,6.93,HIP 92426,
283.30656,-73.62967,6.93,HIP 92690,
284.54486,-20.42376,6.93,HIP 93118,
286.04064,17.55609,6.93,HIP 93645,
289.21755,-10.97177,6.93,HIP 94757,
289.22126,63.20740,6.93,HIP 94760,
289.28787,39.02863,6.93,HIP 94781,
292.74249,-14.56322,6.93,HIP 95974,
294.32329,38.59421,6.93,HIP 96517,
294.54039,17.24322,6.93,HIP 96588,
300.24475,31.23046,6.93,HIP 98525,
300.69711,28.51483,6.93,HIP 98699,
301.33474,0.45450,6.93,HIP 98945,
302.52445,-43.89424,6.93,HIP 99364,
303.79430,-3.50358,6.93,HIP 99816,
304.20942,-3.49168,6.93,HIP 99956,
304.62522,-72.80813,6.93,HIP 100110,
305.11859,-19.64718,6.93,HIP 100290,
309.53602,-4.38184,6.93,HIP 101827,
310.94863,23.79111,6.93,HIP 102309,
313.74054,33.76400,6.93,HIP 103242,
314.41524,26.40508,6.93,HIP 103455,
317.89290,-56.51720,6.93,HIP 104620,
318.82200,-58.92961,6.93,HIP 104929,
320.08560,33.48543,6.93,HIP 105352,
320.65423,-5.63332,6.93,HIP 105550,
320.93745,69.53444,6.93,HIP 105635,
324.13583,-5.05252,6.93,HIP 106686,
325.26576,34.67515,6.93,HIP 107066,
330.01408,65.43277,6.93,HIP 108603,
331.12951,10.24031,6.93,HIP 108963,
331.30779,63.57842,6.93,HIP 109029,
332.43538,64.12237,6.93,HIP 109393,
333.12066,76.46188,6.93,HIP 109629,
333.35991,-11.92612,6.93,40 Aqr,
335.85270,-46.66859,6.93,HIP 110520,
339.81678,-10.02780,6.93,64 Aqr,
340.74204,1.21734,6.93,HIP 112153,
341.14134,-63.95391,6.93,HIP 112281,
342.32153,-23.09255,6.93,HIP 112693,
343.22601,38.61601,6.93,HIP 112987,
348.99303,-1.42389,6.93,HIP 114864,
349.10607,-55.52693,6.93,HIP 114899,
349.24412,-18.87320,6.93,HIP 114951,
353.49252,43.90424,6.93,HIP 116312,
356.18930,43.74627,6.93,HIP 117129,
6.59088,49.04899,6.94,HIP 2087,
8.04741,53.81510,6.94,HIP 2537,
8.12502,51.72826,6.94,HIP 2557,
10.65829,52.33715,6.94,HIP 3346,
11.22767,-63.19662,6.94,HIP 3517,
20.45357,-66.38413,6.94,HIP 6369,
24.58299,2.58607,6.94,HIP 7632,
25.94601,55.87749,6.94,HIP 8081,
27.94961,75.58959,6.94,HIP 8690,
29.51574,31.13438,6.94,HIP 9171,
34.93534,60.02954,6.94,HIP 10856,
40.57695,34.29474,6.94,HIP 12628,
42.18209,31.11519,6.94,HIP 13118,
42.18513,-73.84150,6.94,HIP 13119,
48.29403,31.06905,6.94,HIP 14988,
54.97268,-28.51149,6.94,HIP 17108,
59.56345,-49.60999,6.94,HIP 18554,
61.40273,-31.05096,6.94,HIP 19091,
63.75121,-16.18073,6.94,HIP 19820,
63.85745,6.19965,6.94,HR 1321,
66.77025,18.20754,6.94,HIP 20780,
68.27964,67.63143,6.94,HIP 21219,
72.93109,45.83416,6.94,HIP 22596,
79.87992,-25.12419,6.94,HIP 24840,
81.81092,-34.61436,6.94,HIP 25504,
87.17087,-1.78557,6.94,HIP 27446,
87.76359,11.49889,6.94,HIP 27641,
91.05439,-14.08432,6.94,HIP 28743,
91.17848,-1.58046,6.94,HIP 28792,
91.78916,9.16598,6.94,HIP 29002,
91.85768,36.27465,6.94,HIP 29024,
93.26175,-4.93528,6.94,HIP 29513,
95.02845,-7.87198,6.94,HIP 30105,
97.06101,-77.29088,6.94,HIP 30795,
97.21062,52.44877,6.94,HIP 30869,
98.72604,-30.09202,6.94,HIP 31398,
99.69969,6.90188,6.94,HIP 31787,
100.49874,-16.00721,6.94,HIP 32069,
104.54895,22.47589,6.94,HIP 33537,
107.60195,-55.58771,6.94,HIP 34631,
112.27410,-18.87521,6.94,HIP 36364,
114.27389,16.90425,6.94,HIP 37074,
115.83422,-22.29858,6.94,HIP 37632,
118.03526,-3.05413,6.94,HIP 38410,
122.66820,2.94948,6.94,HIP 40036,
122.82814,-45.81812,6.94,HIP 40088,
124.36812,-32.87005,6.94,HIP 40608,
126.52600,-8.51511,6.94,HIP 41343,
128.78904,0.36262,6.94,HIP 42119,
129.92043,-29.08267,6.94,HIP 42482,
132.48941,6.54717,6.94,HIP 43362,
135.22227,-24.15364,6.94,HIP 44268,
135.71590,-32.44006,6.94,HIP 44415,
137.02284,-58.12961,6.94,HIP 44827,
140.63420,49.54482,6.94,HIP 45974,
142.59813,21.81269,6.94,HIP 46621,
146.56722,-33.50825,6.94,HIP 47950,
146.87768,63.24781,6.94,HIP 48034,
152.34147,-61.54901,6.94,HR 3999,
158.78580,41.90893,6.94,HIP 51813,
161.90303,65.61664,6.94,HIP 52794,
162.24024,-27.91779,6.94,HIP 52883,
165.45721,-64.30391,6.94,HIP 53909,
169.61963,42.31636,6.94,HIP 55218,
171.09066,-5.90998,6.94,HIP 55666,
175.60643,2.36211,6.94,HIP 57107,
176.75380,23.72047,6.94,HIP 57488,
180.01959,19.41937,6.94,HIP 58519,
182.34673,-63.82032,6.94,HIP 59265,
185.02024,13.85505,6.94,HIP 60150,
190.28235,30.43712,6.94,HIP 61902,
194.64096,28.31957,6.94,HIP 63320,
194.71973,-39.10565,6.94,HIP 63350,
197.27372,18.62571,6.94,HIP 64169,
202.07814,31.14923,6.94,HIP 65709,
202.40070,-47.87582,6.94,HIP 65822,
208.01214,-47.86574,6.94,HIP 67700,
209.42844,53.91006,6.94,HIP 68196,
218.36441,-33.31606,6.94,HIP 71179,
218.45718,-67.61765,6.94,HIP 71216,
223.37994,19.88840,6.94,HIP 72859,
224.38314,-25.44178,6.94,HIP 73189,
225.00149,-36.03057,6.94,HIP 73398,
232.47427,80.77106,6.94,HIP 75874,
234.89540,-55.42707,6.94,HIP 76687,
235.84285,11.71101,6.94,HIP 77001,
236.82120,-0.26992,6.94,HIP 77335,
237.10410,-13.49928,6.94,HIP 77433,
238.92614,-8.64764,6.94,HIP 78003,
239.18968,12.47793,6.94,HIP 78097,
247.79484,-34.33280,6.94,HIP 80895,
248.39523,-62.12157,6.94,HIP 81077,
257.82051,24.25241,6.94,HIP 84070,
258.93623,-51.08327,6.94,HIP 84434,
260.23631,66.56272,6.94,HIP 84890,
260.76846,-7.10456,6.94,HIP 85064,
262.64132,-43.22607,6.94,HIP 85682,
263.68930,34.75144,6.94,HIP 86016,
264.00267,-38.10224,6.94,HIP 86119,
266.94813,-34.31068,6.94,HIP 87102,
270.59497,-60.13730,6.94,HIP 88328,
273.04611,33.29170,6.94,HIP 89198,
273.45292,-43.20434,6.94,HIP 89345,
273.91743,-33.09157,6.94,HIP 89486,
273.96210,-36.57376,6.94,HIP 89502,
275.08913,-56.21568,6.94,HIP 89872,
275.25951,-15.23068,6.94,HIP 89938,
276.94122,24.69741,6.94,HIP 90483,
279.17265,-56.22698,6.94,HIP 91245,
279.34968,77.68682,6.94,HIP 91298,
281.99656,-16.77645,6.94,HIP 92246,
282.06155,-33.90819,6.94,HIP 92268,
282.09066,-37.01351,6.94,HIP 92275,
282.09438,15.39413,6.94,HIP 92279,
284.61828,-64.00147,6.94,HIP 93151,
285.49017,19.12487,6.94,HIP 93453,
286.00802,16.46331,6.94,HIP 93632,
287.68637,-76.40468,6.94,HIP 94208,
288.01365,2.62259,6.94,HIP 94331,
289.74609,-33.27829,6.94,HIP 94926,
290.40044,52.37640,6.94,HIP 95156,
290.60695,-31.93662,6.94,HIP 95226,
293.42586,-34.19770,6.94,HIP 96199,
296.46492,46.48554,6.94,HIP 97243,
298.70860,60.61497,6.94,HIP 97989,
305.33946,63.43169,6.94,HIP 100372,
307.28650,12.68105,6.94,HIP 101055,
310.07359,3.44128,6.94,HIP 102010,
310.63993,-84.40711,6.94,HIP 102205,
312.04061,2.71547,6.94,HIP 102653,
315.90009,81.16092,6.94,HIP 103938,
316.42066,-44.94907,6.94,HIP 104125,
322.27639,44.92308,6.94,HIP 106071,
331.51742,-43.96622,6.94,HIP 109108,
332.54283,56.08389,6.94,HIP 109424,
335.36985,14.37017,6.94,HIP 110383,
335.86505,0.60862,6.94,HIP 110522,
336.10392,16.26295,6.94,HIP 110600,
336.56018,-2.78898,6.94,HIP 110753,
337.56558,-42.29107,6.94,HIP 111085,
338.14191,-6.46718,6.94,HIP 111274,
342.86108,26.39102,6.94,HIP 112871,
343.36480,-5.98804,6.94,HIP 113028,
347.53960,57.44834,6.94,HIP 114406,
349.72845,-30.55285,6.94,HIP 115113,
350.00271,61.14985,6.94,HIP 115198,
352.21671,53.66682,6.94,HIP 115899,
354.99951,-47.32650,6.94,HIP 116774,
358.25033,41.34570,6.94,HIP 117769,
358.90809,46.35829,6.94,HIP 117963,
3.61677,-14.43178,6.95,HIP 1161,
4.22916,23.25619,6.95,HIP 1353,
5.70780,29.45428,6.95,HIP 1799,
6.80187,49.98573,6.95,HIP 2151,
7.37232,-3.46928,6.95,HIP 2312,
8.87124,54.20350,6.95,HIP 2782,
10.39400,65.86822,6.95,HIP 3267,
11.44146,56.77489,6.95,HIP 3584,
11.68681,21.62433,6.95,HIP 3650,
12.26942,14.80920,6.95,HIP 3823,
20.02044,41.97053,6.95,HIP 6241,
26.23986,-28.72655,6.95,HIP 8160,
27.91700,-13.23382,6.95,HIP 8672,
37.39693,9.00634,6.95,HIP 11602,
43.52942,-10.44229,6.95,HIP 13520,
46.80340,-1.80275,6.95,HIP 14494,
47.36748,37.30146,6.95,HIP 14666,
47.70482,10.00590,6.95,HIP 14778,
49.63558,44.71955,6.95,HIP 15399,
57.25102,-26.03259,6.95,HIP 17838,
57.71844,23.96147,6.95,HIP 17999,
60.74922,-48.36878,6.95,HIP 18894,
61.96415,62.33010,6.95,HR 1260,
62.19712,50.20047,6.95,HIP 19356,
62.49574,-25.04187,6.95,HIP 19453,
64.87910,-8.11957,6.95,HIP 20179,
65.01142,78.07959,6.95,HIP 20225,
72.17556,18.70943,6.95,HIP 22349,
73.32046,-38.14424,6.95,HIP 22724,
74.26038,49.92207,6.95,HIP 23020,
74.97396,27.32560,6.95,HIP 23228,
75.75868,-42.49791,6.95,HIP 23495,
79.09935,-33.53782,6.95,HIP 24577,
82.74975,-10.08109,6.95,HIP 25840,
85.99414,54.86482,6.95,HIP 27027,
86.17265,12.41532,6.95,HIP 27091,
89.28212,55.94729,6.95,HIP 28168,
91.05030,25.44394,6.95,HIP 28742,
92.02674,-15.90124,6.95,HIP 29083,
92.87395,43.16517,6.95,HIP 29373,
94.84385,23.27451,6.95,12 Gem,
94.99944,-61.32961,6.95,HIP 30094,
96.08811,-16.22456,6.95,HIP 30469,
96.91796,30.64518,6.95,HIP 30747,
101.18422,-61.22423,6.95,HIP 32309,
101.34793,24.67247,6.95,HIP 32369,
101.68599,-47.80446,6.95,HIP 32481,
103.35906,51.51803,6.95,HIP 33085,
103.53159,32.51137,6.95,HIP 33150,
105.39003,-27.22294,6.95,HIP 33846,
108.45718,10.69078,6.95,HIP 34942,
111.07268,-18.34816,6.95,HIP 35922,
112.83298,-14.96560,6.95,HIP 36569,
114.62009,66.23517,6.95,HIP 37196,
115.10940,-30.07972,6.95,HIP 37385,
115.52776,-30.18631,6.95,HIP 37524,
116.51480,-23.14165,6.95,HIP 37906,
116.60034,-49.24104,6.95,HIP 37932,
118.41065,-23.31372,6.95,HIP 38551,
118.45527,-26.26209,6.95,HIP 38571,
119.68824,5.62327,6.95,HIP 38987,
125.69767,-0.86759,6.95,HIP 41068,
126.34272,-55.74861,6.95,HIP 41285,
130.22252,-48.22551,6.95,HIP 42595,
130.71372,73.16921,6.95,HIP 42760,
131.40766,37.29160,6.95,HIP 42983,
134.30682,2.52488,6.95,HIP 43966,
136.90735,31.20056,6.95,HIP 44781,
141.48664,-17.94735,6.95,HIP 46259,
142.32698,-3.16544,6.95,HIP 46522,
154.91961,-59.14609,6.95,HIP 50561,
156.09246,34.17640,6.95,HIP 50951,
158.96517,-49.23107,6.95,HIP 51870,
163.68026,-42.01815,6.95,HIP 53356,
165.45539,29.87132,6.95,HIP 53906,
172.70789,41.28687,6.95,HIP 56165,
174.24174,-38.95954,6.95,HIP 56649,
174.69604,-40.30312,6.95,HIP 56813,
180.43569,-69.19789,6.95,HIP 58662,
182.84082,-3.77887,6.95,HIP 59422,
184.48134,-24.01341,6.95,HIP 59966,
187.67776,-73.08872,6.95,HIP 61045,
187.72333,71.29993,6.95,HIP 61058,
189.27845,-2.32210,6.95,HIP 61578,
189.53029,-55.93122,6.95,HIP 61639,
191.91342,-58.29757,6.95,HIP 62428,
193.56043,75.40930,6.95,HIP 62975,
193.79620,3.04932,6.95,HIP 63056,
194.54088,-23.05514,6.95,HIP 63286,
194.67047,-36.27520,6.95,HIP 63331,
195.07026,-48.60371,6.95,HIP 63464,
196.56488,-55.61167,6.95,HIP 63943,
198.68797,-10.37038,6.95,56 Vir,
199.02773,-57.06159,6.95,HIP 64739,
207.31877,-40.51640,6.95,HIP 67438,
208.16171,-18.70901,6.95,HIP 67744,
209.19994,-46.38601,6.95,HIP 68124,
209.74964,-6.92523,6.95,HIP 68309,
211.19143,25.81774,6.95,HIP 68785,
212.68072,15.29076,6.95,HIP 69260,
213.64581,-66.15415,6.95,HIP 69584,
214.36530,-19.96377,6.95,HIP 69828,
214.97874,67.78249,6.95,HIP 70041,
219.50304,51.57835,6.95,HIP 71548,
222.91905,83.93748,6.95,HIP 72687,
223.57507,32.01686,6.95,HIP 72927,
224.42328,24.67411,6.95,HIP 73203,
229.84086,-9.14652,6.95,HIP 74982,
233.79942,49.99464,6.95,HIP 76303,
235.60724,-49.21755,6.95,HIP 76924,
241.18538,-39.43466,6.95,HIP 78756,
242.88969,-27.15085,6.95,HIP 79343,
243.94698,53.23667,6.95,HIP 79685,
249.09292,33.82178,6.95,HIP 81303,
251.29770,-3.08494,6.95,HIP 82011,
257.48697,26.45537,6.95,HIP 83975,
260.27940,1.44305,6.95,HIP 84905,
268.69952,-34.54217,6.95,HIP 87698,
269.46251,2.25356,6.95,HIP 87939,
270.71220,75.79019,6.95,HIP 88379,
276.88048,-15.37363,6.95,HIP 90459,
277.67154,4.51084,6.95,HIP 90728,
278.13864,-35.34961,6.95,HIP 90904,
279.03267,-6.74206,6.95,HIP 91185,
279.38685,-12.34987,6.95,HIP 91314,
280.66590,-15.52197,6.95,HIP 91758,
280.71094,47.57523,6.95,HIP 91775,
280.88181,-11.33701,6.95,HIP 91847,
281.46387,-10.49279,6.95,HIP 92062,
288.10150,36.18223,6.95,HIP 94366,
289.73326,73.55090,6.95,HIP 94921,
289.88289,22.57075,6.95,HIP 94969,
290.27846,-1.17647,6.95,HIP 95126,
292.33937,31.60866,6.95,HIP 95821,
292.93026,5.76908,6.95,HIP 96047,
294.85036,-69.33788,6.95,HIP 96686,
294.89472,-69.60246,6.95,HIP 96708,
295.76873,39.99712,6.95,HIP 97018,
297.03589,13.45443,6.95,HIP 97431,
299.55561,-36.68693,6.95,HIP 98287,
300.43845,44.11905,6.95,HIP 98610,
302.30580,19.07314,6.95,HIP 99281,
306.10746,24.27762,6.95,HIP 100643,
309.00288,79.43039,6.95,HIP 101634,
310.32978,-17.37845,6.95,HIP 102085,
310.81668,-29.42391,6.95,HIP 102264,
311.17056,-35.82756,6.95,HIP 102381,
314.49881,8.06235,6.95,HIP 103483,
314.68803,-3.84146,6.95,HIP 103550,
318.69234,16.47919,6.95,HIP 104884,
320.68867,-48.45741,6.95,HIP 105560,
322.50372,45.49419,6.95,HIP 106145,
322.84094,-83.03365,6.95,HIP 106259,
323.60760,66.72645,6.95,HIP 106515,
329.61840,3.77692,6.95,HIP 108473,
329.67027,29.81263,6.95,HIP 108490,
330.56665,36.98281,6.95,HIP 108789,
335.46569,63.13998,6.95,HIP 110410,
337.67879,-44.09367,6.95,HIP 111127,
339.73554,-39.15492,6.95,HIP 111819,
341.84033,14.12312,6.95,HIP 112505,
353.79539,12.66201,6.95,HIP 116396,
355.96571,-33.42778,6.95,HIP 117057,
357.14744,36.27454,6.95,HIP 117426,
357.33138,-27.85425,6.95,HIP 117481,
357.60181,63.74363,6.95,HIP 117553,
357.96839,37.89123,6.95,HIP 117673,
0.85945,-36.25119,6.96,HIP 277,
4.96199,-2.47888,6.96,HIP 1587,
9.44037,72.89485,6.96,HIP 2968,
20.57440,18.68270,6.96,HIP 6405,
21.87226,-45.84619,6.96,HIP 6799,
22.07867,-49.00583,6.96,HIP 6861,
23.13555,70.01942,6.96,HIP 7182,
23.71905,8.27485,6.96,HIP 7366,
25.53908,66.79233,6.96,HIP 7956,
31.58406,-15.44627,6.96,HIP 9819,
33.86950,52.51109,6.96,HIP 10514,
35.81061,-29.86932,6.96,HIP 11131,
37.04476,-50.30272,6.96,HIP 11488,
38.88135,-50.85340,6.96,HIP 12060,
41.06085,-25.49539,6.96,HIP 12780,
43.70766,20.37307,6.96,HIP 13571,
47.99523,46.12860,6.96,HIP 14871,
49.28751,6.79989,6.96,HIP 15279,
54.36642,31.12022,6.96,HIP 16900,
54.54259,-59.77638,6.96,HIP 16959,
54.94659,-6.77717,6.96,HIP 17101,
55.19763,-2.33268,6.96,HIP 17183,
55.43982,-47.77573,6.96,HIP 17256,
57.12538,24.34552,6.96,HIP 17791,
59.70768,57.45089,6.96,HIP 18602,
64.77647,-79.52094,6.96,HIP 20144,
66.09279,17.07895,6.96,HIP 20567,
72.19594,-60.25894,6.96,HIP 22358,
77.14724,28.27345,6.96,HIP 23933,
79.36485,60.18168,6.96,HIP 24658,
82.68645,-57.16005,6.96,HIP 25807,
84.90335,37.98889,6.96,HIP 26632,
85.01212,43.32436,6.96,HIP 26666,
90.63885,13.02545,6.96,HIP 28621,
91.68606,-24.92674,6.96,HIP 28966,
91.98327,36.06528,6.96,HIP 29068,
95.35429,-60.02197,6.96,HIP 30215,
95.42409,-8.23605,6.96,HIP 30238,
95.82662,-14.83535,6.96,HIP 30381,
97.61174,-3.02210,6.96,HIP 31010,
98.24043,-48.54452,6.96,HIP 31223,
98.36397,-32.22638,6.96,HIP 31269,
99.65160,61.47772,6.96,10 Lyn,
99.93158,58.09503,6.96,HIP 31872,
100.34342,-7.16871,6.96,HIP 32022,
104.78045,-60.84203,6.96,HIP 33622,
107.38462,-6.04392,6.96,HIP 34559,
107.53617,62.13589,6.96,HIP 34615,
109.71885,38.67359,6.96,HIP 35431,
109.87823,26.82292,6.96,HIP 35494,
110.46135,75.08952,6.96,HIP 35690,
110.59622,-20.50666,6.96,HIP 35746,
112.62117,2.26225,6.96,HIP 36492,
112.74629,-2.16489,6.96,HIP 36541,
113.84817,-15.38250,6.96,HIP 36918,
114.41732,22.34006,6.96,HIP 37121,
117.70236,5.85931,6.96,HIP 38301,
124.65558,-14.56642,6.96,HIP 40713,
125.53411,-40.99146,6.96,HIP 41006,
126.22176,76.96488,6.96,HIP 41239,
126.98172,3.21856,6.96,HIP 41508,
131.93300,-38.94148,6.96,HIP 43179,
134.97348,-22.69152,6.96,HIP 44175,
138.84316,-8.48272,6.96,HIP 45422,
139.16697,-49.57870,6.96,HIP 45522,
139.38721,0.55488,6.96,HIP 45592,
141.70380,-19.15512,6.96,HIP 46336,
144.20401,27.75851,6.96,HIP 47173,
145.14685,13.05378,6.96,HIP 47468,
152.71776,-15.70919,6.96,HIP 49858,
155.11431,-72.13024,6.96,HIP 50626,
160.59162,-47.22028,6.96,HIP 52378,
161.82950,-57.32542,6.96,HIP 52762,
161.92854,-15.10980,6.96,HIP 52804,
165.69257,-59.74099,6.96,HIP 53996,
169.43463,27.36222,6.96,HIP 55170,
172.23163,-43.47925,6.96,HIP 56024,
172.89813,-44.73846,6.96,HIP 56228,
175.24503,-55.57384,6.96,HIP 56992,
176.21849,-73.15054,6.96,HIP 57296,
177.29495,-7.36063,6.96,HIP 57641,
179.50120,67.81210,6.96,HIP 58358,
181.33381,-50.27056,6.96,HIP 58955,
183.65409,39.34225,6.96,HIP 59701,
185.78974,-7.29913,6.96,HIP 60407,
188.38581,7.67919,6.96,HIP 61292,
190.98306,-13.14192,6.96,HIP 62125,
191.14051,43.12660,6.96,HIP 62177,
198.25140,67.30969,6.96,HIP 64482,
200.06124,3.28753,6.96,HIP 65067,
202.04928,50.58729,6.96,HR 5079,
208.97676,-30.57822,6.96,HIP 68043,
213.75614,-40.90064,6.96,HIP 69625,
218.87285,-73.69431,6.96,HIP 71350,
222.42570,7.98675,6.96,HIP 72527,
223.12234,-48.24706,6.96,HIP 72763,
240.81723,-26.71710,6.96,HIP 78647,
243.35667,-4.05157,6.96,HIP 79503,
249.45422,27.04383,6.96,HIP 81426,
250.37583,4.87184,6.96,38 Her,
251.40887,55.31395,6.96,HIP 82051,
253.03230,-2.79833,6.96,HIP 82527,
256.53024,8.62318,6.96,HIP 83675,
259.33560,-30.16445,6.96,HIP 84576,
261.49775,-6.58183,6.96,HIP 85311,
261.65022,-62.92305,6.96,HIP 85363,
265.45738,23.75344,6.96,HIP 86599,
265.48271,4.36680,6.96,HIP 86611,
267.58810,-27.06167,6.96,HIP 87306,
268.31658,-34.62085,6.96,HIP 87560,
268.73217,-11.63182,6.96,HIP 87708,
271.71156,8.87594,6.96,HIP 88728,
274.95886,-17.75080,6.96,HIP 89823,
277.02957,-22.99964,6.96,HIP 90513,
278.08736,45.77440,6.96,HIP 90886,
279.31527,-40.80364,6.96,HIP 91292,
281.51877,18.48784,6.96,HIP 92089,
283.00920,59.66703,6.96,HIP 92594,
284.15824,28.19892,6.96,HIP 92986,
286.02546,-63.78469,6.96,HIP 93637,
287.23781,-18.68271,6.96,HIP 94062,
288.89752,-36.94937,6.96,HIP 94651,
290.89240,69.01469,6.96,HIP 95320,
297.54516,-45.37954,6.96,HIP 97593,
299.28457,30.77747,6.96,HIP 98182,
300.35505,-47.39735,6.96,HIP 98577,
301.28290,-46.09700,6.96,HIP 98918,
301.48336,4.77555,6.96,HIP 98998,
301.77580,36.82666,6.96,HIP 99097,
302.72664,30.78969,6.96,HIP 99431,
308.18228,16.76723,6.96,HIP 101371,
308.35643,-6.21939,6.96,HIP 101436,
310.87243,55.29180,6.96,HIP 102284,
312.06477,-4.64028,6.96,HIP 102666,
312.31144,-48.22448,6.96,HIP 102759,
313.42219,59.30763,6.96,HIP 103130,
315.68823,-19.24879,6.96,HIP 103865,
315.87304,29.09250,6.96,HIP 103930,
317.44119,19.21075,6.96,HIP 104471,
317.60214,-59.40774,6.96,HIP 104525,
318.05106,11.78150,6.96,HIP 104677,
318.92582,16.72760,6.96,HIP 104967,
319.61333,-47.00230,6.96,HIP 105185,
319.68927,50.06935,6.96,HIP 105219,
319.76301,-32.35613,6.96,HIP 105244,
322.46442,-43.50743,6.96,HIP 106128,
322.70236,31.95781,6.96,HIP 106215,
325.00784,9.18475,6.96,HIP 106981,
325.73349,54.56188,6.96,HIP 107215,
328.31125,-36.89663,6.96,HIP 108035,
328.67892,67.75380,6.96,HIP 108151,
331.05358,59.86716,6.96,HIP 108938,
335.98497,31.26175,6.96,HIP 110569,
338.21402,74.07334,6.96,HIP 111302,
339.88750,38.74846,6.96,HIP 111866,
347.66508,-5.96028,6.96,HIP 114445,
354.51498,43.07786,6.96,HIP 116626,
357.77833,2.23787,6.96,HIP 117607,
1.36767,-7.66542,6.97,HIP 458,
2.53332,-78.30072,6.97,HIP 829,
3.43790,-48.68419,6.97,HIP 1101,
3.51704,-74.91200,6.97,HIP 1126,
4.61993,62.20278,6.97,HIP 1486,
5.00179,38.22740,6.97,HIP 1598,
14.41524,1.78561,6.97,HIP 4500,
14.55297,70.49636,6.97,HIP 4550,
17.48721,33.88145,6.97,HIP 5465,
18.19466,-35.20556,6.97,HIP 5665,
20.49290,12.60417,6.97,HIP 6376,
23.31581,-24.17796,6.97,HIP 7235,
24.51546,-46.08382,6.97,HIP 7610,
25.12907,59.05282,6.97,HIP 7812,
28.86397,76.22456,6.97,HIP 8962,
28.92450,-84.75116,6.97,HIP 8976,
29.51353,49.64274,6.97,HIP 9169,
30.64691,-21.96578,6.97,HIP 9534,
32.34276,5.98620,6.97,HIP 10047,
36.64021,59.65891,6.97,HIP 11380,
37.71091,55.54840,6.97,HIP 11696,
46.82739,-13.76178,6.97,HIP 14501,
48.12908,-32.39662,6.97,HIP 14925,
53.65984,-62.55729,6.97,HIP 16682,
55.76964,-50.64308,6.97,HIP 17364,
56.38802,-25.91548,6.97,HIP 17553,
56.55785,71.61813,6.97,HIP 17602,
56.99604,-26.32861,6.97,HIP 17745,
57.60447,52.48190,6.97,HIP 17963,
59.25739,-40.03694,6.97,HIP 18482,
60.84216,48.84086,6.97,HIP 18923,
61.30983,-1.01182,6.97,HIP 19070,
62.21562,23.87114,6.97,HIP 19361,
62.76415,16.64699,6.97,HIP 19529,
65.17227,-16.82998,6.97,HIP 20269,
65.68404,15.05609,6.97,HIP 20440,
66.94791,-11.12433,6.97,HIP 20829,
74.60916,-3.73289,6.97,HIP 23116,
77.51607,27.55651,6.97,HIP 24046,
78.06237,40.10156,6.97,HIP 24239,
83.37816,24.62881,6.97,HIP 26062,
83.80327,-0.73535,6.97,HIP 26213,
84.68515,70.36446,6.97,HIP 26548,
85.34418,17.52218,6.97,HIP 26786,
87.04776,30.53520,6.97,HIP 27404,
87.96107,23.38279,6.97,HIP 27696,
90.14888,-58.10209,6.97,HIP 28464,
96.30345,32.27176,6.97,HIP 30540,
96.80038,-60.72858,6.97,HIP 30714,
100.52169,-15.21525,6.97,HIP 32076,
102.74795,5.84231,6.97,HIP 32872,
105.99320,40.58219,6.97,HIP 34068,
106.10639,-10.45437,6.97,HIP 34116,
108.78632,-14.60945,6.97,HIP 35072,
111.60542,-10.08950,6.97,HIP 36120,
113.78088,48.68087,6.97,HIP 36893,
114.46485,-6.95801,6.97,HIP 37138,
114.82000,-49.05140,6.97,HIP 37276,
115.87960,3.48587,6.97,HIP 37645,
116.55836,51.02567,6.97,HIP 37917,
117.17383,-31.61781,6.97,HIP 38118,
118.75830,12.56949,6.97,HIP 38669,
120.13394,29.21236,6.97,HIP 39157,
120.73422,-40.40255,6.97,HIP 39373,
121.37157,-10.12305,6.97,HIP 39595,
121.49511,-19.89251,6.97,HIP 39634,
121.77311,-47.79384,6.97,HIP 39716,
123.13635,-54.14645,6.97,HIP 40188,
124.18564,-21.88208,6.97,HIP 40543,
126.21984,-23.68910,6.97,HIP 41236,
127.02983,46.24878,6.97,HIP 41525,
129.04257,-56.71236,6.97,HIP 42191,
133.55320,-43.49896,6.97,HIP 43717,
134.23723,56.88894,6.97,HIP 43933,
138.71663,-1.58711,6.97,HIP 45378,
139.44021,23.07882,6.97,HIP 45606,
140.62240,-17.89402,6.97,HIP 45968,
141.75340,-16.01317,6.97,HIP 46350,
144.00888,20.04558,6.97,HIP 47104,
144.36945,-49.99094,6.97,HIP 47225,
145.61626,-46.86516,6.97,HIP 47608,
146.51145,65.62712,6.97,HIP 47929,
146.76649,-31.26812,6.97,HIP 47999,
151.30007,-28.19704,6.97,HIP 49411,
152.45082,-47.44617,6.97,HIP 49788,
153.53500,-7.99350,6.97,21 Sex,
155.18448,-5.38207,6.97,HIP 50658,
156.49443,2.92921,6.97,HIP 51061,
158.22762,-22.52761,6.97,HIP 51633,
159.71413,-64.49801,6.97,HIP 52116,
159.99237,-49.27965,6.97,HIP 52204,
161.33542,45.56632,6.97,HIP 52599,
161.60819,-63.29969,6.97,HIP 52690,
161.88915,-31.60323,6.97,HIP 52789,
165.93676,25.77465,6.97,HIP 54063,
172.24703,10.03792,6.97,HIP 56028,
173.76441,-56.12232,6.97,HIP 56507,
174.19028,-24.43917,6.97,HIP 56639,
174.79444,-57.73953,6.97,HIP 56841,
175.98597,-29.74771,6.97,HIP 57217,
178.85214,25.52222,6.97,HIP 58135,
182.15521,26.49355,6.97,HIP 59210,
182.67535,-56.44231,6.97,HIP 59360,
184.15971,-63.19790,6.97,HIP 59865,
187.99672,-41.05513,6.97,HIP 61162,
190.45158,9.88607,6.97,HIP 61950,
192.44595,-15.07892,6.97,HIP 62611,
192.96082,-31.20192,6.97,HIP 62773,
193.77927,-13.45275,6.97,HIP 63046,
194.16174,43.55201,6.97,HIP 63179,
195.01272,-36.18218,6.97,HIP 63445,
200.28053,47.26974,6.97,HIP 65154,
204.51444,-42.76499,6.97,HIP 66515,
204.83352,-67.67082,6.97,HIP 66618,
208.58355,-32.44552,6.97,HIP 67892,
208.74701,-55.02149,6.97,HIP 67956,
208.75724,-19.21727,6.97,HIP 67958,
209.17963,-38.31913,6.97,HIP 68114,
216.18300,-40.75516,6.97,HIP 70455,
217.49320,-56.13124,6.97,HIP 70904,
220.13398,-14.04675,6.97,HIP 71745,
221.24619,-61.52166,6.97,HIP 72103,
221.40068,8.15968,6.97,HIP 72162,
223.77357,-61.87394,6.97,HIP 72995,
227.26381,-61.88759,6.97,HIP 74147,
228.92270,25.64254,6.97,HIP 74678,
231.23838,-72.04635,6.97,HIP 75461,
231.52236,-21.38023,6.97,HIP 75552,
231.62615,10.03606,6.97,HIP 75584,
231.70983,-20.00508,6.97,HIP 75607,
234.67330,-45.70876,6.97,HIP 76606,
238.84536,-44.52601,6.97,HIP 77968,
239.83461,-33.01219,6.97,HIP 78306,
240.76463,-5.83455,6.97,HIP 78624,
247.06287,-25.45401,6.97,HIP 80673,
247.62385,33.75088,6.97,HIP 80839,
247.87759,8.29410,6.97,HIP 80926,
249.64477,-18.82570,6.97,HIP 81486,
254.15766,-30.58006,6.97,HIP 82912,
255.82473,-31.61462,6.97,HIP 83448,
260.11503,-29.36502,6.97,HIP 84846,
266.66929,25.74915,6.97,HIP 87001,
267.76751,8.53083,6.97,HIP 87363,
268.07111,-31.32815,6.97,HIP 87466,
271.25155,16.92666,6.97,HIP 88563,
271.49971,57.35936,6.97,HIP 88654,
272.22714,-29.99294,6.97,HIP 88907,
273.21681,22.82503,6.97,HIP 89255,
278.12154,-18.97266,6.97,HIP 90900,
278.25843,-16.56019,6.97,HIP 90939,
282.15116,45.26176,6.97,HIP 92291,
283.25375,71.78723,6.97,HIP 92672,
285.82446,25.82612,6.97,HIP 93553,
288.93212,40.35992,6.97,HIP 94659,
290.10287,-10.56037,6.97,HIP 95049,
293.79255,74.37748,6.97,HIP 96335,
295.18800,-7.51234,6.97,HIP 96813,
296.20306,29.26469,6.97,HR 7518,
297.28566,27.73169,6.97,HIP 97509,
299.15739,23.88855,6.97,HIP 98131,
299.30516,0.35206,6.97,HIP 98191,
300.36126,10.74862,6.97,HIP 98578,
301.75000,66.30800,6.97,HIP 99090,
302.33573,68.59955,6.97,HIP 99291,
302.68453,41.24702,6.97,HIP 99420,
304.27720,-21.31791,6.97,HIP 99990,
306.05793,-14.11396,6.97,HIP 100623,
306.17790,-29.07784,6.97,HIP 100674,
308.50756,-12.34367,6.97,HIP 101492,
308.63254,6.87809,6.97,HIP 101526,
309.43469,33.36649,6.97,HIP 101788,
311.19498,20.48970,6.97,HIP 102384,
317.24111,47.27100,6.97,HIP 104396,
321.72809,10.66784,6.97,HIP 105902,
322.74642,70.82322,6.97,HIP 106226,
333.69550,4.28248,6.97,HIP 109837,
340.70496,0.23184,6.97,HIP 112131,
346.20914,-27.13606,6.97,HIP 113967,
350.96495,65.34335,6.97,HIP 115503,
351.07938,23.75991,6.97,HIP 115549,
351.41440,24.95373,6.97,HIP 115646,
355.27281,46.21826,6.97,HIP 116849,
356.60629,28.70361,6.97,HIP 117246,
357.23259,-46.84214,6.97,HIP 117453,
358.78062,47.72853,6.97,HIP 117925,
3.91095,5.84385,6.98,HIP 1249,
4.16425,1.85061,6.98,HIP 1325,
6.67478,-69.30711,6.98,HIP 2106,
10.82287,-45.18134,6.98,HIP 3397,
12.79519,-5.03928,6.98,HIP 3979,
14.23107,64.53228,6.98,HIP 4449,
17.56497,-56.86296,6.98,HIP 5488,
21.90715,66.07697,6.98,HIP 6811,
25.65351,60.54805,6.98,HIP 7989,
29.13406,41.89208,6.98,HIP 9045,
29.35105,-36.05742,6.98,HIP 9112,
32.08236,-10.04134,6.98,HIP 9966,
34.74895,85.73616,6.98,HIP 10800,
38.49437,59.21212,6.98,HIP 11932,
38.60809,11.60482,6.98,HIP 11971,
38.66785,50.06576,6.98,HIP 11997,
39.75336,-8.92789,6.98,HIP 12350,
47.99033,-39.36589,6.98,HIP 14868,
55.68825,69.84565,6.98,HIP 17347,
56.82144,23.72675,6.98,HIP 17684,
56.99523,-2.86142,6.98,HIP 17744,
59.39637,36.49129,6.98,HIP 18518,
60.79648,78.20277,6.98,HIP 18913,
62.23672,41.50402,6.98,HIP 19370,
62.80526,41.74739,6.98,HIP 19550,
63.49500,-32.04207,6.98,HIP 19743,
64.80456,42.38119,6.98,HIP 20155,
65.98266,-66.73712,6.98,HIP 20529,
69.52446,46.23365,6.98,HIP 21583,
78.44306,-35.82539,6.98,HR 1715,
79.39793,-15.21956,6.98,HIP 24670,
80.48781,42.28599,6.98,HIP 25064,
83.70079,-0.95364,6.98,HIP 26174,
85.07858,15.35008,6.98,HIP 26692,
90.20550,2.91601,6.98,HIP 28485,
93.62625,-29.60429,6.98,HIP 29619,
93.84174,16.43094,6.98,HIP 29694,
96.07245,43.23034,6.98,HIP 30466,
97.59111,22.54492,6.98,HIP 31000,
98.07297,8.81796,6.98,HIP 31155,
102.75178,25.76036,6.98,HIP 32874,
103.73648,21.57137,6.98,HIP 33239,
110.58182,-16.31130,6.98,HIP 35740,
113.19230,-53.55524,6.98,HIP 36682,
116.89671,-47.01295,6.98,HIP 38028,
119.66022,-27.57753,6.98,HIP 38983,
119.76644,-4.33242,6.98,HIP 39017,
121.24431,-3.49581,6.98,HIP 39556,
123.73275,-17.27596,6.98,HIP 40406,
124.10487,-39.75309,6.98,HIP 40520,
124.78623,16.12186,6.98,HIP 40754,
129.06485,42.57986,6.98,HIP 42197,
133.37232,-11.39186,6.98,HIP 43651,
133.74326,-3.55558,6.98,HIP 43774,
134.69311,-16.74858,6.98,HIP 44083,
137.54312,-16.86261,6.98,HIP 45018,
137.86195,8.97599,6.98,HIP 45111,
139.25584,77.07419,6.98,HIP 45550,
139.74166,-16.80080,6.98,HIP 45697,
140.35620,16.59830,6.98,HIP 45894,
141.40139,-53.25182,6.98,HIP 46236,
142.36914,-44.53235,6.98,HIP 46535,
147.18120,-9.91864,6.98,HIP 48126,
150.63826,-13.29651,6.98,HIP 49202,
156.59514,54.40748,6.98,HIP 51097,
157.62915,2.15020,6.98,31 Sex,
159.21314,-22.66528,6.98,HIP 51958,
166.50933,1.21066,6.98,HIP 54260,
168.72796,-68.32789,6.98,HIP 54931,
168.76006,-33.31774,6.98,HIP 54938,
182.00245,0.62130,6.98,HIP 59164,
183.04293,-63.45412,6.98,HIP 59502,
186.11736,-77.21470,6.98,HIP 60526,
188.54915,-32.09273,6.98,HIP 61347,
192.98665,-35.08241,6.98,HIP 62785,
195.79337,23.82657,6.98,HIP 63692,
198.60626,-75.17116,6.98,HIP 64598,
199.91004,-60.63518,6.98,HIP 65015,
201.38052,-68.52808,6.98,HIP 65503,
208.34629,33.78678,6.98,HIP 67803,
208.81793,-32.09923,6.98,HIP 67980,
209.69043,46.59624,6.98,HIP 68290,
213.42910,-11.83839,6.98,HIP 69500,
216.36516,-19.96584,6.98,HIP 70513,
219.18191,12.87813,6.98,HIP 71452,
222.59133,65.64584,6.98,HIP 72578,
223.54655,-66.42009,6.98,HIP 72921,
229.54082,-47.89992,6.98,HIP 74876,
233.54210,-33.17135,6.98,HIP 76217,
233.65058,67.80549,6.98,HIP 76256,
234.38045,-22.11702,6.98,HIP 76508,
234.50908,-54.52203,6.98,HIP 76549,
234.91645,16.31401,6.98,HIP 76699,
235.10289,-44.28857,6.98,HIP 76762,
235.35624,-65.06815,6.98,HIP 76843,
236.98521,-25.98695,6.98,HIP 77394,
247.21948,18.41406,6.98,HIP 80725,
247.56243,47.95238,6.98,HIP 80818,
248.03368,-12.43164,6.98,HIP 80974,
250.17714,72.67166,6.98,HIP 81646,
251.28612,-23.18405,6.98,15 Oph,
252.48819,15.37699,6.98,HIP 82372,
255.11511,75.22515,6.98,HIP 83218,
257.78510,56.65921,6.98,HIP 84062,
258.47120,-56.80058,6.98,HIP 84288,
262.97547,16.82401,6.98,HIP 85799,
266.07110,33.22612,6.98,HIP 86808,
267.17808,-39.89881,6.98,HIP 87181,
273.13418,24.45166,6.98,HIP 89230,
274.81799,15.82604,6.98,HIP 89777,
277.79787,-36.80922,6.98,HIP 90775,
282.30573,27.72016,6.98,HIP 92343,
282.78642,-39.17487,6.98,HIP 92508,
283.45252,-19.79713,6.98,HIP 92733,
284.76107,33.11722,6.98,HIP 93201,
288.47246,25.75882,6.98,HIP 94485,
288.53654,-22.06064,6.98,HIP 94510,
293.40383,3.76133,6.98,HIP 96196,
298.31648,28.09961,6.98,HIP 97867,
300.03455,17.61075,6.98,HIP 98443,
302.00483,42.38501,6.98,HIP 99170,
304.57107,25.64825,6.98,HIP 100088,
304.95699,45.36380,6.98,HIP 100241,
306.94224,-5.65423,6.98,HIP 100926,
307.10745,39.32896,6.98,HIP 100979,
308.10663,48.21648,6.98,HIP 101350,
309.83469,26.06761,6.98,HIP 101930,
311.31240,-15.79825,6.98,HIP 102419,
311.48751,7.37912,6.98,HIP 102474,
312.10647,68.03289,6.98,HIP 102684,
312.73752,48.03049,6.98,HIP 102912,
316.03382,-47.96092,6.98,HIP 103988,
317.24341,-28.47766,6.98,HIP 104398,
317.33241,-82.02726,6.98,HIP 104436,
317.84498,-52.33925,6.98,HIP 104604,
318.18885,2.64274,6.98,HIP 104717,
318.69396,64.75033,6.98,HIP 104886,
318.76585,-5.55189,6.98,HIP 104910,
319.40152,39.20994,6.98,HIP 105116,
321.16877,-68.22783,6.98,HIP 105712,
324.97398,39.51495,6.98,HIP 106969,
325.72771,23.32174,6.98,HIP 107214,
326.20086,2.99211,6.98,HIP 107367,
327.43933,-46.61098,6.98,HIP 107757,
327.99433,-55.77907,6.98,HIP 107928,
331.49399,53.62333,6.98,HIP 109096,
332.08073,-34.55600,6.98,HIP 109282,
332.52729,35.21388,6.98,HIP 109418,
334.50871,-62.81133,6.98,HIP 110088,
336.67361,-11.22820,6.98,54 Aqr,
337.63597,61.62377,6.98,HIP 111112,
343.17585,67.99017,6.98,HIP 112970,
344.80352,52.30298,6.98,HIP 113505,
346.76115,3.05224,6.98,HIP 114148,
347.70874,45.51227,6.98,HIP 114456,
349.50582,79.87433,6.98,HIP 115044,
1.41552,55.70990,6.99,HIP 472,
4.17929,36.62981,6.99,HIP 1333,
7.90563,9.16120,6.99,HIP 2491,
9.34350,-37.28808,6.99,HIP 2944,
14.19524,-2.72991,6.99,HIP 4439,
14.76269,27.65714,6.99,HIP 4608,
15.14717,-36.23824,6.99,HIP 4719,
15.82726,-41.02111,6.99,HIP 4935,
16.77996,20.15108,6.99,HIP 5248,
18.86782,20.41454,6.99,HIP 5878,
19.44990,49.00845,6.99,HIP 6060,
19.67588,72.87792,6.99,HIP 6133,
19.96557,58.20814,6.99,HIP 6229,
21.32964,16.25706,6.99,HIP 6649,
21.41943,2.97205,6.99,HIP 6679,
24.35461,25.16777,6.99,HIP 7564,
25.60031,32.96186,6.99,HIP 7969,
25.63335,-8.65951,6.99,HIP 7983,
26.43263,3.66722,6.99,HIP 8211,
31.36191,50.64321,6.99,HIP 9754,
31.94678,5.98484,6.99,HIP 9926,
33.85497,-41.06898,6.99,HIP 10507,
34.35536,28.74504,6.99,HIP 10680,
35.75178,57.38701,6.99,HIP 11115,
36.74173,26.04087,6.99,HIP 11405,
40.34004,4.42778,6.99,HIP 12540,
46.39782,36.79872,6.99,HIP 14387,
46.68030,-72.02487,6.99,HIP 14468,
51.33463,-4.65525,6.99,HIP 15946,
52.83290,27.57181,6.99,HIP 16410,
55.45071,62.64844,6.99,HIP 17257,
56.03808,-38.28177,6.99,HIP 17439,
56.83737,23.80335,6.99,HIP 17692,
58.57223,-27.66885,6.99,HIP 18254,
63.31240,-70.42045,6.99,HIP 19704,
63.48855,-37.03040,6.99,HIP 19741,
63.99583,-84.18123,6.99,HIP 19890,
67.72033,44.60294,6.99,HIP 21062,
74.87355,-49.45811,6.99,HIP 23196,
81.91434,-60.41600,6.99,HIP 25544,
82.12479,74.30746,6.99,HIP 25630,
82.98162,-16.67644,6.99,HIP 25922,
85.23487,-1.50718,6.99,HIP 26742,
85.40295,60.62294,6.99,HIP 26814,
86.22186,16.08609,6.99,128 Tau,
87.86608,18.44422,6.99,HIP 27666,
89.58973,-4.65067,6.99,HIP 28267,
90.89136,26.52913,6.99,HIP 28697,
95.23503,-29.67087,6.99,HIP 30174,
95.87311,-29.86076,6.99,HIP 30395,
102.31802,-28.97355,6.99,HIP 32697,
102.51049,-66.29341,6.99,HIP 32779,
103.69154,48.90509,6.99,HIP 33217,
103.90196,-33.80684,6.99,HIP 33298,
105.21664,-19.44441,6.99,HIP 33781,
105.89405,2.43731,6.99,HIP 34026,
105.99589,47.04996,6.99,HIP 34070,
106.06276,75.41127,6.99,HIP 34101,
107.09104,16.13500,6.99,HIP 34437,
108.45901,28.49404,6.99,HIP 34943,
109.63376,-32.34683,6.99,HIP 35385,
110.02002,-20.70409,6.99,HIP 35544,
111.48840,-2.24847,6.99,HIP 36071,
111.84978,39.31506,6.99,HIP 36207,
112.54306,38.16947,6.99,HIP 36463,
116.36403,-37.59628,6.99,HIP 37838,
118.75248,-23.46537,6.99,HIP 38668,
118.81561,-52.90232,6.99,HIP 38690,
119.65698,-37.02052,6.99,HIP 38981,
123.26757,-34.57853,6.99,HIP 40233,
124.49732,6.23411,6.99,HIP 40658,
126.57319,-27.14499,6.99,HIP 41360,
128.50716,-25.09940,6.99,HIP 42029,
129.01029,24.05115,6.99,HIP 42184,
129.81017,-69.27392,6.99,HIP 42442,
131.00335,-38.77933,6.99,HIP 42857,
131.49276,-54.96039,6.99,HIP 43015,
131.91815,-38.99197,6.99,HIP 43176,
134.23289,-73.92192,6.99,HIP 43930,
134.32785,32.44514,6.99,HIP 43976,
135.67846,82.74487,6.99,HIP 44402,
137.25786,7.51319,6.99,HIP 44916,
138.46640,-61.27978,6.99,HIP 45296,
140.08754,-9.61018,6.99,HIP 45802,
140.28741,2.94101,6.99,HIP 45866,
141.67166,36.45745,6.99,HIP 46321,
142.05530,-7.72074,6.99,HIP 46435,
143.43270,-60.62770,6.99,HIP 46912,
144.57117,70.26611,6.99,HIP 47293,
148.99590,-39.55327,6.99,HIP 48703,
151.11606,-51.79838,6.99,HIP 49351,
151.20424,-28.18869,6.99,HIP 49375,
151.38649,-33.39220,6.99,HIP 49434,
151.88404,-22.48962,6.99,HIP 49610,
156.56517,-53.89146,6.99,HIP 51087,
160.06221,-47.16025,6.99,HIP 52230,
160.75431,-49.05704,6.99,HIP 52420,
170.94804,-36.08921,6.99,HIP 55629,
173.51569,-16.04592,6.99,HIP 56418,
175.29020,-17.70534,6.99,HIP 57003,
175.90258,-68.47872,6.99,HIP 57189,
178.01719,-49.40114,6.99,HIP 57861,
179.48454,-27.70704,6.99,HIP 58345,
180.96751,-53.49820,6.99,HIP 58820,
186.44336,-64.02209,6.99,Tupã,
186.74518,-52.70293,6.99,HIP 60744,
189.33141,79.21548,6.99,HIP 61597,
189.46593,4.28861,6.99,HIP 61628,
192.52146,-7.63220,6.99,HIP 62636,
193.66673,22.10793,6.99,HIP 63008,
204.50386,22.52733,6.99,HIP 66511,
206.85568,-6.70542,6.99,HIP 67289,
206.88144,37.89330,6.99,HIP 67300,
209.01990,28.67255,6.99,HIP 68055,
211.74271,-47.58920,6.99,HIP 68958,
216.93945,-44.33026,6.99,HIP 70716,
219.92064,-26.72368,6.99,HIP 71682,
221.05930,-69.67412,6.99,HIP 72048,
224.38900,-35.38399,6.99,HIP 73195,
225.07780,7.64828,6.99,HIP 73424,
225.31344,-67.98330,6.99,HIP 73494,
227.94111,-33.63887,6.99,HIP 74357,
233.74830,-17.13884,6.99,HIP 76287,
234.44106,71.15367,6.99,HIP 76530,
234.75610,-78.23518,6.99,HIP 76637,
236.20076,16.73736,6.99,HIP 77118,
240.52017,-36.74391,6.99,HIP 78541,
251.32920,-30.80674,6.99,HIP 82022,
253.61879,70.46401,6.99,HIP 82718,
255.13219,-57.29710,6.99,HIP 83229,
258.36339,38.98506,6.99,HIP 84259,
259.59997,-50.21105,6.99,HIP 84657,
262.30386,-31.53429,6.99,HIP 85569,
262.60377,-66.86997,6.99,HIP 85668,
263.29726,-58.55753,6.99,HIP 85895,
272.21853,1.99562,6.99,HIP 88898,
275.17572,-59.83988,6.99,HIP 89902,
275.20522,27.53033,6.99,HIP 89912,
275.31855,-30.94148,6.99,HIP 89960,
275.36571,25.05678,6.99,HIP 89975,
277.62150,-23.25064,6.99,23 Sgr,
277.63688,40.97577,6.99,HIP 90720,
281.65285,-8.11974,6.99,HIP 92126,
286.06552,43.88041,6.99,HIP 93656,
290.79200,-10.70321,6.99,HIP 95289,
292.55351,46.14780,6.99,HIP 95902,
293.96141,-2.45574,6.99,HIP 96392,
295.17099,31.40650,6.99,HIP 96804,
298.29381,-53.09263,6.99,HIP 97856,
298.41036,41.35578,6.99,HIP 97895,
299.71516,35.49776,6.99,HIP 98343,
301.35775,-34.66689,6.99,HIP 98951,
301.99505,77.82444,6.99,HIP 99169,
304.06188,-41.47853,6.99,HIP 99907,
304.34484,38.23567,6.99,HIP 100009,
310.56549,-44.88520,6.99,HIP 102181,
310.56999,57.38538,6.99,HIP 102183,
312.05383,-16.52133,6.99,HIP 102658,
312.89223,49.65432,6.99,HIP 102956,
315.87291,-2.32220,6.99,HIP 103932,
318.79538,51.28190,6.99,HIP 104919,
318.98825,25.43384,6.99,HIP 105000,
319.35540,8.23406,6.99,HIP 105104,
319.83256,38.80658,6.99,HIP 105264,
319.85445,58.32655,6.99,HIP 105275,
319.91400,9.52529,6.99,HIP 105295,
321.24899,27.41800,6.99,HIP 105738,
325.34526,21.94401,6.99,HIP 107084,
325.90269,38.30456,6.99,HIP 107268,
326.67538,-11.69784,6.99,50 Cap,
328.29973,71.98969,6.99,HIP 108034,
329.04999,33.36576,6.99,HIP 108278,
329.88222,10.57648,6.99,HIP 108566,
330.42915,41.53915,6.99,HIP 108745,
330.65529,33.37939,6.99,HIP 108812,
331.16313,-28.43500,6.99,HIP 108978,
331.38393,0.62758,6.99,HIP 109052,
331.87580,-68.02348,6.99,HIP 109214,
332.36201,-8.18573,6.99,HIP 109369,
338.81526,45.15340,6.99,HIP 111487,
341.40033,52.89031,6.99,HIP 112369,
343.14855,-19.03796,6.99,HIP 112958,
349.47378,30.45853,6.99,HIP 115029,
350.23314,-18.54344,6.99,HIP 115284,
352.19457,-5.38942,6.99,HIP 115892,
354.59229,58.65404,6.99,HIP 116650,
355.55949,44.75542,6.99,HIP 116940,
359.96374,11.67371,6.99,HIP 118318,
3.53760,26.25880,7.00,HIP 1133,
5.13743,45.50893,7.00,HIP 1642,
7.40040,62.06415,7.00,HIP 2320,
18.22079,32.07544,7.00,HIP 5671,
20.11606,-57.33852,7.00,HIP 6271,
33.23304,57.20450,7.00,HIP 10322,
35.39861,44.59997,7.00,HIP 10985,
35.84260,-6.19274,7.00,HIP 11139,
36.41709,61.54966,7.00,HIP 11318,
37.95906,38.12185,7.00,HIP 11765,
39.01074,6.43242,7.00,HIP 12113,
47.67840,-39.05155,7.00,HIP 14773,
47.95458,-29.16282,7.00,HIP 14851,
50.94717,48.60442,7.00,HIP 15819,
52.60987,10.45877,7.00,HIP 16325,
66.72172,-18.65615,7.00,HIP 20761,
67.02224,8.15480,7.00,HIP 20852,
68.64557,-72.73371,7.00,HIP 21315,
69.47640,7.31762,7.00,HIP 21575,
72.08115,67.76330,7.00,HIP 22312,
76.85946,-8.65315,7.00,HIP 23834,
77.94354,4.40354,7.00,HIP 24205,
79.95434,2.51361,7.00,HIP 24864,
80.00298,32.78560,7.00,HIP 24877,
83.60309,-52.62897,7.00,HIP 26140,
85.01661,-1.42547,7.00,HIP 26668,
85.39635,-15.33756,7.00,HIP 26808,
90.78840,53.54142,7.00,HIP 28664,
93.24276,7.27770,7.00,HIP 29502,
96.11701,13.01504,7.00,HIP 30483,
100.37427,6.11083,7.00,HIP 32034,
101.80458,22.19447,7.00,HIP 32523,
101.87015,-76.85147,7.00,HIP 32548,
101.94814,0.34019,7.00,HIP 32572,
108.84998,-42.08801,7.00,HIP 35090,
110.36866,-28.19120,7.00,HIP 35660,
112.30354,11.58126,7.00,HIP 36374,
112.90049,62.50183,7.00,HIP 36595,
113.84990,28.62767,7.00,HIP 36919,
114.38520,60.53862,7.00,HIP 37111,
115.50494,-32.07966,7.00,HIP 37519,
118.49459,-26.34881,7.00,HIP 38580,
118.89905,-15.57880,7.00,HIP 38718,
124.39253,-58.69747,7.00,HIP 40621,
124.93932,-37.41774,7.00,HIP 40811,
127.56537,-51.13497,7.00,HIP 41703,
127.90290,-45.78478,7.00,HIP 41823,
130.38538,-73.61460,7.00,HIP 42649,
132.80797,-38.63309,7.00,HIP 43466,
138.47718,2.86284,7.00,HIP 45299,
141.64691,-33.89740,7.00,HIP 46305,
142.86879,-12.06239,7.00,HIP 46725,
143.85265,-22.68598,7.00,HIP 47056,
146.77131,-10.52300,7.00,HIP 48001,
147.20869,60.09690,7.00,HIP 48140,
153.23901,-65.16648,7.00,HIP 50038,
153.95225,-50.17778,7.00,HIP 50263,
154.80057,72.43712,7.00,HIP 50526,
156.31749,-58.87246,7.00,HIP 51011,
156.44337,-54.98870,7.00,HIP 51049,
156.57698,-6.42722,7.00,HIP 51090,
159.42528,-35.72003,7.00,HIP 52022,
161.46639,72.28795,7.00,HIP 52639,
161.61366,-42.64343,7.00,HIP 52694,
162.01065,41.10995,7.00,HIP 52823,
162.90524,-21.25009,7.00,HIP 53085,
176.35424,-40.51650,7.00,HIP 57340,
177.83854,-43.07970,7.00,HIP 57817,
178.44828,33.61527,7.00,HIP 57998,
180.89827,69.01996,7.00,HIP 58798,
184.99235,-41.35969,7.00,HIP 60138,
194.00620,-31.48209,7.00,HIP 63123,
196.83209,0.58496,7.00,HIP 64030,
203.13655,-69.23169,7.00,HIP 66057,
204.70983,-33.11128,7.00,HIP 66577,
207.53375,42.55727,7.00,HIP 67529,
209.45248,-49.01903,7.00,HIP 68207,
211.05123,-41.81258,7.00,HIP 68736,
214.26593,54.54286,7.00,HIP 69793,
214.44266,51.85789,7.00,HIP 69856,
224.30229,-42.13748,7.00,HIP 73168,
227.42112,-35.86584,7.00,HIP 74196,
230.53661,-32.18963,7.00,HIP 75207,
232.05527,-37.35858,7.00,HIP 75727,
236.90876,-9.48044,7.00,HIP 77372,
237.17718,83.61966,7.00,HIP 77448,
237.88377,-32.68607,7.00,HIP 77679,
238.15016,-67.63960,7.00,HIP 77755,
242.14287,-39.10509,7.00,HR 5999,
243.96133,36.55448,7.00,HIP 79691,
245.47738,-55.55162,7.00,HIP 80167,
246.31602,19.23973,7.00,HIP 80444,
246.99627,-46.25083,7.00,HIP 80652,
257.02342,-41.61475,7.00,HIP 83845,
257.42120,10.03869,7.00,HIP 83953,
260.55957,-75.34815,7.00,HIP 84988,
263.54407,-45.00637,7.00,HIP 85967,
264.13907,13.25922,7.00,HIP 86172,
264.47715,-59.43294,7.00,HIP 86290,
265.30754,41.65494,7.00,HIP 86550,
268.01070,24.30446,7.00,HIP 87440,
269.66887,35.63189,7.00,HIP 88017,
269.73856,-22.51755,7.00,HIP 88040,
273.42025,-41.12683,7.00,HIP 89335,
274.57487,46.40706,7.00,HIP 89694,
280.08760,-58.77990,7.00,HIP 91565,
282.34992,33.70090,7.00,HIP 92359,
283.03671,-44.53644,7.00,HIP 92603,
286.22130,15.73599,7.00,HIP 93708,
286.23490,-4.04087,7.00,HIP 93716,
289.54560,-18.86381,7.00,HIP 94859,
290.94910,39.59045,7.00,HIP 95342,
293.00755,20.92943,7.00,HIP 96075,
293.52471,-56.10013,7.00,HIP 96231,
294.15648,48.51628,7.00,HIP 96457,
298.77153,30.68759,7.00,HIP 98011,
300.14958,-28.58644,7.00,HIP 98496,
300.54301,10.73895,7.00,HIP 98641,
300.78787,41.47446,7.00,HIP 98728,
303.72265,3.40687,7.00,HIP 99798,
305.83006,-0.45231,7.00,HIP 100550,
307.01622,33.88794,7.00,HIP 100949,
308.45572,-29.29261,7.00,HIP 101469,
309.20443,-69.45067,7.00,HIP 101699,
311.99827,39.28770,7.00,HIP 102648,
312.23532,-68.79125,7.00,HIP 102725,
313.78803,46.35016,7.00,HIP 103263,
314.86775,40.96024,7.00,HIP 103603,
318.50743,-22.21212,7.00,HIP 104810,
329.32360,61.29531,7.00,HIP 108372,
333.70006,24.31496,7.00,HIP 109842,
336.06793,-21.59713,7.00,HIP 110590,
338.29677,-60.43293,7.00,HIP 111322,
341.35200,44.75243,7.00,HIP 112351,
342.40087,66.55387,7.00,HIP 112717,
342.41619,80.36773,7.00,HIP 112721,
345.60487,59.85268,7.00,HIP 113772,
347.79375,-63.18998,7.00,HIP 114485,
347.99820,-11.93357,7.00,HIP 114536,
348.24423,-9.57047,7.00,HIP 114600,
